[15:06:55] INFO - Device: cuda
[15:06:55] INFO - Splits: ['val', 'test'] (merged into one dataset)
[15:06:55] INFO - Mislabel threshold (largest CC ratio): 0.5
[15:06:55] INFO - Checkpoint: D:\aio2_results_2\corn_dataset\corn_checkpoints\unet_ns_ns_seg\tdobj\mcr_1_seed_42\checkpoints\checkpoint_correct_mcr_1_epoch_50.pth
[15:06:55] INFO - Prediction tif save dir: D:\aio2_results_2\corn_dataset\inference_results\pred_masks_epoch50_correct
[15:06:55] INFO - Loading checkpoint: D:\aio2_results_2\corn_dataset\corn_checkpoints\unet_ns_ns_seg\tdobj\mcr_1_seed_42\checkpoints\checkpoint_correct_mcr_1_epoch_50.pth
[15:06:55] INFO - Using model key: model_state_dict_mep
[15:06:55] INFO - Available model keys in checkpoint: ['model_state_dict', 'model_state_dict_mit', 'optimizer_state_dict', 'model_state_dict_mep']
[15:06:56] INFO - Model loaded successfully. Checkpoint epoch: 50
[15:06:56] INFO -   val dataset size: 3215 images
[15:06:56] INFO -   test dataset size: 3216 images
[15:06:56] INFO - Total images: 6431, batches: 101
[15:07:03] INFO - Image size: 256x256 = 65536 pixels/image
[15:07:03] DEBUG - 94171006_240406a_16~4819_hr4_1011.tif | pred_pos=0 | gt_pos=0 | diff=0 (0.000) | lcc=0.000 | flagged=0
[15:07:03] DEBUG - 94171006_240406a_16~4819_hr4_1683.tif | pred_pos=0 | gt_pos=0 | diff=0 (0.000) | lcc=0.000 | flagged=0
[15:07:03] DEBUG - 94171006_240406a_16~4819_hr4_170.tif | pred_pos=0 | gt_pos=1643 | diff=1643 (0.025) | lcc=0.025 | flagged=0
[15:07:03] DEBUG - 94171006_240406a_16~4819_hr4_1980.tif | pred_pos=0 | gt_pos=0 | diff=0 (0.000) | lcc=0.000 | flagged=0
[15:07:03] DEBUG - 94171006_240406a_16~4819_hr4_2310.tif | pred_pos=0 | gt_pos=0 | diff=0 (0.000) | lcc=0.000 | flagged=0
[15:07:03] DEBUG - 94171006_240406a_16~4819_hr4_2816.tif | pred_pos=0 | gt_pos=0 | diff=0 (0.000) | lcc=0.000 | flagged=0
[15:07:03] DEBUG - 94171006_240406a_16~4819_hr4_3388.tif | pred_pos=0 | gt_pos=0 | diff=0 (0.000) | lcc=0.000 | flagged=0
[15:07:03] DEBUG - 94171006_240406a_16~4819_hr4_3886.tif | pred_pos=0 | gt_pos=0 | diff=0 (0.000) | lcc=0.000 | flagged=0
[15:07:03] DEBUG - 94171006_240406a_16~4819_hr4_4498.tif | pred_pos=0 | gt_pos=0 | diff=0 (0.000) | lcc=0.000 | flagged=0
[15:07:03] DEBUG - 94171006_240406a_16~4819_hr4_4921.tif | pred_pos=0 | gt_pos=0 | diff=0 (0.000) | lcc=0.000 | flagged=0
[15:07:03] DEBUG - 94171006_240406a_16~4819_hr4_5620.tif | pred_pos=0 | gt_pos=0 | diff=0 (0.000) | lcc=0.000 | flagged=0
[15:07:03] DEBUG - 94171008_240403a_18~9394_hr4_1001.tif | pred_pos=0 | gt_pos=0 | diff=0 (0.000) | lcc=0.000 | flagged=0
[15:07:03] DEBUG - 94171008_240403a_18~9394_hr4_1219.tif | pred_pos=0 | gt_pos=0 | diff=0 (0.000) | lcc=0.000 | flagged=0
[15:07:03] DEBUG - 94171008_240403a_18~9394_hr4_1627.tif | pred_pos=0 | gt_pos=0 | diff=0 (0.000) | lcc=0.000 | flagged=0
[15:07:03] DEBUG - 94171008_240403a_18~9394_hr4_1740.tif | pred_pos=0 | gt_pos=0 | diff=0 (0.000) | lcc=0.000 | flagged=0
[15:07:03] DEBUG - 94171008_240403a_18~9394_hr4_2038.tif | pred_pos=0 | gt_pos=6260 | diff=6260 (0.096) | lcc=0.096 | flagged=0
[15:07:03] DEBUG - 94171008_240403a_18~9394_hr4_2039.tif | pred_pos=0 | gt_pos=7030 | diff=7030 (0.107) | lcc=0.107 | flagged=0
[15:07:03] DEBUG - 94171008_240403a_18~9394_hr4_3530.tif | pred_pos=0 | gt_pos=0 | diff=0 (0.000) | lcc=0.000 | flagged=0
[15:07:03] DEBUG - 94171008_240403a_18~9394_hr4_3542.tif | pred_pos=0 | gt_pos=0 | diff=0 (0.000) | lcc=0.000 | flagged=0
[15:07:03] DEBUG - 94171008_240403a_18~9394_hr4_4041.tif | pred_pos=0 | gt_pos=0 | diff=0 (0.000) | lcc=0.000 | flagged=0
[15:07:03] DEBUG - 94171008_240403a_18~9394_hr4_4132.tif | pred_pos=0 | gt_pos=0 | diff=0 (0.000) | lcc=0.000 | flagged=0
[15:07:03] DEBUG - 94171008_240403a_18~9394_hr4_4212.tif | pred_pos=0 | gt_pos=0 | diff=0 (0.000) | lcc=0.000 | flagged=0
[15:07:03] DEBUG - 94171008_240403a_18~9394_hr4_4715.tif | pred_pos=0 | gt_pos=0 | diff=0 (0.000) | lcc=0.000 | flagged=0
[15:07:03] DEBUG - 94171008_240403a_18~9394_hr4_498.tif | pred_pos=0 | gt_pos=0 | diff=0 (0.000) | lcc=0.000 | flagged=0
[15:07:03] DEBUG - 94171008_240403a_18~9394_hr4_5395.tif | pred_pos=0 | gt_pos=0 | diff=0 (0.000) | lcc=0.000 | flagged=0
[15:07:03] DEBUG - 94171008_240403a_18~9394_hr4_5470.tif | pred_pos=0 | gt_pos=0 | diff=0 (0.000) | lcc=0.000 | flagged=0
[15:07:03] DEBUG - 94171008_240403a_18~9394_hr4_639.tif | pred_pos=0 | gt_pos=0 | diff=0 (0.000) | lcc=0.000 | flagged=0
[15:07:03] DEBUG - 94182047_240404a_17~9085_hr4_1167.tif | pred_pos=0 | gt_pos=0 | diff=0 (0.000) | lcc=0.000 | flagged=0
[15:07:03] DEBUG - 94182047_240404a_17~9085_hr4_1337.tif | pred_pos=0 | gt_pos=0 | diff=0 (0.000) | lcc=0.000 | flagged=0
[15:07:03] DEBUG - 94182047_240404a_17~9085_hr4_1567.tif | pred_pos=0 | gt_pos=0 | diff=0 (0.000) | lcc=0.000 | flagged=0
[15:07:03] DEBUG - 94182047_240404a_17~9085_hr4_1676.tif | pred_pos=0 | gt_pos=14197 | diff=14197 (0.217) | lcc=0.217 | flagged=0
[15:07:03] DEBUG - 94182047_240404a_17~9085_hr4_193.tif | pred_pos=0 | gt_pos=0 | diff=0 (0.000) | lcc=0.000 | flagged=0
[15:07:03] DEBUG - 94182047_240404a_17~9085_hr4_2731.tif | pred_pos=0 | gt_pos=0 | diff=0 (0.000) | lcc=0.000 | flagged=0
[15:07:03] DEBUG - 94182047_240404a_17~9085_hr4_3569.tif | pred_pos=0 | gt_pos=0 | diff=0 (0.000) | lcc=0.000 | flagged=0
[15:07:03] DEBUG - 94182047_240404a_17~9085_hr4_3659.tif | pred_pos=0 | gt_pos=0 | diff=0 (0.000) | lcc=0.000 | flagged=0
[15:07:03] DEBUG - 94182047_240404a_17~9085_hr4_3677.tif | pred_pos=0 | gt_pos=0 | diff=0 (0.000) | lcc=0.000 | flagged=0
[15:07:03] DEBUG - 94182047_240404a_17~9085_hr4_3792.tif | pred_pos=0 | gt_pos=0 | diff=0 (0.000) | lcc=0.000 | flagged=0
[15:07:03] DEBUG - 94182047_240404a_17~9085_hr4_4208.tif | pred_pos=0 | gt_pos=0 | diff=0 (0.000) | lcc=0.000 | flagged=0
[15:07:03] DEBUG - 94182047_240404a_17~9085_hr4_4286.tif | pred_pos=0 | gt_pos=0 | diff=0 (0.000) | lcc=0.000 | flagged=0
[15:07:03] DEBUG - 94182047_240404a_17~9085_hr4_4409.tif | pred_pos=0 | gt_pos=64 | diff=64 (0.001) | lcc=0.001 | flagged=0
[15:07:03] DEBUG - 94182047_240404a_17~9085_hr4_4487.tif | pred_pos=0 | gt_pos=11767 | diff=11767 (0.180) | lcc=0.180 | flagged=0
[15:07:03] DEBUG - 94182047_240404a_17~9085_hr4_4489.tif | pred_pos=0 | gt_pos=42282 | diff=42282 (0.645) | lcc=0.645 | flagged=1
[15:07:03] DEBUG - 94182047_240404a_17~9085_hr4_4531.tif | pred_pos=0 | gt_pos=45 | diff=45 (0.001) | lcc=0.001 | flagged=0
[15:07:03] DEBUG - 94182047_240404a_17~9085_hr4_4607.tif | pred_pos=0 | gt_pos=8649 | diff=8649 (0.132) | lcc=0.132 | flagged=0
[15:07:03] DEBUG - 94182047_240404a_17~9085_hr4_4636.tif | pred_pos=0 | gt_pos=34245 | diff=34245 (0.523) | lcc=0.523 | flagged=1
[15:07:03] DEBUG - 94182047_240404a_17~9085_hr4_4637.tif | pred_pos=0 | gt_pos=23433 | diff=23433 (0.358) | lcc=0.358 | flagged=0
[15:07:03] DEBUG - 94182047_240404a_17~9085_hr4_4688.tif | pred_pos=0 | gt_pos=0 | diff=0 (0.000) | lcc=0.000 | flagged=0
[15:07:03] DEBUG - 94182047_240404a_17~9085_hr4_5144.tif | pred_pos=0 | gt_pos=0 | diff=0 (0.000) | lcc=0.000 | flagged=0
[15:07:03] DEBUG - 94182047_240404a_17~9085_hr4_5246.tif | pred_pos=0 | gt_pos=65322 | diff=65322 (0.997) | lcc=0.997 | flagged=1
[15:07:03] DEBUG - 94182047_240404a_17~9085_hr4_846.tif | pred_pos=0 | gt_pos=0 | diff=0 (0.000) | lcc=0.000 | flagged=0
[15:07:03] DEBUG - 94182047_240404a_17~9085_hr4_992.tif | pred_pos=0 | gt_pos=0 | diff=0 (0.000) | lcc=0.000 | flagged=0
[15:07:03] DEBUG - 94182067_240404a_17~9093_hr4_1613.tif | pred_pos=0 | gt_pos=0 | diff=0 (0.000) | lcc=0.000 | flagged=0
[15:07:03] DEBUG - 94182067_240404a_17~9093_hr4_1631.tif | pred_pos=0 | gt_pos=0 | diff=0 (0.000) | lcc=0.000 | flagged=0
[15:07:03] DEBUG - 94182067_240404a_17~9093_hr4_1707.tif | pred_pos=0 | gt_pos=0 | diff=0 (0.000) | lcc=0.000 | flagged=0
[15:07:03] DEBUG - 94182067_240404a_17~9093_hr4_2545.tif | pred_pos=0 | gt_pos=0 | diff=0 (0.000) | lcc=0.000 | flagged=0
[15:07:03] DEBUG - 94182067_240404a_17~9093_hr4_2579.tif | pred_pos=0 | gt_pos=0 | diff=0 (0.000) | lcc=0.000 | flagged=0
[15:07:03] DEBUG - 94182067_240404a_17~9093_hr4_3207.tif | pred_pos=0 | gt_pos=45737 | diff=45737 (0.698) | lcc=0.475 | flagged=0
[15:07:03] DEBUG - 94182067_240404a_17~9093_hr4_3209.tif | pred_pos=0 | gt_pos=3902 | diff=3902 (0.060) | lcc=0.038 | flagged=0
[15:07:03] DEBUG - 94182067_240404a_17~9093_hr4_3530.tif | pred_pos=0 | gt_pos=0 | diff=0 (0.000) | lcc=0.000 | flagged=0
[15:07:03] DEBUG - 94182067_240404a_17~9093_hr4_4201.tif | pred_pos=0 | gt_pos=0 | diff=0 (0.000) | lcc=0.000 | flagged=0
[15:07:03] DEBUG - 94182067_240404a_17~9093_hr4_4389.tif | pred_pos=0 | gt_pos=0 | diff=0 (0.000) | lcc=0.000 | flagged=0
[15:07:03] DEBUG - 94182067_240404a_17~9093_hr4_5817.tif | pred_pos=0 | gt_pos=0 | diff=0 (0.000) | lcc=0.000 | flagged=0
[15:07:03] DEBUG - 94182077_240404a_17~9097_hr4c_1087.tif | pred_pos=0 | gt_pos=0 | diff=0 (0.000) | lcc=0.000 | flagged=0
[15:07:03] DEBUG - 94182077_240404a_17~9097_hr4c_1352.tif | pred_pos=0 | gt_pos=0 | diff=0 (0.000) | lcc=0.000 | flagged=0
[15:07:07] DEBUG - 94182077_240404a_17~9097_hr4c_1447.tif | pred_pos=0 | gt_pos=0 | diff=0 (0.000) | lcc=0.000 | flagged=0
[15:07:07] DEBUG - 94182077_240404a_17~9097_hr4c_169.tif | pred_pos=0 | gt_pos=0 | diff=0 (0.000) | lcc=0.000 | flagged=0
[15:07:07] DEBUG - 94182077_240404a_17~9097_hr4c_3629.tif | pred_pos=0 | gt_pos=0 | diff=0 (0.000) | lcc=0.000 | flagged=0
[15:07:07] DEBUG - 94182077_240404a_17~9097_hr4c_3720.tif | pred_pos=0 | gt_pos=0 | diff=0 (0.000) | lcc=0.000 | flagged=0
[15:07:07] DEBUG - 94182077_240404a_17~9097_hr4c_5014.tif | pred_pos=0 | gt_pos=0 | diff=0 (0.000) | lcc=0.000 | flagged=0
[15:07:07] DEBUG - 94182077_240404a_17~9097_hr4c_5157.tif | pred_pos=0 | gt_pos=0 | diff=0 (0.000) | lcc=0.000 | flagged=0
[15:07:07] DEBUG - 94182077_240404a_17~9097_hr4c_535.tif | pred_pos=0 | gt_pos=19723 | diff=19723 (0.301) | lcc=0.301 | flagged=0
[15:07:07] DEBUG - 94182077_240404a_17~9097_hr4c_775.tif | pred_pos=0 | gt_pos=0 | diff=0 (0.000) | lcc=0.000 | flagged=0
[15:07:07] DEBUG - 94182078_240403a_18~9382_hr4_1754.tif | pred_pos=0 | gt_pos=0 | diff=0 (0.000) | lcc=0.000 | flagged=0
[15:07:07] DEBUG - 94182078_240403a_18~9382_hr4_2795.tif | pred_pos=0 | gt_pos=0 | diff=0 (0.000) | lcc=0.000 | flagged=0
[15:07:07] DEBUG - 94182078_240403a_18~9382_hr4_3230.tif | pred_pos=0 | gt_pos=0 | diff=0 (0.000) | lcc=0.000 | flagged=0
[15:07:07] DEBUG - 94182078_240403a_18~9382_hr4_3430.tif | pred_pos=0 | gt_pos=0 | diff=0 (0.000) | lcc=0.000 | flagged=0
[15:07:07] DEBUG - 94182078_240403a_18~9382_hr4_3934.tif | pred_pos=0 | gt_pos=0 | diff=0 (0.000) | lcc=0.000 | flagged=0
[15:07:07] DEBUG - 94182078_240403a_18~9382_hr4_4651.tif | pred_pos=0 | gt_pos=0 | diff=0 (0.000) | lcc=0.000 | flagged=0
[15:07:07] DEBUG - 94182078_240403a_18~9382_hr4_4990.tif | pred_pos=0 | gt_pos=0 | diff=0 (0.000) | lcc=0.000 | flagged=0
[15:07:07] DEBUG - 94182078_240403a_18~9382_hr4_5745.tif | pred_pos=0 | gt_pos=0 | diff=0 (0.000) | lcc=0.000 | flagged=0
[15:07:07] DEBUG - 94182078_240403a_18~9382_hr4_834.tif | pred_pos=0 | gt_pos=0 | diff=0 (0.000) | lcc=0.000 | flagged=0
[15:07:07] DEBUG - 94182079_240403a_19~9688_hr4_1631.tif | pred_pos=0 | gt_pos=0 | diff=0 (0.000) | lcc=0.000 | flagged=0
[15:07:07] DEBUG - 94182079_240403a_19~9688_hr4_2449.tif | pred_pos=0 | gt_pos=0 | diff=0 (0.000) | lcc=0.000 | flagged=0
[15:07:07] DEBUG - 94182079_240403a_19~9688_hr4_2623.tif | pred_pos=0 | gt_pos=0 | diff=0 (0.000) | lcc=0.000 | flagged=0
[15:07:07] DEBUG - 94182079_240403a_19~9688_hr4_2681.tif | pred_pos=0 | gt_pos=0 | diff=0 (0.000) | lcc=0.000 | flagged=0
[15:07:07] DEBUG - 94182079_240403a_19~9688_hr4_2984.tif | pred_pos=0 | gt_pos=0 | diff=0 (0.000) | lcc=0.000 | flagged=0
[15:07:07] DEBUG - 94182079_240403a_19~9688_hr4_3191.tif | pred_pos=0 | gt_pos=0 | diff=0 (0.000) | lcc=0.000 | flagged=0
[15:07:07] DEBUG - 94182079_240403a_19~9688_hr4_4409.tif | pred_pos=0 | gt_pos=0 | diff=0 (0.000) | lcc=0.000 | flagged=0
[15:07:07] DEBUG - 94182079_240403a_19~9688_hr4_5050.tif | pred_pos=0 | gt_pos=0 | diff=0 (0.000) | lcc=0.000 | flagged=0
[15:07:07] DEBUG - 94182079_240403a_19~9688_hr4_5127.tif | pred_pos=0 | gt_pos=0 | diff=0 (0.000) | lcc=0.000 | flagged=0
[15:07:07] DEBUG - 94182079_240403a_19~9688_hr4_5273.tif | pred_pos=0 | gt_pos=0 | diff=0 (0.000) | lcc=0.000 | flagged=0
[15:07:07] DEBUG - 94182079_240403a_19~9688_hr4_5818.tif | pred_pos=0 | gt_pos=10360 | diff=10360 (0.158) | lcc=0.158 | flagged=0
[15:07:07] DEBUG - 94182079_240403a_19~9688_hr4_784.tif | pred_pos=0 | gt_pos=0 | diff=0 (0.000) | lcc=0.000 | flagged=0
[15:07:07] DEBUG - 94182086_240406a_16~4811_hr4c_1369.tif | pred_pos=0 | gt_pos=0 | diff=0 (0.000) | lcc=0.000 | flagged=0
[15:07:07] DEBUG - 94182086_240406a_16~4811_hr4c_1716.tif | pred_pos=0 | gt_pos=0 | diff=0 (0.000) | lcc=0.000 | flagged=0
[15:07:07] DEBUG - 94182086_240406a_16~4811_hr4c_1967.tif | pred_pos=0 | gt_pos=0 | diff=0 (0.000) | lcc=0.000 | flagged=0
[15:07:07] DEBUG - 94182086_240406a_16~4811_hr4c_2296.tif | pred_pos=0 | gt_pos=0 | diff=0 (0.000) | lcc=0.000 | flagged=0
[15:07:07] DEBUG - 94182086_240406a_16~4811_hr4c_2593.tif | pred_pos=0 | gt_pos=0 | diff=0 (0.000) | lcc=0.000 | flagged=0
[15:07:07] DEBUG - 94182086_240406a_16~4811_hr4c_2978.tif | pred_pos=0 | gt_pos=0 | diff=0 (0.000) | lcc=0.000 | flagged=0
[15:07:07] DEBUG - 94182086_240406a_16~4811_hr4c_3830.tif | pred_pos=0 | gt_pos=2368 | diff=2368 (0.036) | lcc=0.036 | flagged=0
[15:07:07] DEBUG - 94182086_240406a_16~4811_hr4c_3844.tif | pred_pos=0 | gt_pos=4398 | diff=4398 (0.067) | lcc=0.067 | flagged=0
[15:07:07] DEBUG - 94182086_240406a_16~4811_hr4c_4061.tif | pred_pos=0 | gt_pos=17207 | diff=17207 (0.263) | lcc=0.263 | flagged=0
[15:07:07] DEBUG - 94182086_240406a_16~4811_hr4c_4062.tif | pred_pos=0 | gt_pos=14503 | diff=14503 (0.221) | lcc=0.221 | flagged=0
[15:07:07] DEBUG - 94182086_240406a_16~4811_hr4c_4217.tif | pred_pos=0 | gt_pos=12688 | diff=12688 (0.194) | lcc=0.194 | flagged=0
[15:07:07] DEBUG - 94182086_240406a_16~4811_hr4c_4862.tif | pred_pos=0 | gt_pos=3672 | diff=3672 (0.056) | lcc=0.056 | flagged=0
[15:07:07] DEBUG - 94182086_240406a_16~4811_hr4c_4944.tif | pred_pos=0 | gt_pos=7489 | diff=7489 (0.114) | lcc=0.114 | flagged=0
[15:07:07] DEBUG - 94182086_240406a_16~4811_hr4c_5510.tif | pred_pos=0 | gt_pos=0 | diff=0 (0.000) | lcc=0.000 | flagged=0
[15:07:07] DEBUG - 94182086_240406a_16~4811_hr4c_5617.tif | pred_pos=0 | gt_pos=0 | diff=0 (0.000) | lcc=0.000 | flagged=0
[15:07:07] DEBUG - 94182086_240406a_16~4811_hr4c_5727.tif | pred_pos=0 | gt_pos=0 | diff=0 (0.000) | lcc=0.000 | flagged=0
[15:07:07] DEBUG - 94182086_240406a_16~4811_hr4c_71.tif | pred_pos=0 | gt_pos=0 | diff=0 (0.000) | lcc=0.000 | flagged=0
[15:07:07] DEBUG - 94182086_240406a_16~4811_hr4c_760.tif | pred_pos=0 | gt_pos=0 | diff=0 (0.000) | lcc=0.000 | flagged=0
[15:07:07] DEBUG - 94182086_240406a_16~4811_hr4c_788.tif | pred_pos=0 | gt_pos=0 | diff=0 (0.000) | lcc=0.000 | flagged=0
[15:07:07] DEBUG - 94182086_240406a_16~4811_hr4c_96.tif | pred_pos=0 | gt_pos=0 | diff=0 (0.000) | lcc=0.000 | flagged=0
[15:07:07] DEBUG - 94182086_240406a_16~4811_hr4c_980.tif | pred_pos=0 | gt_pos=0 | diff=0 (0.000) | lcc=0.000 | flagged=0
[15:07:07] DEBUG - 94182087_240404a_17~9101_hr4_2217.tif | pred_pos=0 | gt_pos=0 | diff=0 (0.000) | lcc=0.000 | flagged=0
[15:07:07] DEBUG - 94182087_240404a_17~9101_hr4_3556.tif | pred_pos=0 | gt_pos=8277 | diff=8277 (0.126) | lcc=0.126 | flagged=0
[15:07:07] DEBUG - 94182087_240404a_17~9101_hr4_3581.tif | pred_pos=0 | gt_pos=0 | diff=0 (0.000) | lcc=0.000 | flagged=0
[15:07:07] DEBUG - 94182087_240404a_17~9101_hr4_3710.tif | pred_pos=0 | gt_pos=32843 | diff=32843 (0.501) | lcc=0.451 | flagged=0
[15:07:07] DEBUG - 94182087_240404a_17~9101_hr4_4020.tif | pred_pos=0 | gt_pos=25211 | diff=25211 (0.385) | lcc=0.385 | flagged=0
[15:07:07] DEBUG - 94182087_240404a_17~9101_hr4_4714.tif | pred_pos=0 | gt_pos=0 | diff=0 (0.000) | lcc=0.000 | flagged=0
[15:07:07] DEBUG - 94182087_240404a_17~9101_hr4_5087.tif | pred_pos=0 | gt_pos=0 | diff=0 (0.000) | lcc=0.000 | flagged=0
[15:07:07] DEBUG - 94182087_240404a_17~9101_hr4_5537.tif | pred_pos=0 | gt_pos=0 | diff=0 (0.000) | lcc=0.000 | flagged=0
[15:07:07] DEBUG - 94182087_240404a_17~9101_hr4_5703.tif | pred_pos=0 | gt_pos=0 | diff=0 (0.000) | lcc=0.000 | flagged=0
[15:07:07] DEBUG - 94182087_240404a_17~9101_hr4_5705.tif | pred_pos=0 | gt_pos=11380 | diff=11380 (0.174) | lcc=0.174 | flagged=0
[15:07:07] DEBUG - 94182087_240404a_17~9101_hr4_907.tif | pred_pos=0 | gt_pos=0 | diff=0 (0.000) | lcc=0.000 | flagged=0
[15:07:07] DEBUG - 94182088_240403a_18~9386_hr4_1259.tif | pred_pos=0 | gt_pos=0 | diff=0 (0.000) | lcc=0.000 | flagged=0
[15:07:07] DEBUG - 94182088_240403a_18~9386_hr4_1304.tif | pred_pos=0 | gt_pos=36608 | diff=36608 (0.559) | lcc=0.559 | flagged=1
[15:07:07] DEBUG - 94182088_240403a_18~9386_hr4_1377.tif | pred_pos=0 | gt_pos=5844 | diff=5844 (0.089) | lcc=0.089 | flagged=0
[15:07:08] DEBUG - 94182088_240403a_18~9386_hr4_1392.tif | pred_pos=0 | gt_pos=0 | diff=0 (0.000) | lcc=0.000 | flagged=0
[15:07:08] DEBUG - 94182088_240403a_18~9386_hr4_1812.tif | pred_pos=0 | gt_pos=0 | diff=0 (0.000) | lcc=0.000 | flagged=0
[15:07:08] DEBUG - 94182088_240403a_18~9386_hr4_1925.tif | pred_pos=0 | gt_pos=0 | diff=0 (0.000) | lcc=0.000 | flagged=0
[15:07:08] DEBUG - 94182088_240403a_18~9386_hr4_3373.tif | pred_pos=0 | gt_pos=3251 | diff=3251 (0.050) | lcc=0.050 | flagged=0
[15:07:08] DEBUG - 94182088_240403a_18~9386_hr4_3448.tif | pred_pos=0 | gt_pos=32417 | diff=32417 (0.495) | lcc=0.495 | flagged=0
[15:07:08] DEBUG - 94182088_240403a_18~9386_hr4_3508.tif | pred_pos=0 | gt_pos=0 | diff=0 (0.000) | lcc=0.000 | flagged=0
[15:07:08] DEBUG - 94182088_240403a_18~9386_hr4_3522.tif | pred_pos=0 | gt_pos=31314 | diff=31314 (0.478) | lcc=0.478 | flagged=0
[15:07:08] DEBUG - 94182088_240403a_18~9386_hr4_3596.tif | pred_pos=0 | gt_pos=18557 | diff=18557 (0.283) | lcc=0.283 | flagged=0
[15:07:08] DEBUG - 94182088_240403a_18~9386_hr4_3661.tif | pred_pos=0 | gt_pos=0 | diff=0 (0.000) | lcc=0.000 | flagged=0
[15:07:08] DEBUG - 94182088_240403a_18~9386_hr4_4276.tif | pred_pos=0 | gt_pos=0 | diff=0 (0.000) | lcc=0.000 | flagged=0
[15:07:08] DEBUG - 94182088_240403a_18~9386_hr4_4312.tif | pred_pos=0 | gt_pos=0 | diff=0 (0.000) | lcc=0.000 | flagged=0
[15:07:08] DEBUG - 94182088_240403a_18~9386_hr4_4609.tif | pred_pos=0 | gt_pos=0 | diff=0 (0.000) | lcc=0.000 | flagged=0
[15:07:08] DEBUG - 94182088_240403a_18~9386_hr4_4773.tif | pred_pos=0 | gt_pos=7877 | diff=7877 (0.120) | lcc=0.120 | flagged=0
[15:07:08] DEBUG - 94182089_240403a_19~9692_hr4_1153.tif | pred_pos=0 | gt_pos=0 | diff=0 (0.000) | lcc=0.000 | flagged=0
[15:07:08] DEBUG - 94182089_240403a_19~9692_hr4_146.tif | pred_pos=0 | gt_pos=0 | diff=0 (0.000) | lcc=0.000 | flagged=0
[15:07:08] DEBUG - 94182089_240403a_19~9692_hr4_1580.tif | pred_pos=0 | gt_pos=0 | diff=0 (0.000) | lcc=0.000 | flagged=0
[15:07:08] DEBUG - 94182089_240403a_19~9692_hr4_1878.tif | pred_pos=0 | gt_pos=0 | diff=0 (0.000) | lcc=0.000 | flagged=0
[15:07:08] DEBUG - 94182089_240403a_19~9692_hr4_2450.tif | pred_pos=0 | gt_pos=0 | diff=0 (0.000) | lcc=0.000 | flagged=0
[15:07:08] DEBUG - 94182089_240403a_19~9692_hr4_2686.tif | pred_pos=0 | gt_pos=0 | diff=0 (0.000) | lcc=0.000 | flagged=0
[15:07:08] DEBUG - 94182089_240403a_19~9692_hr4_2991.tif | pred_pos=0 | gt_pos=0 | diff=0 (0.000) | lcc=0.000 | flagged=0
[15:07:08] DEBUG - 94182089_240403a_19~9692_hr4_318.tif | pred_pos=0 | gt_pos=0 | diff=0 (0.000) | lcc=0.000 | flagged=0
[15:07:08] DEBUG - 94182089_240403a_19~9692_hr4_3367.tif | pred_pos=0 | gt_pos=0 | diff=0 (0.000) | lcc=0.000 | flagged=0
[15:07:08] DEBUG - 94182089_240403a_19~9692_hr4_4254.tif | pred_pos=0 | gt_pos=0 | diff=0 (0.000) | lcc=0.000 | flagged=0
[15:07:08] DEBUG - 94182089_240403a_19~9692_hr4_4641.tif | pred_pos=0 | gt_pos=0 | diff=0 (0.000) | lcc=0.000 | flagged=0
[15:07:08] DEBUG - 94182089_240403a_19~9692_hr4_4850.tif | pred_pos=0 | gt_pos=0 | diff=0 (0.000) | lcc=0.000 | flagged=0
[15:07:08] DEBUG - 94182089_240403a_19~9692_hr4_491.tif | pred_pos=0 | gt_pos=5725 | diff=5725 (0.087) | lcc=0.087 | flagged=0
[15:07:08] DEBUG - 94182089_240403a_19~9692_hr4_565.tif | pred_pos=0 | gt_pos=4911 | diff=4911 (0.075) | lcc=0.075 | flagged=0
[15:07:08] DEBUG - 94182089_240403a_19~9692_hr4_642.tif | pred_pos=0 | gt_pos=0 | diff=0 (0.000) | lcc=0.000 | flagged=0
[15:07:08] DEBUG - 94182089_240403a_19~9692_hr4_712.tif | pred_pos=0 | gt_pos=0 | diff=0 (0.000) | lcc=0.000 | flagged=0
[15:07:08] DEBUG - 94182089_240403a_19~9692_hr4_719.tif | pred_pos=0 | gt_pos=0 | diff=0 (0.000) | lcc=0.000 | flagged=0
[15:07:08] DEBUG - 94182089_240403a_19~9692_hr4_917.tif | pred_pos=0 | gt_pos=0 | diff=0 (0.000) | lcc=0.000 | flagged=0
[15:07:08] DEBUG - 94182096_240406a_16~4815_hr4c_1211.tif | pred_pos=0 | gt_pos=0 | diff=0 (0.000) | lcc=0.000 | flagged=0
[15:07:08] DEBUG - 94182096_240406a_16~4815_hr4c_1272.tif | pred_pos=0 | gt_pos=14072 | diff=14072 (0.215) | lcc=0.215 | flagged=0
[15:07:08] DEBUG - 94182096_240406a_16~4815_hr4c_1273.tif | pred_pos=0 | gt_pos=5222 | diff=5222 (0.080) | lcc=0.080 | flagged=0
[15:07:08] DEBUG - 94182096_240406a_16~4815_hr4c_1373.tif | pred_pos=0 | gt_pos=13567 | diff=13567 (0.207) | lcc=0.207 | flagged=0
[15:07:08] DEBUG - 94182096_240406a_16~4815_hr4c_1491.tif | pred_pos=0 | gt_pos=7996 | diff=7996 (0.122) | lcc=0.122 | flagged=0
[15:07:08] DEBUG - 94182096_240406a_16~4815_hr4c_1565.tif | pred_pos=0 | gt_pos=19390 | diff=19390 (0.296) | lcc=0.296 | flagged=0
[15:07:08] DEBUG - 94182096_240406a_16~4815_hr4c_1749.tif | pred_pos=0 | gt_pos=32365 | diff=32365 (0.494) | lcc=0.364 | flagged=0
[15:07:08] DEBUG - 94182096_240406a_16~4815_hr4c_1899.tif | pred_pos=0 | gt_pos=470 | diff=470 (0.007) | lcc=0.007 | flagged=0
[15:07:08] DEBUG - 94182096_240406a_16~4815_hr4c_2107.tif | pred_pos=0 | gt_pos=0 | diff=0 (0.000) | lcc=0.000 | flagged=0
[15:07:08] DEBUG - 94182096_240406a_16~4815_hr4c_2197.tif | pred_pos=0 | gt_pos=6067 | diff=6067 (0.093) | lcc=0.093 | flagged=0
[15:07:08] DEBUG - 94182096_240406a_16~4815_hr4c_2381.tif | pred_pos=0 | gt_pos=10951 | diff=10951 (0.167) | lcc=0.167 | flagged=0
[15:07:08] DEBUG - 94182096_240406a_16~4815_hr4c_2805.tif | pred_pos=0 | gt_pos=0 | diff=0 (0.000) | lcc=0.000 | flagged=0
[15:07:08] DEBUG - 94182096_240406a_16~4815_hr4c_2982.tif | pred_pos=0 | gt_pos=0 | diff=0 (0.000) | lcc=0.000 | flagged=0
[15:07:08] DEBUG - 94182096_240406a_16~4815_hr4c_3072.tif | pred_pos=0 | gt_pos=11474 | diff=11474 (0.175) | lcc=0.175 | flagged=0
[15:07:08] DEBUG - 94182096_240406a_16~4815_hr4c_32.tif | pred_pos=0 | gt_pos=0 | diff=0 (0.000) | lcc=0.000 | flagged=0
[15:07:08] DEBUG - 94182096_240406a_16~4815_hr4c_402.tif | pred_pos=0 | gt_pos=0 | diff=0 (0.000) | lcc=0.000 | flagged=0
[15:07:08] DEBUG - 94182096_240406a_16~4815_hr4c_4104.tif | pred_pos=0 | gt_pos=0 | diff=0 (0.000) | lcc=0.000 | flagged=0
[15:07:08] DEBUG - 94182096_240406a_16~4815_hr4c_4319.tif | pred_pos=0 | gt_pos=0 | diff=0 (0.000) | lcc=0.000 | flagged=0
[15:07:08] DEBUG - 94182096_240406a_16~4815_hr4c_4641.tif | pred_pos=0 | gt_pos=0 | diff=0 (0.000) | lcc=0.000 | flagged=0
[15:07:08] DEBUG - 94182096_240406a_16~4815_hr4c_4773.tif | pred_pos=0 | gt_pos=0 | diff=0 (0.000) | lcc=0.000 | flagged=0
[15:07:08] DEBUG - 94182096_240406a_16~4815_hr4c_5445.tif | pred_pos=0 | gt_pos=1775 | diff=1775 (0.027) | lcc=0.027 | flagged=0
[15:07:08] DEBUG - 94182096_240406a_16~4815_hr4c_5511.tif | pred_pos=0 | gt_pos=0 | diff=0 (0.000) | lcc=0.000 | flagged=0
[15:07:08] DEBUG - 94182096_240406a_16~4815_hr4c_949.tif | pred_pos=0 | gt_pos=0 | diff=0 (0.000) | lcc=0.000 | flagged=0
[15:07:08] DEBUG - 94182097_240404a_17~9105_hr4_1674.tif | pred_pos=0 | gt_pos=0 | diff=0 (0.000) | lcc=0.000 | flagged=0
[15:07:08] DEBUG - 94182097_240404a_17~9105_hr4_1932.tif | pred_pos=0 | gt_pos=0 | diff=0 (0.000) | lcc=0.000 | flagged=0
[15:07:08] DEBUG - 94182097_240404a_17~9105_hr4_1941.tif | pred_pos=0 | gt_pos=0 | diff=0 (0.000) | lcc=0.000 | flagged=0
[15:07:08] DEBUG - 94182097_240404a_17~9105_hr4_2832.tif | pred_pos=0 | gt_pos=0 | diff=0 (0.000) | lcc=0.000 | flagged=0
[15:07:08] DEBUG - 94182097_240404a_17~9105_hr4_315.tif | pred_pos=0 | gt_pos=0 | diff=0 (0.000) | lcc=0.000 | flagged=0
[15:07:08] DEBUG - 94182097_240404a_17~9105_hr4_3772.tif | pred_pos=0 | gt_pos=0 | diff=0 (0.000) | lcc=0.000 | flagged=0
[15:07:08] DEBUG - 94182097_240404a_17~9105_hr4_378.tif | pred_pos=0 | gt_pos=14522 | diff=14522 (0.222) | lcc=0.222 | flagged=0
[15:07:08] DEBUG - 94182097_240404a_17~9105_hr4_3845.tif | pred_pos=0 | gt_pos=0 | diff=0 (0.000) | lcc=0.000 | flagged=0
[15:07:08] DEBUG - 94182097_240404a_17~9105_hr4_3950.tif | pred_pos=0 | gt_pos=0 | diff=0 (0.000) | lcc=0.000 | flagged=0
[15:07:08] DEBUG - 94182097_240404a_17~9105_hr4_4234.tif | pred_pos=0 | gt_pos=0 | diff=0 (0.000) | lcc=0.000 | flagged=0
[15:07:11] DEBUG - 94182097_240404a_17~9105_hr4_4346.tif | pred_pos=0 | gt_pos=0 | diff=0 (0.000) | lcc=0.000 | flagged=0
[15:07:11] DEBUG - 94182097_240404a_17~9105_hr4_451.tif | pred_pos=0 | gt_pos=9530 | diff=9530 (0.145) | lcc=0.145 | flagged=0
[15:07:11] DEBUG - 94182097_240404a_17~9105_hr4_5057.tif | pred_pos=0 | gt_pos=0 | diff=0 (0.000) | lcc=0.000 | flagged=0
[15:07:11] DEBUG - 94182097_240404a_17~9105_hr4_601.tif | pred_pos=0 | gt_pos=0 | diff=0 (0.000) | lcc=0.000 | flagged=0
[15:07:11] DEBUG - 94182097_240404a_17~9105_hr4_914.tif | pred_pos=0 | gt_pos=0 | diff=0 (0.000) | lcc=0.000 | flagged=0
[15:07:11] DEBUG - 94182098_240403a_18~9390_hr4_146.tif | pred_pos=0 | gt_pos=0 | diff=0 (0.000) | lcc=0.000 | flagged=0
[15:07:11] DEBUG - 94182098_240403a_18~9390_hr4_1615.tif | pred_pos=0 | gt_pos=2042 | diff=2042 (0.031) | lcc=0.031 | flagged=0
[15:07:11] DEBUG - 94182098_240403a_18~9390_hr4_209.tif | pred_pos=0 | gt_pos=0 | diff=0 (0.000) | lcc=0.000 | flagged=0
[15:07:11] DEBUG - 94182098_240403a_18~9390_hr4_2095.tif | pred_pos=0 | gt_pos=24896 | diff=24896 (0.380) | lcc=0.380 | flagged=0
[15:07:11] DEBUG - 94182098_240403a_18~9390_hr4_2180.tif | pred_pos=0 | gt_pos=0 | diff=0 (0.000) | lcc=0.000 | flagged=0
[15:07:11] DEBUG - 94182098_240403a_18~9390_hr4_2505.tif | pred_pos=0 | gt_pos=0 | diff=0 (0.000) | lcc=0.000 | flagged=0
[15:07:11] DEBUG - 94182098_240403a_18~9390_hr4_3643.tif | pred_pos=0 | gt_pos=0 | diff=0 (0.000) | lcc=0.000 | flagged=0
[15:07:11] DEBUG - 94182098_240403a_18~9390_hr4_3939.tif | pred_pos=0 | gt_pos=0 | diff=0 (0.000) | lcc=0.000 | flagged=0
[15:07:11] DEBUG - 94182098_240403a_18~9390_hr4_4127.tif | pred_pos=0 | gt_pos=0 | diff=0 (0.000) | lcc=0.000 | flagged=0
[15:07:11] DEBUG - 94182098_240403a_18~9390_hr4_4328.tif | pred_pos=0 | gt_pos=0 | diff=0 (0.000) | lcc=0.000 | flagged=0
[15:07:11] DEBUG - 94182098_240403a_18~9390_hr4_4614.tif | pred_pos=0 | gt_pos=0 | diff=0 (0.000) | lcc=0.000 | flagged=0
[15:07:11] DEBUG - 94182098_240403a_18~9390_hr4_4760.tif | pred_pos=0 | gt_pos=10020 | diff=10020 (0.153) | lcc=0.153 | flagged=0
[15:07:11] DEBUG - 94182098_240403a_18~9390_hr4_5349.tif | pred_pos=0 | gt_pos=0 | diff=0 (0.000) | lcc=0.000 | flagged=0
[15:07:11] DEBUG - 94182098_240403a_18~9390_hr4_5817.tif | pred_pos=0 | gt_pos=0 | diff=0 (0.000) | lcc=0.000 | flagged=0
[15:07:11] DEBUG - 94182098_240403a_18~9390_hr4_860.tif | pred_pos=0 | gt_pos=149 | diff=149 (0.002) | lcc=0.002 | flagged=0
[15:07:11] DEBUG - 94182098_240403a_18~9390_hr4_933.tif | pred_pos=0 | gt_pos=43384 | diff=43384 (0.662) | lcc=0.662 | flagged=1
[15:07:11] DEBUG - 94182098_240403a_18~9390_hr4_934.tif | pred_pos=0 | gt_pos=8850 | diff=8850 (0.135) | lcc=0.135 | flagged=0
[15:07:11] DEBUG - 94201078_240504a_18~9182_hr4_145.tif | pred_pos=0 | gt_pos=0 | diff=0 (0.000) | lcc=0.000 | flagged=0
[15:07:11] DEBUG - 94201078_240504a_18~9182_hr4_1953.tif | pred_pos=0 | gt_pos=0 | diff=0 (0.000) | lcc=0.000 | flagged=0
[15:07:11] DEBUG - 94201078_240504a_18~9182_hr4_230.tif | pred_pos=0 | gt_pos=0 | diff=0 (0.000) | lcc=0.000 | flagged=0
[15:07:11] DEBUG - 94201078_240504a_18~9182_hr4_2668.tif | pred_pos=0 | gt_pos=0 | diff=0 (0.000) | lcc=0.000 | flagged=0
[15:07:11] DEBUG - 94201078_240504a_18~9182_hr4_4213.tif | pred_pos=0 | gt_pos=0 | diff=0 (0.000) | lcc=0.000 | flagged=0
[15:07:11] DEBUG - 94201078_240504a_18~9182_hr4_4514.tif | pred_pos=0 | gt_pos=0 | diff=0 (0.000) | lcc=0.000 | flagged=0
[15:07:11] DEBUG - 94201078_240504a_18~9182_hr4_5084.tif | pred_pos=0 | gt_pos=0 | diff=0 (0.000) | lcc=0.000 | flagged=0
[15:07:11] DEBUG - 94201088_240504a_18~9186_hr4_1075.tif | pred_pos=0 | gt_pos=0 | diff=0 (0.000) | lcc=0.000 | flagged=0
[15:07:11] DEBUG - 94201088_240504a_18~9186_hr4_1081.tif | pred_pos=0 | gt_pos=0 | diff=0 (0.000) | lcc=0.000 | flagged=0
[15:07:11] DEBUG - 94201088_240504a_18~9186_hr4_1370.tif | pred_pos=0 | gt_pos=0 | diff=0 (0.000) | lcc=0.000 | flagged=0
[15:07:11] DEBUG - 94201088_240504a_18~9186_hr4_1592.tif | pred_pos=0 | gt_pos=0 | diff=0 (0.000) | lcc=0.000 | flagged=0
[15:07:11] DEBUG - 94201088_240504a_18~9186_hr4_1670.tif | pred_pos=0 | gt_pos=0 | diff=0 (0.000) | lcc=0.000 | flagged=0
[15:07:11] DEBUG - 94201088_240504a_18~9186_hr4_1819.tif | pred_pos=0 | gt_pos=0 | diff=0 (0.000) | lcc=0.000 | flagged=0
[15:07:11] DEBUG - 94201088_240504a_18~9186_hr4_223.tif | pred_pos=0 | gt_pos=0 | diff=0 (0.000) | lcc=0.000 | flagged=0
[15:07:11] DEBUG - 94201088_240504a_18~9186_hr4_2295.tif | pred_pos=0 | gt_pos=0 | diff=0 (0.000) | lcc=0.000 | flagged=0
[15:07:11] DEBUG - 94201088_240504a_18~9186_hr4_3662.tif | pred_pos=0 | gt_pos=0 | diff=0 (0.000) | lcc=0.000 | flagged=0
[15:07:11] DEBUG - 94201088_240504a_18~9186_hr4_3663.tif | pred_pos=0 | gt_pos=0 | diff=0 (0.000) | lcc=0.000 | flagged=0
[15:07:11] DEBUG - 94201088_240504a_18~9186_hr4_3955.tif | pred_pos=0 | gt_pos=0 | diff=0 (0.000) | lcc=0.000 | flagged=0
[15:07:11] DEBUG - 94201088_240504a_18~9186_hr4_5107.tif | pred_pos=0 | gt_pos=0 | diff=0 (0.000) | lcc=0.000 | flagged=0
[15:07:11] DEBUG - 94201088_240504a_18~9186_hr4_5224.tif | pred_pos=0 | gt_pos=0 | diff=0 (0.000) | lcc=0.000 | flagged=0
[15:07:11] DEBUG - 94201088_240504a_18~9186_hr4_5270.tif | pred_pos=0 | gt_pos=0 | diff=0 (0.000) | lcc=0.000 | flagged=0
[15:07:11] DEBUG - 94201088_240504a_18~9186_hr4_5460.tif | pred_pos=0 | gt_pos=0 | diff=0 (0.000) | lcc=0.000 | flagged=0
[15:07:11] DEBUG - 94201088_240504a_18~9186_hr4_5702.tif | pred_pos=0 | gt_pos=0 | diff=0 (0.000) | lcc=0.000 | flagged=0
[15:07:11] DEBUG - 94201088_240504a_18~9186_hr4_5802.tif | pred_pos=0 | gt_pos=0 | diff=0 (0.000) | lcc=0.000 | flagged=0
[15:07:11] DEBUG - 94201088_240504a_18~9186_hr4_616.tif | pred_pos=0 | gt_pos=0 | diff=0 (0.000) | lcc=0.000 | flagged=0
[15:07:11] DEBUG - 94201097_240504a_17~8905_hr4_2665.tif | pred_pos=0 | gt_pos=0 | diff=0 (0.000) | lcc=0.000 | flagged=0
[15:07:11] DEBUG - 94201097_240504a_17~8905_hr4_3454.tif | pred_pos=0 | gt_pos=0 | diff=0 (0.000) | lcc=0.000 | flagged=0
[15:07:11] DEBUG - 94201097_240504a_17~8905_hr4_3831.tif | pred_pos=0 | gt_pos=0 | diff=0 (0.000) | lcc=0.000 | flagged=0
[15:07:11] DEBUG - 94201097_240504a_17~8905_hr4_394.tif | pred_pos=0 | gt_pos=0 | diff=0 (0.000) | lcc=0.000 | flagged=0
[15:07:11] DEBUG - 94201097_240504a_17~8905_hr4_4942.tif | pred_pos=0 | gt_pos=0 | diff=0 (0.000) | lcc=0.000 | flagged=0
[15:07:11] DEBUG - 94201097_240504a_17~8905_hr4_5167.tif | pred_pos=0 | gt_pos=0 | diff=0 (0.000) | lcc=0.000 | flagged=0
[15:07:11] DEBUG - 94201097_240504a_17~8905_hr4_5342.tif | pred_pos=0 | gt_pos=0 | diff=0 (0.000) | lcc=0.000 | flagged=0
[15:07:11] DEBUG - 94201097_240504a_17~8905_hr4_5573.tif | pred_pos=0 | gt_pos=0 | diff=0 (0.000) | lcc=0.000 | flagged=0
[15:07:11] DEBUG - 94201097_240504a_17~8905_hr4_5669.tif | pred_pos=0 | gt_pos=65536 | diff=65536 (1.000) | lcc=1.000 | flagged=1
[15:07:11] DEBUG - 94201097_240504a_17~8905_hr4_5670.tif | pred_pos=0 | gt_pos=28878 | diff=28878 (0.441) | lcc=0.441 | flagged=0
[15:07:11] DEBUG - 94201097_240504a_17~8905_hr4_625.tif | pred_pos=0 | gt_pos=0 | diff=0 (0.000) | lcc=0.000 | flagged=0
[15:07:11] DEBUG - 94201097_240504a_17~8905_hr4_883.tif | pred_pos=0 | gt_pos=0 | diff=0 (0.000) | lcc=0.000 | flagged=0
[15:07:11] DEBUG - 94201098_240504a_18~9190_hr4_1196.tif | pred_pos=0 | gt_pos=0 | diff=0 (0.000) | lcc=0.000 | flagged=0
[15:07:11] DEBUG - 94201098_240504a_18~9190_hr4_1732.tif | pred_pos=0 | gt_pos=0 | diff=0 (0.000) | lcc=0.000 | flagged=0
[15:07:11] DEBUG - 94201098_240504a_18~9190_hr4_2087.tif | pred_pos=0 | gt_pos=0 | diff=0 (0.000) | lcc=0.000 | flagged=0
[15:07:11] DEBUG - 94201098_240504a_18~9190_hr4_2630.tif | pred_pos=0 | gt_pos=0 | diff=0 (0.000) | lcc=0.000 | flagged=0
[15:07:11] DEBUG - 94201098_240504a_18~9190_hr4_2634.tif | pred_pos=0 | gt_pos=39739 | diff=39739 (0.606) | lcc=0.606 | flagged=1
[15:07:12] DEBUG - 94201098_240504a_18~9190_hr4_2721.tif | pred_pos=0 | gt_pos=38135 | diff=38135 (0.582) | lcc=0.582 | flagged=1
[15:07:12] DEBUG - 94201098_240504a_18~9190_hr4_2772.tif | pred_pos=0 | gt_pos=3088 | diff=3088 (0.047) | lcc=0.047 | flagged=0
[15:07:12] DEBUG - 94201098_240504a_18~9190_hr4_2942.tif | pred_pos=0 | gt_pos=19783 | diff=19783 (0.302) | lcc=0.302 | flagged=0
[15:07:12] DEBUG - 94201098_240504a_18~9190_hr4_2997.tif | pred_pos=0 | gt_pos=47468 | diff=47468 (0.724) | lcc=0.724 | flagged=1
[15:07:12] DEBUG - 94201098_240504a_18~9190_hr4_3146.tif | pred_pos=0 | gt_pos=29 | diff=29 (0.000) | lcc=0.000 | flagged=0
[15:07:12] DEBUG - 94201098_240504a_18~9190_hr4_3311.tif | pred_pos=0 | gt_pos=0 | diff=0 (0.000) | lcc=0.000 | flagged=0
[15:07:12] DEBUG - 94201098_240504a_18~9190_hr4_3334.tif | pred_pos=0 | gt_pos=0 | diff=0 (0.000) | lcc=0.000 | flagged=0
[15:07:12] DEBUG - 94201098_240504a_18~9190_hr4_3601.tif | pred_pos=0 | gt_pos=0 | diff=0 (0.000) | lcc=0.000 | flagged=0
[15:07:12] DEBUG - 94201098_240504a_18~9190_hr4_3605.tif | pred_pos=0 | gt_pos=9559 | diff=9559 (0.146) | lcc=0.146 | flagged=0
[15:07:12] DEBUG - 94201098_240504a_18~9190_hr4_3681.tif | pred_pos=0 | gt_pos=28833 | diff=28833 (0.440) | lcc=0.440 | flagged=0
[15:07:12] DEBUG - 94201098_240504a_18~9190_hr4_3777.tif | pred_pos=0 | gt_pos=0 | diff=0 (0.000) | lcc=0.000 | flagged=0
[15:07:12] DEBUG - 94201098_240504a_18~9190_hr4_3824.tif | pred_pos=0 | gt_pos=8070 | diff=8070 (0.123) | lcc=0.123 | flagged=0
[15:07:12] DEBUG - 94201098_240504a_18~9190_hr4_3906.tif | pred_pos=0 | gt_pos=4638 | diff=4638 (0.071) | lcc=0.071 | flagged=0
[15:07:12] DEBUG - 94201098_240504a_18~9190_hr4_4161.tif | pred_pos=0 | gt_pos=173 | diff=173 (0.003) | lcc=0.003 | flagged=0
[15:07:12] DEBUG - 94201098_240504a_18~9190_hr4_4427.tif | pred_pos=0 | gt_pos=0 | diff=0 (0.000) | lcc=0.000 | flagged=0
[15:07:12] DEBUG - 94201098_240504a_18~9190_hr4_4676.tif | pred_pos=0 | gt_pos=0 | diff=0 (0.000) | lcc=0.000 | flagged=0
[15:07:12] DEBUG - 94201098_240504a_18~9190_hr4_4800.tif | pred_pos=0 | gt_pos=0 | diff=0 (0.000) | lcc=0.000 | flagged=0
[15:07:12] DEBUG - 94201098_240504a_18~9190_hr4_4896.tif | pred_pos=0 | gt_pos=0 | diff=0 (0.000) | lcc=0.000 | flagged=0
[15:07:12] DEBUG - 94201098_240504a_18~9190_hr4_5101.tif | pred_pos=0 | gt_pos=48201 | diff=48201 (0.735) | lcc=0.735 | flagged=1
[15:07:12] DEBUG - 94201098_240504a_18~9190_hr4_5175.tif | pred_pos=0 | gt_pos=62296 | diff=62296 (0.951) | lcc=0.951 | flagged=1
[15:07:12] DEBUG - 94201098_240504a_18~9190_hr4_5558.tif | pred_pos=0 | gt_pos=0 | diff=0 (0.000) | lcc=0.000 | flagged=0
[15:07:12] DEBUG - 94201098_240504a_18~9190_hr4_5635.tif | pred_pos=0 | gt_pos=0 | diff=0 (0.000) | lcc=0.000 | flagged=0
[15:07:12] DEBUG - 94201098_240504a_18~9190_hr4_5720.tif | pred_pos=0 | gt_pos=0 | diff=0 (0.000) | lcc=0.000 | flagged=0
[15:07:12] DEBUG - 94202002_240504a_12~7548_hr4_1207.tif | pred_pos=0 | gt_pos=0 | diff=0 (0.000) | lcc=0.000 | flagged=0
[15:07:12] DEBUG - 94202002_240504a_12~7548_hr4_1300.tif | pred_pos=0 | gt_pos=0 | diff=0 (0.000) | lcc=0.000 | flagged=0
[15:07:12] DEBUG - 94202002_240504a_12~7548_hr4_1648.tif | pred_pos=0 | gt_pos=0 | diff=0 (0.000) | lcc=0.000 | flagged=0
[15:07:12] DEBUG - 94202002_240504a_12~7548_hr4_1917.tif | pred_pos=0 | gt_pos=27188 | diff=27188 (0.415) | lcc=0.415 | flagged=0
[15:07:12] DEBUG - 94202002_240504a_12~7548_hr4_1965.tif | pred_pos=0 | gt_pos=12471 | diff=12471 (0.190) | lcc=0.190 | flagged=0
[15:07:12] DEBUG - 94202002_240504a_12~7548_hr4_2034.tif | pred_pos=0 | gt_pos=55299 | diff=55299 (0.844) | lcc=0.844 | flagged=1
[15:07:12] DEBUG - 94202002_240504a_12~7548_hr4_2037.tif | pred_pos=0 | gt_pos=50147 | diff=50147 (0.765) | lcc=0.362 | flagged=0
[15:07:12] DEBUG - 94202002_240504a_12~7548_hr4_2039.tif | pred_pos=0 | gt_pos=46237 | diff=46237 (0.706) | lcc=0.442 | flagged=0
[15:07:12] DEBUG - 94202002_240504a_12~7548_hr4_2055.tif | pred_pos=0 | gt_pos=39732 | diff=39732 (0.606) | lcc=0.606 | flagged=1
[15:07:12] DEBUG - 94202002_240504a_12~7548_hr4_2066.tif | pred_pos=0 | gt_pos=148 | diff=148 (0.002) | lcc=0.002 | flagged=0
[15:07:12] DEBUG - 94202002_240504a_12~7548_hr4_2103.tif | pred_pos=0 | gt_pos=28921 | diff=28921 (0.441) | lcc=0.441 | flagged=0
[15:07:12] DEBUG - 94202002_240504a_12~7548_hr4_2252.tif | pred_pos=0 | gt_pos=15018 | diff=15018 (0.229) | lcc=0.142 | flagged=0
[15:07:12] DEBUG - 94202002_240504a_12~7548_hr4_2318.tif | pred_pos=0 | gt_pos=11508 | diff=11508 (0.176) | lcc=0.176 | flagged=0
[15:07:12] DEBUG - 94202002_240504a_12~7548_hr4_2334.tif | pred_pos=0 | gt_pos=11914 | diff=11914 (0.182) | lcc=0.182 | flagged=0
[15:07:12] DEBUG - 94202002_240504a_12~7548_hr4_2336.tif | pred_pos=0 | gt_pos=6887 | diff=6887 (0.105) | lcc=0.105 | flagged=0
[15:07:12] DEBUG - 94202002_240504a_12~7548_hr4_2441.tif | pred_pos=0 | gt_pos=0 | diff=0 (0.000) | lcc=0.000 | flagged=0
[15:07:12] DEBUG - 94202002_240504a_12~7548_hr4_2465.tif | pred_pos=0 | gt_pos=0 | diff=0 (0.000) | lcc=0.000 | flagged=0
[15:07:12] DEBUG - 94202002_240504a_12~7548_hr4_2715.tif | pred_pos=0 | gt_pos=0 | diff=0 (0.000) | lcc=0.000 | flagged=0
[15:07:12] DEBUG - 94202002_240504a_12~7548_hr4_3242.tif | pred_pos=0 | gt_pos=0 | diff=0 (0.000) | lcc=0.000 | flagged=0
[15:07:12] DEBUG - 94202002_240504a_12~7548_hr4_4003.tif | pred_pos=0 | gt_pos=0 | diff=0 (0.000) | lcc=0.000 | flagged=0
[15:07:12] DEBUG - 94202002_240504a_12~7548_hr4_4536.tif | pred_pos=0 | gt_pos=52911 | diff=52911 (0.807) | lcc=0.807 | flagged=1
[15:07:12] DEBUG - 94202002_240504a_12~7548_hr4_4688.tif | pred_pos=0 | gt_pos=38378 | diff=38378 (0.586) | lcc=0.373 | flagged=0
[15:07:12] DEBUG - 94202002_240504a_12~7548_hr4_4708.tif | pred_pos=0 | gt_pos=6086 | diff=6086 (0.093) | lcc=0.093 | flagged=0
[15:07:12] DEBUG - 94202002_240504a_12~7548_hr4_4761.tif | pred_pos=0 | gt_pos=1276 | diff=1276 (0.019) | lcc=0.019 | flagged=0
[15:07:12] DEBUG - 94202002_240504a_12~7548_hr4_4914.tif | pred_pos=0 | gt_pos=2 | diff=2 (0.000) | lcc=0.000 | flagged=0
[15:07:12] DEBUG - 94202002_240504a_12~7548_hr4_5023.tif | pred_pos=0 | gt_pos=0 | diff=0 (0.000) | lcc=0.000 | flagged=0
[15:07:12] DEBUG - 94202002_240504a_12~7548_hr4_5214.tif | pred_pos=0 | gt_pos=65512 | diff=65512 (1.000) | lcc=1.000 | flagged=1
[15:07:12] DEBUG - 94202002_240504a_12~7548_hr4_5278.tif | pred_pos=0 | gt_pos=33110 | diff=33110 (0.505) | lcc=0.486 | flagged=0
[15:07:12] DEBUG - 94202002_240504a_12~7548_hr4_5349.tif | pred_pos=0 | gt_pos=17475 | diff=17475 (0.267) | lcc=0.155 | flagged=0
[15:07:12] DEBUG - 94202002_240504a_12~7548_hr4_5353.tif | pred_pos=0 | gt_pos=53480 | diff=53480 (0.816) | lcc=0.816 | flagged=1
[15:07:12] DEBUG - 94202002_240504a_12~7548_hr4_5418.tif | pred_pos=0 | gt_pos=3270 | diff=3270 (0.050) | lcc=0.050 | flagged=0
[15:07:12] DEBUG - 94202002_240504a_12~7548_hr4_5450.tif | pred_pos=0 | gt_pos=0 | diff=0 (0.000) | lcc=0.000 | flagged=0
[15:07:12] DEBUG - 94202002_240504a_12~7548_hr4_5495.tif | pred_pos=0 | gt_pos=2627 | diff=2627 (0.040) | lcc=0.040 | flagged=0
[15:07:12] DEBUG - 94202002_240504a_12~7548_hr4_5497.tif | pred_pos=0 | gt_pos=7548 | diff=7548 (0.115) | lcc=0.115 | flagged=0
[15:07:12] DEBUG - 94202002_240504a_12~7548_hr4_5510.tif | pred_pos=0 | gt_pos=45734 | diff=45734 (0.698) | lcc=0.698 | flagged=1
[15:07:12] DEBUG - 94202002_240504a_12~7548_hr4_5511.tif | pred_pos=0 | gt_pos=34722 | diff=34722 (0.530) | lcc=0.530 | flagged=1
[15:07:12] DEBUG - 94202002_240504a_12~7548_hr4_5570.tif | pred_pos=0 | gt_pos=23012 | diff=23012 (0.351) | lcc=0.351 | flagged=0
[15:07:12] DEBUG - 94202002_240504a_12~7548_hr4_5584.tif | pred_pos=0 | gt_pos=10 | diff=10 (0.000) | lcc=0.000 | flagged=0
[15:07:12] DEBUG - 94202002_240504a_12~7548_hr4_5671.tif | pred_pos=0 | gt_pos=7326 | diff=7326 (0.112) | lcc=0.112 | flagged=0
[15:07:12] DEBUG - 94202002_240504a_12~7548_hr4_5721.tif | pred_pos=0 | gt_pos=1676 | diff=1676 (0.026) | lcc=0.026 | flagged=0
[15:07:12] DEBUG - 94202002_240504a_12~7548_hr4_5722.tif | pred_pos=0 | gt_pos=22882 | diff=22882 (0.349) | lcc=0.349 | flagged=0
[15:07:15] DEBUG - 94202002_240504a_12~7548_hr4_5744.tif | pred_pos=0 | gt_pos=65536 | diff=65536 (1.000) | lcc=1.000 | flagged=1
[15:07:15] DEBUG - 94202002_240504a_12~7548_hr4_5746.tif | pred_pos=0 | gt_pos=65536 | diff=65536 (1.000) | lcc=1.000 | flagged=1
[15:07:15] DEBUG - 94202002_240504a_12~7548_hr4_5798.tif | pred_pos=0 | gt_pos=3547 | diff=3547 (0.054) | lcc=0.054 | flagged=0
[15:07:15] DEBUG - 94202002_240504a_12~7548_hr4_727.tif | pred_pos=0 | gt_pos=0 | diff=0 (0.000) | lcc=0.000 | flagged=0
[15:07:15] DEBUG - 94202003_240504a_13~7801_hr4_0.tif | pred_pos=0 | gt_pos=0 | diff=0 (0.000) | lcc=0.000 | flagged=0
[15:07:15] DEBUG - 94202003_240504a_13~7801_hr4_1008.tif | pred_pos=0 | gt_pos=10709 | diff=10709 (0.163) | lcc=0.163 | flagged=0
[15:07:15] DEBUG - 94202003_240504a_13~7801_hr4_1077.tif | pred_pos=0 | gt_pos=46891 | diff=46891 (0.715) | lcc=0.715 | flagged=1
[15:07:15] DEBUG - 94202003_240504a_13~7801_hr4_1133.tif | pred_pos=0 | gt_pos=17381 | diff=17381 (0.265) | lcc=0.265 | flagged=0
[15:07:15] DEBUG - 94202003_240504a_13~7801_hr4_1216.tif | pred_pos=0 | gt_pos=48900 | diff=48900 (0.746) | lcc=0.746 | flagged=1
[15:07:15] DEBUG - 94202003_240504a_13~7801_hr4_1217.tif | pred_pos=0 | gt_pos=11494 | diff=11494 (0.175) | lcc=0.175 | flagged=0
[15:07:15] DEBUG - 94202003_240504a_13~7801_hr4_1229.tif | pred_pos=0 | gt_pos=26217 | diff=26217 (0.400) | lcc=0.289 | flagged=0
[15:07:15] DEBUG - 94202003_240504a_13~7801_hr4_1277.tif | pred_pos=0 | gt_pos=31919 | diff=31919 (0.487) | lcc=0.487 | flagged=0
[15:07:15] DEBUG - 94202003_240504a_13~7801_hr4_1281.tif | pred_pos=0 | gt_pos=46336 | diff=46336 (0.707) | lcc=0.707 | flagged=1
[15:07:15] DEBUG - 94202003_240504a_13~7801_hr4_1290.tif | pred_pos=0 | gt_pos=63785 | diff=63785 (0.973) | lcc=0.973 | flagged=1
[15:07:15] DEBUG - 94202003_240504a_13~7801_hr4_1293.tif | pred_pos=0 | gt_pos=30579 | diff=30579 (0.467) | lcc=0.467 | flagged=0
[15:07:15] DEBUG - 94202003_240504a_13~7801_hr4_1316.tif | pred_pos=0 | gt_pos=12544 | diff=12544 (0.191) | lcc=0.191 | flagged=0
[15:07:15] DEBUG - 94202003_240504a_13~7801_hr4_1329.tif | pred_pos=0 | gt_pos=0 | diff=0 (0.000) | lcc=0.000 | flagged=0
[15:07:15] DEBUG - 94202003_240504a_13~7801_hr4_1349.tif | pred_pos=0 | gt_pos=3554 | diff=3554 (0.054) | lcc=0.054 | flagged=0
[15:07:15] DEBUG - 94202003_240504a_13~7801_hr4_1362.tif | pred_pos=0 | gt_pos=13595 | diff=13595 (0.207) | lcc=0.207 | flagged=0
[15:07:15] DEBUG - 94202003_240504a_13~7801_hr4_1379.tif | pred_pos=0 | gt_pos=50123 | diff=50123 (0.765) | lcc=0.765 | flagged=1
[15:07:15] DEBUG - 94202003_240504a_13~7801_hr4_1422.tif | pred_pos=0 | gt_pos=2354 | diff=2354 (0.036) | lcc=0.036 | flagged=0
[15:07:15] DEBUG - 94202003_240504a_13~7801_hr4_1464.tif | pred_pos=0 | gt_pos=30095 | diff=30095 (0.459) | lcc=0.459 | flagged=0
[15:07:15] DEBUG - 94202003_240504a_13~7801_hr4_1508.tif | pred_pos=0 | gt_pos=50813 | diff=50813 (0.775) | lcc=0.775 | flagged=1
[15:07:15] DEBUG - 94202003_240504a_13~7801_hr4_1512.tif | pred_pos=0 | gt_pos=65536 | diff=65536 (1.000) | lcc=1.000 | flagged=1
[15:07:15] DEBUG - 94202003_240504a_13~7801_hr4_1537.tif | pred_pos=0 | gt_pos=25156 | diff=25156 (0.384) | lcc=0.384 | flagged=0
[15:07:15] DEBUG - 94202003_240504a_13~7801_hr4_1585.tif | pred_pos=0 | gt_pos=65536 | diff=65536 (1.000) | lcc=1.000 | flagged=1
[15:07:15] DEBUG - 94202003_240504a_13~7801_hr4_1603.tif | pred_pos=0 | gt_pos=19 | diff=19 (0.000) | lcc=0.000 | flagged=0
[15:07:15] DEBUG - 94202003_240504a_13~7801_hr4_1721.tif | pred_pos=0 | gt_pos=385 | diff=385 (0.006) | lcc=0.006 | flagged=0
[15:07:15] DEBUG - 94202003_240504a_13~7801_hr4_1737.tif | pred_pos=0 | gt_pos=28647 | diff=28647 (0.437) | lcc=0.437 | flagged=0
[15:07:15] DEBUG - 94202003_240504a_13~7801_hr4_1742.tif | pred_pos=0 | gt_pos=27702 | diff=27702 (0.423) | lcc=0.423 | flagged=0
[15:07:15] DEBUG - 94202003_240504a_13~7801_hr4_1747.tif | pred_pos=0 | gt_pos=21965 | diff=21965 (0.335) | lcc=0.335 | flagged=0
[15:07:15] DEBUG - 94202003_240504a_13~7801_hr4_1750.tif | pred_pos=0 | gt_pos=18311 | diff=18311 (0.279) | lcc=0.279 | flagged=0
[15:07:15] DEBUG - 94202003_240504a_13~7801_hr4_1767.tif | pred_pos=0 | gt_pos=2 | diff=2 (0.000) | lcc=0.000 | flagged=0
[15:07:15] DEBUG - 94202003_240504a_13~7801_hr4_1771.tif | pred_pos=0 | gt_pos=6924 | diff=6924 (0.106) | lcc=0.106 | flagged=0
[15:07:15] DEBUG - 94202003_240504a_13~7801_hr4_1778.tif | pred_pos=0 | gt_pos=11972 | diff=11972 (0.183) | lcc=0.183 | flagged=0
[15:07:15] DEBUG - 94202003_240504a_13~7801_hr4_1817.tif | pred_pos=0 | gt_pos=23159 | diff=23159 (0.353) | lcc=0.353 | flagged=0
[15:07:15] DEBUG - 94202003_240504a_13~7801_hr4_1822.tif | pred_pos=0 | gt_pos=6835 | diff=6835 (0.104) | lcc=0.104 | flagged=0
[15:07:15] DEBUG - 94202003_240504a_13~7801_hr4_1825.tif | pred_pos=0 | gt_pos=5562 | diff=5562 (0.085) | lcc=0.085 | flagged=0
[15:07:15] DEBUG - 94202003_240504a_13~7801_hr4_1831.tif | pred_pos=0 | gt_pos=18779 | diff=18779 (0.287) | lcc=0.287 | flagged=0
[15:07:15] DEBUG - 94202003_240504a_13~7801_hr4_1843.tif | pred_pos=0 | gt_pos=65536 | diff=65536 (1.000) | lcc=1.000 | flagged=1
[15:07:15] DEBUG - 94202003_240504a_13~7801_hr4_1844.tif | pred_pos=0 | gt_pos=64084 | diff=64084 (0.978) | lcc=0.969 | flagged=1
[15:07:15] DEBUG - 94202003_240504a_13~7801_hr4_1903.tif | pred_pos=0 | gt_pos=56 | diff=56 (0.001) | lcc=0.001 | flagged=0
[15:07:15] DEBUG - 94202003_240504a_13~7801_hr4_1920.tif | pred_pos=0 | gt_pos=65536 | diff=65536 (1.000) | lcc=1.000 | flagged=1
[15:07:15] DEBUG - 94202003_240504a_13~7801_hr4_1923.tif | pred_pos=0 | gt_pos=38896 | diff=38896 (0.594) | lcc=0.594 | flagged=1
[15:07:15] DEBUG - 94202003_240504a_13~7801_hr4_1972.tif | pred_pos=0 | gt_pos=44212 | diff=44212 (0.675) | lcc=0.675 | flagged=1
[15:07:15] DEBUG - 94202003_240504a_13~7801_hr4_1975.tif | pred_pos=0 | gt_pos=43463 | diff=43463 (0.663) | lcc=0.653 | flagged=1
[15:07:15] DEBUG - 94202003_240504a_13~7801_hr4_1978.tif | pred_pos=0 | gt_pos=3148 | diff=3148 (0.048) | lcc=0.048 | flagged=0
[15:07:15] DEBUG - 94202003_240504a_13~7801_hr4_1981.tif | pred_pos=0 | gt_pos=58 | diff=58 (0.001) | lcc=0.001 | flagged=0
[15:07:15] DEBUG - 94202003_240504a_13~7801_hr4_1991.tif | pred_pos=0 | gt_pos=52400 | diff=52400 (0.800) | lcc=0.800 | flagged=1
[15:07:15] DEBUG - 94202003_240504a_13~7801_hr4_2123.tif | pred_pos=0 | gt_pos=1346 | diff=1346 (0.021) | lcc=0.021 | flagged=0
[15:07:15] DEBUG - 94202003_240504a_13~7801_hr4_2158.tif | pred_pos=0 | gt_pos=0 | diff=0 (0.000) | lcc=0.000 | flagged=0
[15:07:15] DEBUG - 94202003_240504a_13~7801_hr4_2175.tif | pred_pos=0 | gt_pos=0 | diff=0 (0.000) | lcc=0.000 | flagged=0
[15:07:15] DEBUG - 94202003_240504a_13~7801_hr4_2176.tif | pred_pos=0 | gt_pos=0 | diff=0 (0.000) | lcc=0.000 | flagged=0
[15:07:15] DEBUG - 94202003_240504a_13~7801_hr4_2211.tif | pred_pos=0 | gt_pos=18789 | diff=18789 (0.287) | lcc=0.287 | flagged=0
[15:07:15] DEBUG - 94202003_240504a_13~7801_hr4_2213.tif | pred_pos=0 | gt_pos=1182 | diff=1182 (0.018) | lcc=0.018 | flagged=0
[15:07:15] DEBUG - 94202003_240504a_13~7801_hr4_2242.tif | pred_pos=0 | gt_pos=0 | diff=0 (0.000) | lcc=0.000 | flagged=0
[15:07:15] DEBUG - 94202003_240504a_13~7801_hr4_2284.tif | pred_pos=0 | gt_pos=40049 | diff=40049 (0.611) | lcc=0.611 | flagged=1
[15:07:15] DEBUG - 94202003_240504a_13~7801_hr4_2289.tif | pred_pos=0 | gt_pos=9383 | diff=9383 (0.143) | lcc=0.143 | flagged=0
[15:07:15] DEBUG - 94202003_240504a_13~7801_hr4_2432.tif | pred_pos=0 | gt_pos=34769 | diff=34769 (0.531) | lcc=0.531 | flagged=1
[15:07:15] DEBUG - 94202003_240504a_13~7801_hr4_2434.tif | pred_pos=0 | gt_pos=0 | diff=0 (0.000) | lcc=0.000 | flagged=0
[15:07:15] DEBUG - 94202003_240504a_13~7801_hr4_2883.tif | pred_pos=0 | gt_pos=35260 | diff=35260 (0.538) | lcc=0.538 | flagged=1
[15:07:15] DEBUG - 94202003_240504a_13~7801_hr4_2885.tif | pred_pos=0 | gt_pos=0 | diff=0 (0.000) | lcc=0.000 | flagged=0
[15:07:15] DEBUG - 94202003_240504a_13~7801_hr4_3175.tif | pred_pos=0 | gt_pos=0 | diff=0 (0.000) | lcc=0.000 | flagged=0
[15:07:15] DEBUG - 94202003_240504a_13~7801_hr4_3277.tif | pred_pos=0 | gt_pos=0 | diff=0 (0.000) | lcc=0.000 | flagged=0
[15:07:19] DEBUG - 94202003_240504a_13~7801_hr4_3878.tif | pred_pos=0 | gt_pos=0 | diff=0 (0.000) | lcc=0.000 | flagged=0
[15:07:19] DEBUG - 94202003_240504a_13~7801_hr4_4081.tif | pred_pos=0 | gt_pos=0 | diff=0 (0.000) | lcc=0.000 | flagged=0
[15:07:19] DEBUG - 94202003_240504a_13~7801_hr4_4284.tif | pred_pos=0 | gt_pos=0 | diff=0 (0.000) | lcc=0.000 | flagged=0
[15:07:19] DEBUG - 94202003_240504a_13~7801_hr4_4699.tif | pred_pos=0 | gt_pos=90 | diff=90 (0.001) | lcc=0.001 | flagged=0
[15:07:19] DEBUG - 94202003_240504a_13~7801_hr4_4778.tif | pred_pos=0 | gt_pos=14496 | diff=14496 (0.221) | lcc=0.187 | flagged=0
[15:07:19] DEBUG - 94202003_240504a_13~7801_hr4_5102.tif | pred_pos=0 | gt_pos=0 | diff=0 (0.000) | lcc=0.000 | flagged=0
[15:07:19] DEBUG - 94202003_240504a_13~7801_hr4_5146.tif | pred_pos=0 | gt_pos=25107 | diff=25107 (0.383) | lcc=0.383 | flagged=0
[15:07:19] DEBUG - 94202003_240504a_13~7801_hr4_5285.tif | pred_pos=0 | gt_pos=0 | diff=0 (0.000) | lcc=0.000 | flagged=0
[15:07:19] DEBUG - 94202003_240504a_13~7801_hr4_5323.tif | pred_pos=0 | gt_pos=0 | diff=0 (0.000) | lcc=0.000 | flagged=0
[15:07:19] DEBUG - 94202003_240504a_13~7801_hr4_5491.tif | pred_pos=0 | gt_pos=30984 | diff=30984 (0.473) | lcc=0.473 | flagged=0
[15:07:19] DEBUG - 94202003_240504a_13~7801_hr4_5531.tif | pred_pos=0 | gt_pos=65536 | diff=65536 (1.000) | lcc=1.000 | flagged=1
[15:07:19] DEBUG - 94202003_240504a_13~7801_hr4_5533.tif | pred_pos=0 | gt_pos=2907 | diff=2907 (0.044) | lcc=0.044 | flagged=0
[15:07:19] DEBUG - 94202003_240504a_13~7801_hr4_5581.tif | pred_pos=0 | gt_pos=14953 | diff=14953 (0.228) | lcc=0.228 | flagged=0
[15:07:19] DEBUG - 94202003_240504a_13~7801_hr4_5645.tif | pred_pos=0 | gt_pos=727 | diff=727 (0.011) | lcc=0.011 | flagged=0
[15:07:19] DEBUG - 94202003_240504a_13~7801_hr4_5675.tif | pred_pos=0 | gt_pos=20667 | diff=20667 (0.315) | lcc=0.315 | flagged=0
[15:07:19] DEBUG - 94202003_240504a_13~7801_hr4_5721.tif | pred_pos=0 | gt_pos=0 | diff=0 (0.000) | lcc=0.000 | flagged=0
[15:07:19] DEBUG - 94202003_240504a_13~7801_hr4_5727.tif | pred_pos=0 | gt_pos=22778 | diff=22778 (0.348) | lcc=0.348 | flagged=0
[15:07:19] DEBUG - 94202003_240504a_13~7801_hr4_5764.tif | pred_pos=0 | gt_pos=269 | diff=269 (0.004) | lcc=0.004 | flagged=0
[15:07:19] DEBUG - 94202003_240504a_13~7801_hr4_591.tif | pred_pos=0 | gt_pos=0 | diff=0 (0.000) | lcc=0.000 | flagged=0
[15:07:19] DEBUG - 94202003_240504a_13~7801_hr4_74.tif | pred_pos=0 | gt_pos=0 | diff=0 (0.000) | lcc=0.000 | flagged=0
[15:07:19] DEBUG - 94202003_240504a_13~7801_hr4_790.tif | pred_pos=0 | gt_pos=0 | diff=0 (0.000) | lcc=0.000 | flagged=0
[15:07:19] DEBUG - 94202003_240504a_13~7801_hr4_921.tif | pred_pos=0 | gt_pos=6820 | diff=6820 (0.104) | lcc=0.104 | flagged=0
[15:07:19] DEBUG - 94202003_240504a_13~7801_hr4_930.tif | pred_pos=0 | gt_pos=41763 | diff=41763 (0.637) | lcc=0.637 | flagged=1
[15:07:19] DEBUG - 94202004_240504a_14~8058_hr4_1400.tif | pred_pos=0 | gt_pos=0 | diff=0 (0.000) | lcc=0.000 | flagged=0
[15:07:19] DEBUG - 94202004_240504a_14~8058_hr4_1783.tif | pred_pos=0 | gt_pos=32629 | diff=32629 (0.498) | lcc=0.498 | flagged=0
[15:07:19] DEBUG - 94202004_240504a_14~8058_hr4_1850.tif | pred_pos=0 | gt_pos=65536 | diff=65536 (1.000) | lcc=1.000 | flagged=1
[15:07:19] DEBUG - 94202004_240504a_14~8058_hr4_1851.tif | pred_pos=0 | gt_pos=65536 | diff=65536 (1.000) | lcc=1.000 | flagged=1
[15:07:19] DEBUG - 94202004_240504a_14~8058_hr4_1861.tif | pred_pos=0 | gt_pos=3089 | diff=3089 (0.047) | lcc=0.047 | flagged=0
[15:07:19] DEBUG - 94202004_240504a_14~8058_hr4_1930.tif | pred_pos=0 | gt_pos=35197 | diff=35197 (0.537) | lcc=0.537 | flagged=1
[15:07:19] DEBUG - 94202004_240504a_14~8058_hr4_1931.tif | pred_pos=0 | gt_pos=39 | diff=39 (0.001) | lcc=0.001 | flagged=0
[15:07:19] DEBUG - 94202004_240504a_14~8058_hr4_2001.tif | pred_pos=0 | gt_pos=14065 | diff=14065 (0.215) | lcc=0.215 | flagged=0
[15:07:19] DEBUG - 94202004_240504a_14~8058_hr4_2002.tif | pred_pos=0 | gt_pos=28447 | diff=28447 (0.434) | lcc=0.434 | flagged=0
[15:07:19] DEBUG - 94202004_240504a_14~8058_hr4_2078.tif | pred_pos=0 | gt_pos=2077 | diff=2077 (0.032) | lcc=0.032 | flagged=0
[15:07:19] DEBUG - 94202004_240504a_14~8058_hr4_2144.tif | pred_pos=0 | gt_pos=0 | diff=0 (0.000) | lcc=0.000 | flagged=0
[15:07:19] DEBUG - 94202004_240504a_14~8058_hr4_217.tif | pred_pos=0 | gt_pos=0 | diff=0 (0.000) | lcc=0.000 | flagged=0
[15:07:19] DEBUG - 94202004_240504a_14~8058_hr4_2175.tif | pred_pos=0 | gt_pos=0 | diff=0 (0.000) | lcc=0.000 | flagged=0
[15:07:19] DEBUG - 94202004_240504a_14~8058_hr4_2227.tif | pred_pos=0 | gt_pos=15446 | diff=15446 (0.236) | lcc=0.236 | flagged=0
[15:07:19] DEBUG - 94202004_240504a_14~8058_hr4_2229.tif | pred_pos=0 | gt_pos=1929 | diff=1929 (0.029) | lcc=0.029 | flagged=0
[15:07:19] DEBUG - 94202004_240504a_14~8058_hr4_2302.tif | pred_pos=0 | gt_pos=48176 | diff=48176 (0.735) | lcc=0.735 | flagged=1
[15:07:19] DEBUG - 94202004_240504a_14~8058_hr4_2375.tif | pred_pos=0 | gt_pos=16448 | diff=16448 (0.251) | lcc=0.251 | flagged=0
[15:07:19] DEBUG - 94202004_240504a_14~8058_hr4_2415.tif | pred_pos=0 | gt_pos=580 | diff=580 (0.009) | lcc=0.009 | flagged=0
[15:07:19] DEBUG - 94202004_240504a_14~8058_hr4_2455.tif | pred_pos=0 | gt_pos=1348 | diff=1348 (0.021) | lcc=0.021 | flagged=0
[15:07:19] DEBUG - 94202004_240504a_14~8058_hr4_2521.tif | pred_pos=0 | gt_pos=1 | diff=1 (0.000) | lcc=0.000 | flagged=0
[15:07:19] DEBUG - 94202004_240504a_14~8058_hr4_2563.tif | pred_pos=0 | gt_pos=22177 | diff=22177 (0.338) | lcc=0.204 | flagged=0
[15:07:19] DEBUG - 94202004_240504a_14~8058_hr4_2712.tif | pred_pos=0 | gt_pos=25030 | diff=25030 (0.382) | lcc=0.382 | flagged=0
[15:07:19] DEBUG - 94202004_240504a_14~8058_hr4_2742.tif | pred_pos=0 | gt_pos=54002 | diff=54002 (0.824) | lcc=0.824 | flagged=1
[15:07:19] DEBUG - 94202004_240504a_14~8058_hr4_2753.tif | pred_pos=0 | gt_pos=9141 | diff=9141 (0.139) | lcc=0.139 | flagged=0
[15:07:19] DEBUG - 94202004_240504a_14~8058_hr4_2755.tif | pred_pos=0 | gt_pos=8339 | diff=8339 (0.127) | lcc=0.127 | flagged=0
[15:07:19] DEBUG - 94202004_240504a_14~8058_hr4_2925.tif | pred_pos=0 | gt_pos=26880 | diff=26880 (0.410) | lcc=0.410 | flagged=0
[15:07:19] DEBUG - 94202004_240504a_14~8058_hr4_3000.tif | pred_pos=0 | gt_pos=27789 | diff=27789 (0.424) | lcc=0.424 | flagged=0
[15:07:19] DEBUG - 94202004_240504a_14~8058_hr4_3158.tif | pred_pos=0 | gt_pos=0 | diff=0 (0.000) | lcc=0.000 | flagged=0
[15:07:19] DEBUG - 94202004_240504a_14~8058_hr4_3208.tif | pred_pos=0 | gt_pos=0 | diff=0 (0.000) | lcc=0.000 | flagged=0
[15:07:19] DEBUG - 94202004_240504a_14~8058_hr4_3229.tif | pred_pos=0 | gt_pos=14474 | diff=14474 (0.221) | lcc=0.221 | flagged=0
[15:07:19] DEBUG - 94202004_240504a_14~8058_hr4_3236.tif | pred_pos=0 | gt_pos=0 | diff=0 (0.000) | lcc=0.000 | flagged=0
[15:07:19] DEBUG - 94202004_240504a_14~8058_hr4_3293.tif | pred_pos=0 | gt_pos=55198 | diff=55198 (0.842) | lcc=0.842 | flagged=1
[15:07:19] DEBUG - 94202004_240504a_14~8058_hr4_3294.tif | pred_pos=0 | gt_pos=2 | diff=2 (0.000) | lcc=0.000 | flagged=0
[15:07:19] DEBUG - 94202004_240504a_14~8058_hr4_3379.tif | pred_pos=0 | gt_pos=7971 | diff=7971 (0.122) | lcc=0.119 | flagged=0
[15:07:19] DEBUG - 94202004_240504a_14~8058_hr4_3429.tif | pred_pos=0 | gt_pos=0 | diff=0 (0.000) | lcc=0.000 | flagged=0
[15:07:19] DEBUG - 94202004_240504a_14~8058_hr4_3443.tif | pred_pos=0 | gt_pos=3557 | diff=3557 (0.054) | lcc=0.054 | flagged=0
[15:07:19] DEBUG - 94202004_240504a_14~8058_hr4_3668.tif | pred_pos=0 | gt_pos=0 | diff=0 (0.000) | lcc=0.000 | flagged=0
[15:07:19] DEBUG - 94202004_240504a_14~8058_hr4_3705.tif | pred_pos=0 | gt_pos=0 | diff=0 (0.000) | lcc=0.000 | flagged=0
[15:07:19] DEBUG - 94202004_240504a_14~8058_hr4_3749.tif | pred_pos=0 | gt_pos=21659 | diff=21659 (0.330) | lcc=0.330 | flagged=0
[15:07:19] DEBUG - 94202004_240504a_14~8058_hr4_3936.tif | pred_pos=0 | gt_pos=0 | diff=0 (0.000) | lcc=0.000 | flagged=0
[15:07:19] DEBUG - 94202004_240504a_14~8058_hr4_3957.tif | pred_pos=0 | gt_pos=0 | diff=0 (0.000) | lcc=0.000 | flagged=0
[15:07:20] DEBUG - 94202004_240504a_14~8058_hr4_3960.tif | pred_pos=0 | gt_pos=41739 | diff=41739 (0.637) | lcc=0.637 | flagged=1
[15:07:20] DEBUG - 94202004_240504a_14~8058_hr4_3961.tif | pred_pos=0 | gt_pos=38836 | diff=38836 (0.593) | lcc=0.593 | flagged=1
[15:07:20] DEBUG - 94202004_240504a_14~8058_hr4_3975.tif | pred_pos=0 | gt_pos=39399 | diff=39399 (0.601) | lcc=0.601 | flagged=1
[15:07:20] DEBUG - 94202004_240504a_14~8058_hr4_4102.tif | pred_pos=0 | gt_pos=44185 | diff=44185 (0.674) | lcc=0.674 | flagged=1
[15:07:20] DEBUG - 94202004_240504a_14~8058_hr4_4308.tif | pred_pos=0 | gt_pos=0 | diff=0 (0.000) | lcc=0.000 | flagged=0
[15:07:20] DEBUG - 94202004_240504a_14~8058_hr4_4415.tif | pred_pos=0 | gt_pos=0 | diff=0 (0.000) | lcc=0.000 | flagged=0
[15:07:20] DEBUG - 94202004_240504a_14~8058_hr4_4429.tif | pred_pos=0 | gt_pos=0 | diff=0 (0.000) | lcc=0.000 | flagged=0
[15:07:20] DEBUG - 94202004_240504a_14~8058_hr4_549.tif | pred_pos=0 | gt_pos=0 | diff=0 (0.000) | lcc=0.000 | flagged=0
[15:07:20] DEBUG - 94202004_240504a_14~8058_hr4_5698.tif | pred_pos=0 | gt_pos=22043 | diff=22043 (0.336) | lcc=0.336 | flagged=0
[15:07:20] DEBUG - 94202004_240504a_14~8058_hr4_5774.tif | pred_pos=0 | gt_pos=42042 | diff=42042 (0.642) | lcc=0.642 | flagged=1
[15:07:20] DEBUG - 94202004_240504a_14~8058_hr4_5778.tif | pred_pos=0 | gt_pos=15055 | diff=15055 (0.230) | lcc=0.230 | flagged=0
[15:07:20] DEBUG - 94202004_240504a_14~8058_hr4_620.tif | pred_pos=0 | gt_pos=0 | diff=0 (0.000) | lcc=0.000 | flagged=0
[15:07:20] DEBUG - 94202004_240504a_14~8058_hr4_677.tif | pred_pos=0 | gt_pos=0 | diff=0 (0.000) | lcc=0.000 | flagged=0
[15:07:20] DEBUG - 94202007_240504a_17~8909_hr4c_1183.tif | pred_pos=0 | gt_pos=19195 | diff=19195 (0.293) | lcc=0.293 | flagged=0
[15:07:20] DEBUG - 94202007_240504a_17~8909_hr4c_1682.tif | pred_pos=0 | gt_pos=13866 | diff=13866 (0.212) | lcc=0.212 | flagged=0
[15:07:20] DEBUG - 94202007_240504a_17~8909_hr4c_1842.tif | pred_pos=0 | gt_pos=14949 | diff=14949 (0.228) | lcc=0.228 | flagged=0
[15:07:20] DEBUG - 94202007_240504a_17~8909_hr4c_1903.tif | pred_pos=0 | gt_pos=312 | diff=312 (0.005) | lcc=0.005 | flagged=0
[15:07:20] DEBUG - 94202007_240504a_17~8909_hr4c_229.tif | pred_pos=0 | gt_pos=0 | diff=0 (0.000) | lcc=0.000 | flagged=0
[15:07:20] DEBUG - 94202007_240504a_17~8909_hr4c_2573.tif | pred_pos=0 | gt_pos=0 | diff=0 (0.000) | lcc=0.000 | flagged=0
[15:07:20] DEBUG - 94202007_240504a_17~8909_hr4c_268.tif | pred_pos=0 | gt_pos=17936 | diff=17936 (0.274) | lcc=0.274 | flagged=0
[15:07:20] DEBUG - 94202007_240504a_17~8909_hr4c_357.tif | pred_pos=0 | gt_pos=40895 | diff=40895 (0.624) | lcc=0.624 | flagged=1
[15:07:20] DEBUG - 94202007_240504a_17~8909_hr4c_3570.tif | pred_pos=0 | gt_pos=0 | diff=0 (0.000) | lcc=0.000 | flagged=0
[15:07:20] DEBUG - 94202007_240504a_17~8909_hr4c_3910.tif | pred_pos=0 | gt_pos=0 | diff=0 (0.000) | lcc=0.000 | flagged=0
[15:07:20] DEBUG - 94202007_240504a_17~8909_hr4c_4236.tif | pred_pos=0 | gt_pos=0 | diff=0 (0.000) | lcc=0.000 | flagged=0
[15:07:20] DEBUG - 94202008_240504a_18~9194_hr4c_1060.tif | pred_pos=0 | gt_pos=41288 | diff=41288 (0.630) | lcc=0.630 | flagged=1
[15:07:20] DEBUG - 94202008_240504a_18~9194_hr4c_1063.tif | pred_pos=0 | gt_pos=29732 | diff=29732 (0.454) | lcc=0.454 | flagged=0
[15:07:20] DEBUG - 94202008_240504a_18~9194_hr4c_1208.tif | pred_pos=0 | gt_pos=43904 | diff=43904 (0.670) | lcc=0.670 | flagged=1
[15:07:20] DEBUG - 94202008_240504a_18~9194_hr4c_1312.tif | pred_pos=0 | gt_pos=0 | diff=0 (0.000) | lcc=0.000 | flagged=0
[15:07:20] DEBUG - 94202008_240504a_18~9194_hr4c_1335.tif | pred_pos=0 | gt_pos=0 | diff=0 (0.000) | lcc=0.000 | flagged=0
[15:07:20] DEBUG - 94202008_240504a_18~9194_hr4c_1395.tif | pred_pos=0 | gt_pos=937 | diff=937 (0.014) | lcc=0.014 | flagged=0
[15:07:20] DEBUG - 94202008_240504a_18~9194_hr4c_1631.tif | pred_pos=0 | gt_pos=12457 | diff=12457 (0.190) | lcc=0.190 | flagged=0
[15:07:20] DEBUG - 94202008_240504a_18~9194_hr4c_1703.tif | pred_pos=0 | gt_pos=36294 | diff=36294 (0.554) | lcc=0.554 | flagged=1
[15:07:20] DEBUG - 94202008_240504a_18~9194_hr4c_1704.tif | pred_pos=0 | gt_pos=6330 | diff=6330 (0.097) | lcc=0.097 | flagged=0
[15:07:20] DEBUG - 94202008_240504a_18~9194_hr4c_1778.tif | pred_pos=0 | gt_pos=352 | diff=352 (0.005) | lcc=0.005 | flagged=0
[15:07:20] DEBUG - 94202008_240504a_18~9194_hr4c_1783.tif | pred_pos=0 | gt_pos=5806 | diff=5806 (0.089) | lcc=0.089 | flagged=0
[15:07:20] DEBUG - 94202008_240504a_18~9194_hr4c_1816.tif | pred_pos=0 | gt_pos=97 | diff=97 (0.001) | lcc=0.001 | flagged=0
[15:07:20] DEBUG - 94202008_240504a_18~9194_hr4c_1818.tif | pred_pos=0 | gt_pos=40780 | diff=40780 (0.622) | lcc=0.622 | flagged=1
[15:07:20] DEBUG - 94202008_240504a_18~9194_hr4c_1925.tif | pred_pos=0 | gt_pos=6084 | diff=6084 (0.093) | lcc=0.093 | flagged=0
[15:07:20] DEBUG - 94202008_240504a_18~9194_hr4c_1950.tif | pred_pos=0 | gt_pos=22002 | diff=22002 (0.336) | lcc=0.336 | flagged=0
[15:07:20] DEBUG - 94202008_240504a_18~9194_hr4c_2003.tif | pred_pos=0 | gt_pos=1436 | diff=1436 (0.022) | lcc=0.022 | flagged=0
[15:07:20] DEBUG - 94202008_240504a_18~9194_hr4c_2005.tif | pred_pos=0 | gt_pos=16849 | diff=16849 (0.257) | lcc=0.257 | flagged=0
[15:07:20] DEBUG - 94202008_240504a_18~9194_hr4c_2033.tif | pred_pos=0 | gt_pos=65536 | diff=65536 (1.000) | lcc=1.000 | flagged=1
[15:07:20] DEBUG - 94202008_240504a_18~9194_hr4c_2106.tif | pred_pos=0 | gt_pos=65228 | diff=65228 (0.995) | lcc=0.995 | flagged=1
[15:07:20] DEBUG - 94202008_240504a_18~9194_hr4c_2109.tif | pred_pos=0 | gt_pos=38524 | diff=38524 (0.588) | lcc=0.588 | flagged=1
[15:07:20] DEBUG - 94202008_240504a_18~9194_hr4c_2112.tif | pred_pos=0 | gt_pos=10303 | diff=10303 (0.157) | lcc=0.157 | flagged=0
[15:07:20] DEBUG - 94202008_240504a_18~9194_hr4c_2218.tif | pred_pos=0 | gt_pos=0 | diff=0 (0.000) | lcc=0.000 | flagged=0
[15:07:20] DEBUG - 94202008_240504a_18~9194_hr4c_2254.tif | pred_pos=0 | gt_pos=38795 | diff=38795 (0.592) | lcc=0.592 | flagged=1
[15:07:20] DEBUG - 94202008_240504a_18~9194_hr4c_2255.tif | pred_pos=0 | gt_pos=23669 | diff=23669 (0.361) | lcc=0.361 | flagged=0
[15:07:20] DEBUG - 94202008_240504a_18~9194_hr4c_2416.tif | pred_pos=0 | gt_pos=4647 | diff=4647 (0.071) | lcc=0.071 | flagged=0
[15:07:20] DEBUG - 94202008_240504a_18~9194_hr4c_2449.tif | pred_pos=0 | gt_pos=0 | diff=0 (0.000) | lcc=0.000 | flagged=0
[15:07:20] DEBUG - 94202008_240504a_18~9194_hr4c_2796.tif | pred_pos=0 | gt_pos=0 | diff=0 (0.000) | lcc=0.000 | flagged=0
[15:07:20] DEBUG - 94202008_240504a_18~9194_hr4c_301.tif | pred_pos=0 | gt_pos=0 | diff=0 (0.000) | lcc=0.000 | flagged=0
[15:07:20] DEBUG - 94202008_240504a_18~9194_hr4c_324.tif | pred_pos=0 | gt_pos=5281 | diff=5281 (0.081) | lcc=0.081 | flagged=0
[15:07:20] DEBUG - 94202008_240504a_18~9194_hr4c_3284.tif | pred_pos=0 | gt_pos=0 | diff=0 (0.000) | lcc=0.000 | flagged=0
[15:07:20] DEBUG - 94202008_240504a_18~9194_hr4c_350.tif | pred_pos=0 | gt_pos=0 | diff=0 (0.000) | lcc=0.000 | flagged=0
[15:07:20] DEBUG - 94202008_240504a_18~9194_hr4c_3731.tif | pred_pos=0 | gt_pos=0 | diff=0 (0.000) | lcc=0.000 | flagged=0
[15:07:20] DEBUG - 94202008_240504a_18~9194_hr4c_4507.tif | pred_pos=0 | gt_pos=0 | diff=0 (0.000) | lcc=0.000 | flagged=0
[15:07:20] DEBUG - 94202008_240504a_18~9194_hr4c_5090.tif | pred_pos=0 | gt_pos=0 | diff=0 (0.000) | lcc=0.000 | flagged=0
[15:07:20] DEBUG - 94202008_240504a_18~9194_hr4c_5548.tif | pred_pos=0 | gt_pos=0 | diff=0 (0.000) | lcc=0.000 | flagged=0
[15:07:20] DEBUG - 94202008_240504a_18~9194_hr4c_69.tif | pred_pos=0 | gt_pos=464 | diff=464 (0.007) | lcc=0.007 | flagged=0
[15:07:20] DEBUG - 94202008_240504a_18~9194_hr4c_692.tif | pred_pos=0 | gt_pos=42401 | diff=42401 (0.647) | lcc=0.647 | flagged=1
[15:07:20] DEBUG - 94202008_240504a_18~9194_hr4c_911.tif | pred_pos=0 | gt_pos=49565 | diff=49565 (0.756) | lcc=0.399 | flagged=0
[15:07:20] DEBUG - 94202008_240504a_18~9194_hr4c_912.tif | pred_pos=0 | gt_pos=25144 | diff=25144 (0.384) | lcc=0.384 | flagged=0
[15:07:20] DEBUG - 94202008_240504a_18~9194_hr4c_986.tif | pred_pos=0 | gt_pos=58978 | diff=58978 (0.900) | lcc=0.900 | flagged=1
[15:07:20] DEBUG - 94202011_240504a_11~7323_hr4c_1130.tif | pred_pos=0 | gt_pos=0 | diff=0 (0.000) | lcc=0.000 | flagged=0
[15:07:20] DEBUG - 94202011_240504a_11~7323_hr4c_1780.tif | pred_pos=0 | gt_pos=0 | diff=0 (0.000) | lcc=0.000 | flagged=0
[15:07:20] DEBUG - 94202011_240504a_11~7323_hr4c_1786.tif | pred_pos=0 | gt_pos=0 | diff=0 (0.000) | lcc=0.000 | flagged=0
[15:07:20] DEBUG - 94202011_240504a_11~7323_hr4c_2737.tif | pred_pos=0 | gt_pos=17343 | diff=17343 (0.265) | lcc=0.265 | flagged=0
[15:07:20] DEBUG - 94202011_240504a_11~7323_hr4c_2950.tif | pred_pos=0 | gt_pos=29966 | diff=29966 (0.457) | lcc=0.457 | flagged=0
[15:07:20] DEBUG - 94202011_240504a_11~7323_hr4c_3031.tif | pred_pos=0 | gt_pos=27163 | diff=27163 (0.414) | lcc=0.216 | flagged=0
[15:07:20] DEBUG - 94202011_240504a_11~7323_hr4c_3103.tif | pred_pos=0 | gt_pos=30189 | diff=30189 (0.461) | lcc=0.461 | flagged=0
[15:07:20] DEBUG - 94202011_240504a_11~7323_hr4c_3248.tif | pred_pos=0 | gt_pos=35325 | diff=35325 (0.539) | lcc=0.539 | flagged=1
[15:07:20] DEBUG - 94202011_240504a_11~7323_hr4c_3250.tif | pred_pos=0 | gt_pos=22098 | diff=22098 (0.337) | lcc=0.337 | flagged=0
[15:07:20] DEBUG - 94202011_240504a_11~7323_hr4c_3321.tif | pred_pos=0 | gt_pos=40094 | diff=40094 (0.612) | lcc=0.612 | flagged=1
[15:07:20] DEBUG - 94202011_240504a_11~7323_hr4c_3322.tif | pred_pos=0 | gt_pos=40219 | diff=40219 (0.614) | lcc=0.614 | flagged=1
[15:07:20] DEBUG - 94202011_240504a_11~7323_hr4c_3467.tif | pred_pos=0 | gt_pos=34521 | diff=34521 (0.527) | lcc=0.527 | flagged=1
[15:07:20] DEBUG - 94202011_240504a_11~7323_hr4c_3540.tif | pred_pos=0 | gt_pos=6623 | diff=6623 (0.101) | lcc=0.101 | flagged=0
[15:07:20] DEBUG - 94202011_240504a_11~7323_hr4c_3770.tif | pred_pos=0 | gt_pos=12076 | diff=12076 (0.184) | lcc=0.184 | flagged=0
[15:07:20] DEBUG - 94202011_240504a_11~7323_hr4c_3803.tif | pred_pos=0 | gt_pos=0 | diff=0 (0.000) | lcc=0.000 | flagged=0
[15:07:20] DEBUG - 94202011_240504a_11~7323_hr4c_3992.tif | pred_pos=0 | gt_pos=176 | diff=176 (0.003) | lcc=0.003 | flagged=0
[15:07:20] DEBUG - 94202011_240504a_11~7323_hr4c_4237.tif | pred_pos=0 | gt_pos=0 | diff=0 (0.000) | lcc=0.000 | flagged=0
[15:07:20] DEBUG - 94202011_240504a_11~7323_hr4c_43.tif | pred_pos=0 | gt_pos=0 | diff=0 (0.000) | lcc=0.000 | flagged=0
[15:07:20] DEBUG - 94202011_240504a_11~7323_hr4c_4577.tif | pred_pos=0 | gt_pos=55552 | diff=55552 (0.848) | lcc=0.848 | flagged=1
[15:07:20] DEBUG - 94202011_240504a_11~7323_hr4c_4591.tif | pred_pos=0 | gt_pos=0 | diff=0 (0.000) | lcc=0.000 | flagged=0
[15:07:20] DEBUG - 94202011_240504a_11~7323_hr4c_4629.tif | pred_pos=0 | gt_pos=1640 | diff=1640 (0.025) | lcc=0.025 | flagged=0
[15:07:20] DEBUG - 94202011_240504a_11~7323_hr4c_4639.tif | pred_pos=0 | gt_pos=14911 | diff=14911 (0.228) | lcc=0.228 | flagged=0
[15:07:20] DEBUG - 94202011_240504a_11~7323_hr4c_4640.tif | pred_pos=0 | gt_pos=16974 | diff=16974 (0.259) | lcc=0.259 | flagged=0
[15:07:20] DEBUG - 94202011_240504a_11~7323_hr4c_4650.tif | pred_pos=0 | gt_pos=25711 | diff=25711 (0.392) | lcc=0.318 | flagged=0
[15:07:20] DEBUG - 94202011_240504a_11~7323_hr4c_4652.tif | pred_pos=0 | gt_pos=30993 | diff=30993 (0.473) | lcc=0.404 | flagged=0
[15:07:20] DEBUG - 94202011_240504a_11~7323_hr4c_4653.tif | pred_pos=0 | gt_pos=3325 | diff=3325 (0.051) | lcc=0.051 | flagged=0
[15:07:20] DEBUG - 94202011_240504a_11~7323_hr4c_4728.tif | pred_pos=0 | gt_pos=29535 | diff=29535 (0.451) | lcc=0.451 | flagged=0
[15:07:20] DEBUG - 94202011_240504a_11~7323_hr4c_4776.tif | pred_pos=0 | gt_pos=10276 | diff=10276 (0.157) | lcc=0.157 | flagged=0
[15:07:20] DEBUG - 94202011_240504a_11~7323_hr4c_4790.tif | pred_pos=0 | gt_pos=35897 | diff=35897 (0.548) | lcc=0.548 | flagged=1
[15:07:20] DEBUG - 94202011_240504a_11~7323_hr4c_4800.tif | pred_pos=0 | gt_pos=12125 | diff=12125 (0.185) | lcc=0.185 | flagged=0
[15:07:20] DEBUG - 94202011_240504a_11~7323_hr4c_4808.tif | pred_pos=0 | gt_pos=5672 | diff=5672 (0.087) | lcc=0.087 | flagged=0
[15:07:20] DEBUG - 94202011_240504a_11~7323_hr4c_4857.tif | pred_pos=0 | gt_pos=64967 | diff=64967 (0.991) | lcc=0.991 | flagged=1
[15:07:20] DEBUG - 94202011_240504a_11~7323_hr4c_4923.tif | pred_pos=0 | gt_pos=22396 | diff=22396 (0.342) | lcc=0.342 | flagged=0
[15:07:20] DEBUG - 94202011_240504a_11~7323_hr4c_4936.tif | pred_pos=0 | gt_pos=1761 | diff=1761 (0.027) | lcc=0.027 | flagged=0
[15:07:20] DEBUG - 94202011_240504a_11~7323_hr4c_4955.tif | pred_pos=0 | gt_pos=65536 | diff=65536 (1.000) | lcc=1.000 | flagged=1
[15:07:20] DEBUG - 94202011_240504a_11~7323_hr4c_4997.tif | pred_pos=0 | gt_pos=36110 | diff=36110 (0.551) | lcc=0.551 | flagged=1
[15:07:20] DEBUG - 94202011_240504a_11~7323_hr4c_5083.tif | pred_pos=0 | gt_pos=3525 | diff=3525 (0.054) | lcc=0.054 | flagged=0
[15:07:20] DEBUG - 94202011_240504a_11~7323_hr4c_5149.tif | pred_pos=0 | gt_pos=12581 | diff=12581 (0.192) | lcc=0.192 | flagged=0
[15:07:20] DEBUG - 94202011_240504a_11~7323_hr4c_5171.tif | pred_pos=0 | gt_pos=160 | diff=160 (0.002) | lcc=0.002 | flagged=0
[15:07:20] DEBUG - 94202011_240504a_11~7323_hr4c_5246.tif | pred_pos=0 | gt_pos=27051 | diff=27051 (0.413) | lcc=0.413 | flagged=0
[15:07:20] DEBUG - 94202011_240504a_11~7323_hr4c_5372.tif | pred_pos=0 | gt_pos=8926 | diff=8926 (0.136) | lcc=0.076 | flagged=0
[15:07:20] DEBUG - 94202011_240504a_11~7323_hr4c_5400.tif | pred_pos=0 | gt_pos=49727 | diff=49727 (0.759) | lcc=0.759 | flagged=1
[15:07:20] DEBUG - 94202011_240504a_11~7323_hr4c_5468.tif | pred_pos=0 | gt_pos=27584 | diff=27584 (0.421) | lcc=0.421 | flagged=0
[15:07:20] DEBUG - 94202011_240504a_11~7323_hr4c_5473.tif | pred_pos=0 | gt_pos=13694 | diff=13694 (0.209) | lcc=0.209 | flagged=0
[15:07:20] DEBUG - 94202011_240504a_11~7323_hr4c_5475.tif | pred_pos=0 | gt_pos=49973 | diff=49973 (0.763) | lcc=0.763 | flagged=1
[15:07:20] DEBUG - 94202011_240504a_11~7323_hr4c_5588.tif | pred_pos=0 | gt_pos=13328 | diff=13328 (0.203) | lcc=0.203 | flagged=0
[15:07:20] DEBUG - 94202011_240504a_11~7323_hr4c_5589.tif | pred_pos=0 | gt_pos=3676 | diff=3676 (0.056) | lcc=0.056 | flagged=0
[15:07:20] DEBUG - 94202011_240504a_11~7323_hr4c_5594.tif | pred_pos=0 | gt_pos=6248 | diff=6248 (0.095) | lcc=0.095 | flagged=0
[15:07:20] DEBUG - 94202011_240504a_11~7323_hr4c_5774.tif | pred_pos=0 | gt_pos=0 | diff=0 (0.000) | lcc=0.000 | flagged=0
[15:07:20] DEBUG - 94202011_240504a_11~7323_hr4c_5811.tif | pred_pos=0 | gt_pos=9584 | diff=9584 (0.146) | lcc=0.146 | flagged=0
[15:07:20] DEBUG - 94202011_240504a_11~7323_hr4c_5829.tif | pred_pos=0 | gt_pos=41728 | diff=41728 (0.637) | lcc=0.637 | flagged=1
[15:07:20] DEBUG - 94202011_240504a_11~7323_hr4c_5833.tif | pred_pos=0 | gt_pos=20131 | diff=20131 (0.307) | lcc=0.307 | flagged=0
[15:07:20] DEBUG - 94202011_240504a_11~7323_hr4c_839.tif | pred_pos=0 | gt_pos=0 | diff=0 (0.000) | lcc=0.000 | flagged=0
[15:07:20] DEBUG - 94202012_240504a_12~7552_hr4c_1001.tif | pred_pos=0 | gt_pos=36279 | diff=36279 (0.554) | lcc=0.554 | flagged=1
[15:07:20] DEBUG - 94202012_240504a_12~7552_hr4c_1069.tif | pred_pos=0 | gt_pos=15587 | diff=15587 (0.238) | lcc=0.238 | flagged=0
[15:07:20] DEBUG - 94202012_240504a_12~7552_hr4c_1074.tif | pred_pos=0 | gt_pos=4162 | diff=4162 (0.064) | lcc=0.064 | flagged=0
[15:07:20] DEBUG - 94202012_240504a_12~7552_hr4c_108.tif | pred_pos=0 | gt_pos=3077 | diff=3077 (0.047) | lcc=0.042 | flagged=0
[15:07:20] DEBUG - 94202012_240504a_12~7552_hr4c_1216.tif | pred_pos=0 | gt_pos=9151 | diff=9151 (0.140) | lcc=0.140 | flagged=0
[15:07:20] DEBUG - 94202012_240504a_12~7552_hr4c_1322.tif | pred_pos=0 | gt_pos=65536 | diff=65536 (1.000) | lcc=1.000 | flagged=1
[15:07:20] DEBUG - 94202012_240504a_12~7552_hr4c_1358.tif | pred_pos=0 | gt_pos=42563 | diff=42563 (0.649) | lcc=0.580 | flagged=1
[15:07:20] DEBUG - 94202012_240504a_12~7552_hr4c_1477.tif | pred_pos=0 | gt_pos=10463 | diff=10463 (0.160) | lcc=0.160 | flagged=0
[15:07:20] DEBUG - 94202012_240504a_12~7552_hr4c_1505.tif | pred_pos=0 | gt_pos=62298 | diff=62298 (0.951) | lcc=0.951 | flagged=1
[15:07:20] DEBUG - 94202012_240504a_12~7552_hr4c_1552.tif | pred_pos=0 | gt_pos=15029 | diff=15029 (0.229) | lcc=0.222 | flagged=0
[15:07:20] DEBUG - 94202012_240504a_12~7552_hr4c_1591.tif | pred_pos=0 | gt_pos=17156 | diff=17156 (0.262) | lcc=0.262 | flagged=0
[15:07:23] DEBUG - 94202012_240504a_12~7552_hr4c_1617.tif | pred_pos=0 | gt_pos=44511 | diff=44511 (0.679) | lcc=0.679 | flagged=1
[15:07:23] DEBUG - 94202012_240504a_12~7552_hr4c_1699.tif | pred_pos=0 | gt_pos=42032 | diff=42032 (0.641) | lcc=0.641 | flagged=1
[15:07:23] DEBUG - 94202012_240504a_12~7552_hr4c_1737.tif | pred_pos=0 | gt_pos=65536 | diff=65536 (1.000) | lcc=1.000 | flagged=1
[15:07:23] DEBUG - 94202012_240504a_12~7552_hr4c_1741.tif | pred_pos=0 | gt_pos=48613 | diff=48613 (0.742) | lcc=0.742 | flagged=1
[15:07:23] DEBUG - 94202012_240504a_12~7552_hr4c_1763.tif | pred_pos=0 | gt_pos=33252 | diff=33252 (0.507) | lcc=0.507 | flagged=1
[15:07:24] DEBUG - 94202012_240504a_12~7552_hr4c_1772.tif | pred_pos=0 | gt_pos=20759 | diff=20759 (0.317) | lcc=0.317 | flagged=0
[15:07:24] DEBUG - 94202012_240504a_12~7552_hr4c_1800.tif | pred_pos=0 | gt_pos=53016 | diff=53016 (0.809) | lcc=0.809 | flagged=1
[15:07:24] DEBUG - 94202012_240504a_12~7552_hr4c_1804.tif | pred_pos=0 | gt_pos=11219 | diff=11219 (0.171) | lcc=0.171 | flagged=0
[15:07:24] DEBUG - 94202012_240504a_12~7552_hr4c_1806.tif | pred_pos=0 | gt_pos=3917 | diff=3917 (0.060) | lcc=0.060 | flagged=0
[15:07:24] DEBUG - 94202012_240504a_12~7552_hr4c_1817.tif | pred_pos=0 | gt_pos=4775 | diff=4775 (0.073) | lcc=0.073 | flagged=0
[15:07:24] DEBUG - 94202012_240504a_12~7552_hr4c_184.tif | pred_pos=0 | gt_pos=26027 | diff=26027 (0.397) | lcc=0.397 | flagged=0
[15:07:24] DEBUG - 94202012_240504a_12~7552_hr4c_1841.tif | pred_pos=0 | gt_pos=32779 | diff=32779 (0.500) | lcc=0.263 | flagged=0
[15:07:24] DEBUG - 94202012_240504a_12~7552_hr4c_1871.tif | pred_pos=0 | gt_pos=12065 | diff=12065 (0.184) | lcc=0.121 | flagged=0
[15:07:24] DEBUG - 94202012_240504a_12~7552_hr4c_1878.tif | pred_pos=0 | gt_pos=15214 | diff=15214 (0.232) | lcc=0.232 | flagged=0
[15:07:24] DEBUG - 94202012_240504a_12~7552_hr4c_1891.tif | pred_pos=0 | gt_pos=11367 | diff=11367 (0.173) | lcc=0.173 | flagged=0
[15:07:24] DEBUG - 94202012_240504a_12~7552_hr4c_1912.tif | pred_pos=0 | gt_pos=54784 | diff=54784 (0.836) | lcc=0.836 | flagged=1
[15:07:24] DEBUG - 94202012_240504a_12~7552_hr4c_1914.tif | pred_pos=0 | gt_pos=65536 | diff=65536 (1.000) | lcc=1.000 | flagged=1
[15:07:24] DEBUG - 94202012_240504a_12~7552_hr4c_2013.tif | pred_pos=0 | gt_pos=6028 | diff=6028 (0.092) | lcc=0.092 | flagged=0
[15:07:24] DEBUG - 94202012_240504a_12~7552_hr4c_2015.tif | pred_pos=0 | gt_pos=15469 | diff=15469 (0.236) | lcc=0.203 | flagged=0
[15:07:24] DEBUG - 94202012_240504a_12~7552_hr4c_2016.tif | pred_pos=0 | gt_pos=19738 | diff=19738 (0.301) | lcc=0.301 | flagged=0
[15:07:24] DEBUG - 94202012_240504a_12~7552_hr4c_2033.tif | pred_pos=0 | gt_pos=13925 | diff=13925 (0.212) | lcc=0.212 | flagged=0
[15:07:24] DEBUG - 94202012_240504a_12~7552_hr4c_2036.tif | pred_pos=0 | gt_pos=5430 | diff=5430 (0.083) | lcc=0.083 | flagged=0
[15:07:24] DEBUG - 94202012_240504a_12~7552_hr4c_2060.tif | pred_pos=0 | gt_pos=64396 | diff=64396 (0.983) | lcc=0.983 | flagged=1
[15:07:24] DEBUG - 94202012_240504a_12~7552_hr4c_2180.tif | pred_pos=0 | gt_pos=65536 | diff=65536 (1.000) | lcc=1.000 | flagged=1
[15:07:24] DEBUG - 94202012_240504a_12~7552_hr4c_2259.tif | pred_pos=0 | gt_pos=16234 | diff=16234 (0.248) | lcc=0.248 | flagged=0
[15:07:24] DEBUG - 94202012_240504a_12~7552_hr4c_2260.tif | pred_pos=0 | gt_pos=7385 | diff=7385 (0.113) | lcc=0.113 | flagged=0
[15:07:24] DEBUG - 94202012_240504a_12~7552_hr4c_2262.tif | pred_pos=0 | gt_pos=6442 | diff=6442 (0.098) | lcc=0.098 | flagged=0
[15:07:24] DEBUG - 94202012_240504a_12~7552_hr4c_2301.tif | pred_pos=0 | gt_pos=26787 | diff=26787 (0.409) | lcc=0.409 | flagged=0
[15:07:24] DEBUG - 94202012_240504a_12~7552_hr4c_2410.tif | pred_pos=0 | gt_pos=8867 | diff=8867 (0.135) | lcc=0.135 | flagged=0
[15:07:24] DEBUG - 94202012_240504a_12~7552_hr4c_2454.tif | pred_pos=0 | gt_pos=25643 | diff=25643 (0.391) | lcc=0.391 | flagged=0
[15:07:24] DEBUG - 94202012_240504a_12~7552_hr4c_247.tif | pred_pos=0 | gt_pos=56517 | diff=56517 (0.862) | lcc=0.569 | flagged=1
[15:07:24] DEBUG - 94202012_240504a_12~7552_hr4c_2478.tif | pred_pos=0 | gt_pos=33517 | diff=33517 (0.511) | lcc=0.266 | flagged=0
[15:07:24] DEBUG - 94202012_240504a_12~7552_hr4c_2482.tif | pred_pos=0 | gt_pos=15527 | diff=15527 (0.237) | lcc=0.237 | flagged=0
[15:07:24] DEBUG - 94202012_240504a_12~7552_hr4c_2519.tif | pred_pos=0 | gt_pos=48239 | diff=48239 (0.736) | lcc=0.736 | flagged=1
[15:07:24] DEBUG - 94202012_240504a_12~7552_hr4c_2539.tif | pred_pos=0 | gt_pos=34649 | diff=34649 (0.529) | lcc=0.529 | flagged=1
[15:07:24] DEBUG - 94202012_240504a_12~7552_hr4c_254.tif | pred_pos=0 | gt_pos=30637 | diff=30637 (0.467) | lcc=0.467 | flagged=0
[15:07:24] DEBUG - 94202012_240504a_12~7552_hr4c_257.tif | pred_pos=0 | gt_pos=1634 | diff=1634 (0.025) | lcc=0.025 | flagged=0
[15:07:24] DEBUG - 94202012_240504a_12~7552_hr4c_2604.tif | pred_pos=0 | gt_pos=58224 | diff=58224 (0.888) | lcc=0.888 | flagged=1
[15:07:24] DEBUG - 94202012_240504a_12~7552_hr4c_2620.tif | pred_pos=0 | gt_pos=65536 | diff=65536 (1.000) | lcc=1.000 | flagged=1
[15:07:24] DEBUG - 94202012_240504a_12~7552_hr4c_2652.tif | pred_pos=0 | gt_pos=47440 | diff=47440 (0.724) | lcc=0.724 | flagged=1
[15:07:24] DEBUG - 94202012_240504a_12~7552_hr4c_2674.tif | pred_pos=0 | gt_pos=65536 | diff=65536 (1.000) | lcc=1.000 | flagged=1
[15:07:24] DEBUG - 94202012_240504a_12~7552_hr4c_2700.tif | pred_pos=0 | gt_pos=49849 | diff=49849 (0.761) | lcc=0.761 | flagged=1
[15:07:24] DEBUG - 94202012_240504a_12~7552_hr4c_2729.tif | pred_pos=0 | gt_pos=38755 | diff=38755 (0.591) | lcc=0.591 | flagged=1
[15:07:24] DEBUG - 94202012_240504a_12~7552_hr4c_2749.tif | pred_pos=0 | gt_pos=47946 | diff=47946 (0.732) | lcc=0.423 | flagged=0
[15:07:24] DEBUG - 94202012_240504a_12~7552_hr4c_2750.tif | pred_pos=0 | gt_pos=65536 | diff=65536 (1.000) | lcc=1.000 | flagged=1
[15:07:24] DEBUG - 94202012_240504a_12~7552_hr4c_2770.tif | pred_pos=0 | gt_pos=65536 | diff=65536 (1.000) | lcc=1.000 | flagged=1
[15:07:24] DEBUG - 94202012_240504a_12~7552_hr4c_2773.tif | pred_pos=0 | gt_pos=15549 | diff=15549 (0.237) | lcc=0.237 | flagged=0
[15:07:24] DEBUG - 94202012_240504a_12~7552_hr4c_2777.tif | pred_pos=0 | gt_pos=21661 | diff=21661 (0.331) | lcc=0.331 | flagged=0
[15:07:24] DEBUG - 94202012_240504a_12~7552_hr4c_2780.tif | pred_pos=0 | gt_pos=6712 | diff=6712 (0.102) | lcc=0.102 | flagged=0
[15:07:24] DEBUG - 94202012_240504a_12~7552_hr4c_28.tif | pred_pos=0 | gt_pos=16184 | diff=16184 (0.247) | lcc=0.186 | flagged=0
[15:07:24] DEBUG - 94202012_240504a_12~7552_hr4c_2821.tif | pred_pos=0 | gt_pos=48654 | diff=48654 (0.742) | lcc=0.742 | flagged=1
[15:07:24] DEBUG - 94202012_240504a_12~7552_hr4c_2847.tif | pred_pos=0 | gt_pos=13675 | diff=13675 (0.209) | lcc=0.209 | flagged=0
[15:07:24] DEBUG - 94202012_240504a_12~7552_hr4c_2851.tif | pred_pos=0 | gt_pos=20044 | diff=20044 (0.306) | lcc=0.306 | flagged=0
[15:07:24] DEBUG - 94202012_240504a_12~7552_hr4c_2882.tif | pred_pos=0 | gt_pos=322 | diff=322 (0.005) | lcc=0.005 | flagged=0
[15:07:24] DEBUG - 94202012_240504a_12~7552_hr4c_2883.tif | pred_pos=0 | gt_pos=15667 | diff=15667 (0.239) | lcc=0.239 | flagged=0
[15:07:24] DEBUG - 94202012_240504a_12~7552_hr4c_2920.tif | pred_pos=0 | gt_pos=49644 | diff=49644 (0.758) | lcc=0.731 | flagged=1
[15:07:24] DEBUG - 94202012_240504a_12~7552_hr4c_2956.tif | pred_pos=0 | gt_pos=1778 | diff=1778 (0.027) | lcc=0.027 | flagged=0
[15:07:24] DEBUG - 94202012_240504a_12~7552_hr4c_2968.tif | pred_pos=0 | gt_pos=17189 | diff=17189 (0.262) | lcc=0.222 | flagged=0
[15:07:24] DEBUG - 94202012_240504a_12~7552_hr4c_2973.tif | pred_pos=0 | gt_pos=587 | diff=587 (0.009) | lcc=0.009 | flagged=0
[15:07:24] DEBUG - 94202012_240504a_12~7552_hr4c_2980.tif | pred_pos=0 | gt_pos=54520 | diff=54520 (0.832) | lcc=0.832 | flagged=1
[15:07:24] DEBUG - 94202012_240504a_12~7552_hr4c_3001.tif | pred_pos=0 | gt_pos=5102 | diff=5102 (0.078) | lcc=0.078 | flagged=0
[15:07:24] DEBUG - 94202012_240504a_12~7552_hr4c_3053.tif | pred_pos=0 | gt_pos=40064 | diff=40064 (0.611) | lcc=0.611 | flagged=1
[15:07:24] DEBUG - 94202012_240504a_12~7552_hr4c_3116.tif | pred_pos=0 | gt_pos=0 | diff=0 (0.000) | lcc=0.000 | flagged=0
[15:07:24] DEBUG - 94202012_240504a_12~7552_hr4c_3119.tif | pred_pos=0 | gt_pos=52235 | diff=52235 (0.797) | lcc=0.769 | flagged=1
[15:07:24] DEBUG - 94202012_240504a_12~7552_hr4c_3124.tif | pred_pos=0 | gt_pos=32884 | diff=32884 (0.502) | lcc=0.502 | flagged=1
[15:07:24] DEBUG - 94202012_240504a_12~7552_hr4c_3183.tif | pred_pos=0 | gt_pos=18486 | diff=18486 (0.282) | lcc=0.282 | flagged=0
[15:07:24] DEBUG - 94202012_240504a_12~7552_hr4c_3193.tif | pred_pos=0 | gt_pos=60408 | diff=60408 (0.922) | lcc=0.922 | flagged=1
[15:07:24] DEBUG - 94202012_240504a_12~7552_hr4c_321.tif | pred_pos=0 | gt_pos=15513 | diff=15513 (0.237) | lcc=0.237 | flagged=0
[15:07:24] DEBUG - 94202012_240504a_12~7552_hr4c_3272.tif | pred_pos=0 | gt_pos=21391 | diff=21391 (0.326) | lcc=0.326 | flagged=0
[15:07:24] DEBUG - 94202012_240504a_12~7552_hr4c_3414.tif | pred_pos=0 | gt_pos=24003 | diff=24003 (0.366) | lcc=0.366 | flagged=0
[15:07:24] DEBUG - 94202012_240504a_12~7552_hr4c_345.tif | pred_pos=0 | gt_pos=6059 | diff=6059 (0.092) | lcc=0.092 | flagged=0
[15:07:24] DEBUG - 94202012_240504a_12~7552_hr4c_3485.tif | pred_pos=0 | gt_pos=43341 | diff=43341 (0.661) | lcc=0.661 | flagged=1
[15:07:24] DEBUG - 94202012_240504a_12~7552_hr4c_3489.tif | pred_pos=0 | gt_pos=0 | diff=0 (0.000) | lcc=0.000 | flagged=0
[15:07:24] DEBUG - 94202012_240504a_12~7552_hr4c_3500.tif | pred_pos=0 | gt_pos=0 | diff=0 (0.000) | lcc=0.000 | flagged=0
[15:07:24] DEBUG - 94202012_240504a_12~7552_hr4c_3512.tif | pred_pos=0 | gt_pos=55100 | diff=55100 (0.841) | lcc=0.841 | flagged=1
[15:07:24] DEBUG - 94202012_240504a_12~7552_hr4c_3590.tif | pred_pos=0 | gt_pos=2301 | diff=2301 (0.035) | lcc=0.035 | flagged=0
[15:07:24] DEBUG - 94202012_240504a_12~7552_hr4c_3642.tif | pred_pos=0 | gt_pos=28673 | diff=28673 (0.438) | lcc=0.438 | flagged=0
[15:07:24] DEBUG - 94202012_240504a_12~7552_hr4c_3717.tif | pred_pos=0 | gt_pos=1528 | diff=1528 (0.023) | lcc=0.023 | flagged=0
[15:07:24] DEBUG - 94202012_240504a_12~7552_hr4c_3740.tif | pred_pos=0 | gt_pos=36912 | diff=36912 (0.563) | lcc=0.563 | flagged=1
[15:07:24] DEBUG - 94202012_240504a_12~7552_hr4c_3746.tif | pred_pos=0 | gt_pos=11664 | diff=11664 (0.178) | lcc=0.178 | flagged=0
[15:07:24] DEBUG - 94202012_240504a_12~7552_hr4c_3769.tif | pred_pos=0 | gt_pos=0 | diff=0 (0.000) | lcc=0.000 | flagged=0
[15:07:24] DEBUG - 94202012_240504a_12~7552_hr4c_3793.tif | pred_pos=0 | gt_pos=11782 | diff=11782 (0.180) | lcc=0.180 | flagged=0
[15:07:24] DEBUG - 94202012_240504a_12~7552_hr4c_3796.tif | pred_pos=0 | gt_pos=202 | diff=202 (0.003) | lcc=0.003 | flagged=0
[15:07:24] DEBUG - 94202012_240504a_12~7552_hr4c_3836.tif | pred_pos=0 | gt_pos=3445 | diff=3445 (0.053) | lcc=0.053 | flagged=0
[15:07:24] DEBUG - 94202012_240504a_12~7552_hr4c_3838.tif | pred_pos=0 | gt_pos=410 | diff=410 (0.006) | lcc=0.006 | flagged=0
[15:07:24] DEBUG - 94202012_240504a_12~7552_hr4c_3980.tif | pred_pos=0 | gt_pos=0 | diff=0 (0.000) | lcc=0.000 | flagged=0
[15:07:24] DEBUG - 94202012_240504a_12~7552_hr4c_4055.tif | pred_pos=0 | gt_pos=4048 | diff=4048 (0.062) | lcc=0.062 | flagged=0
[15:07:24] DEBUG - 94202012_240504a_12~7552_hr4c_4084.tif | pred_pos=0 | gt_pos=62544 | diff=62544 (0.954) | lcc=0.954 | flagged=1
[15:07:24] DEBUG - 94202012_240504a_12~7552_hr4c_4085.tif | pred_pos=0 | gt_pos=17489 | diff=17489 (0.267) | lcc=0.267 | flagged=0
[15:07:24] DEBUG - 94202012_240504a_12~7552_hr4c_4086.tif | pred_pos=0 | gt_pos=16592 | diff=16592 (0.253) | lcc=0.253 | flagged=0
[15:07:24] DEBUG - 94202012_240504a_12~7552_hr4c_4095.tif | pred_pos=0 | gt_pos=10434 | diff=10434 (0.159) | lcc=0.159 | flagged=0
[15:07:24] DEBUG - 94202012_240504a_12~7552_hr4c_4193.tif | pred_pos=0 | gt_pos=11566 | diff=11566 (0.176) | lcc=0.176 | flagged=0
[15:07:24] DEBUG - 94202012_240504a_12~7552_hr4c_4227.tif | pred_pos=0 | gt_pos=9838 | diff=9838 (0.150) | lcc=0.150 | flagged=0
[15:07:24] DEBUG - 94202012_240504a_12~7552_hr4c_4228.tif | pred_pos=0 | gt_pos=9230 | diff=9230 (0.141) | lcc=0.141 | flagged=0
[15:07:24] DEBUG - 94202012_240504a_12~7552_hr4c_4259.tif | pred_pos=0 | gt_pos=22288 | diff=22288 (0.340) | lcc=0.340 | flagged=0
[15:07:24] DEBUG - 94202012_240504a_12~7552_hr4c_4261.tif | pred_pos=0 | gt_pos=31552 | diff=31552 (0.481) | lcc=0.481 | flagged=0
[15:07:24] DEBUG - 94202012_240504a_12~7552_hr4c_4396.tif | pred_pos=0 | gt_pos=1030 | diff=1030 (0.016) | lcc=0.016 | flagged=0
[15:07:24] DEBUG - 94202012_240504a_12~7552_hr4c_4455.tif | pred_pos=0 | gt_pos=11047 | diff=11047 (0.169) | lcc=0.169 | flagged=0
[15:07:24] DEBUG - 94202012_240504a_12~7552_hr4c_4516.tif | pred_pos=0 | gt_pos=2363 | diff=2363 (0.036) | lcc=0.036 | flagged=0
[15:07:24] DEBUG - 94202012_240504a_12~7552_hr4c_4543.tif | pred_pos=0 | gt_pos=8341 | diff=8341 (0.127) | lcc=0.127 | flagged=0
[15:07:24] DEBUG - 94202012_240504a_12~7552_hr4c_4602.tif | pred_pos=0 | gt_pos=65536 | diff=65536 (1.000) | lcc=1.000 | flagged=1
[15:07:24] DEBUG - 94202012_240504a_12~7552_hr4c_4611.tif | pred_pos=0 | gt_pos=49463 | diff=49463 (0.755) | lcc=0.755 | flagged=1
[15:07:24] DEBUG - 94202012_240504a_12~7552_hr4c_4740.tif | pred_pos=0 | gt_pos=3613 | diff=3613 (0.055) | lcc=0.055 | flagged=0
[15:07:24] DEBUG - 94202012_240504a_12~7552_hr4c_4761.tif | pred_pos=0 | gt_pos=15761 | diff=15761 (0.240) | lcc=0.240 | flagged=0
[15:07:24] DEBUG - 94202012_240504a_12~7552_hr4c_4892.tif | pred_pos=0 | gt_pos=17553 | diff=17553 (0.268) | lcc=0.268 | flagged=0
[15:07:24] DEBUG - 94202012_240504a_12~7552_hr4c_4911.tif | pred_pos=0 | gt_pos=11613 | diff=11613 (0.177) | lcc=0.096 | flagged=0
[15:07:24] DEBUG - 94202012_240504a_12~7552_hr4c_4917.tif | pred_pos=0 | gt_pos=60269 | diff=60269 (0.920) | lcc=0.920 | flagged=1
[15:07:24] DEBUG - 94202012_240504a_12~7552_hr4c_4961.tif | pred_pos=0 | gt_pos=19821 | diff=19821 (0.302) | lcc=0.302 | flagged=0
[15:07:24] DEBUG - 94202012_240504a_12~7552_hr4c_4966.tif | pred_pos=0 | gt_pos=38248 | diff=38248 (0.584) | lcc=0.584 | flagged=1
[15:07:24] DEBUG - 94202012_240504a_12~7552_hr4c_4981.tif | pred_pos=0 | gt_pos=81 | diff=81 (0.001) | lcc=0.001 | flagged=0
[15:07:24] DEBUG - 94202012_240504a_12~7552_hr4c_4993.tif | pred_pos=0 | gt_pos=26291 | diff=26291 (0.401) | lcc=0.401 | flagged=0
[15:07:24] DEBUG - 94202012_240504a_12~7552_hr4c_5017.tif | pred_pos=0 | gt_pos=198 | diff=198 (0.003) | lcc=0.003 | flagged=0
[15:07:24] DEBUG - 94202012_240504a_12~7552_hr4c_5029.tif | pred_pos=0 | gt_pos=37436 | diff=37436 (0.571) | lcc=0.571 | flagged=1
[15:07:24] DEBUG - 94202012_240504a_12~7552_hr4c_5032.tif | pred_pos=0 | gt_pos=705 | diff=705 (0.011) | lcc=0.011 | flagged=0
[15:07:24] DEBUG - 94202012_240504a_12~7552_hr4c_5052.tif | pred_pos=0 | gt_pos=4289 | diff=4289 (0.065) | lcc=0.065 | flagged=0
[15:07:24] DEBUG - 94202012_240504a_12~7552_hr4c_5069.tif | pred_pos=0 | gt_pos=27437 | diff=27437 (0.419) | lcc=0.419 | flagged=0
[15:07:24] DEBUG - 94202012_240504a_12~7552_hr4c_5176.tif | pred_pos=0 | gt_pos=200 | diff=200 (0.003) | lcc=0.003 | flagged=0
[15:07:24] DEBUG - 94202012_240504a_12~7552_hr4c_5178.tif | pred_pos=0 | gt_pos=15481 | diff=15481 (0.236) | lcc=0.157 | flagged=0
[15:07:24] DEBUG - 94202012_240504a_12~7552_hr4c_5183.tif | pred_pos=0 | gt_pos=4068 | diff=4068 (0.062) | lcc=0.062 | flagged=0
[15:07:24] DEBUG - 94202012_240504a_12~7552_hr4c_5184.tif | pred_pos=0 | gt_pos=22934 | diff=22934 (0.350) | lcc=0.350 | flagged=0
[15:07:24] DEBUG - 94202012_240504a_12~7552_hr4c_5196.tif | pred_pos=0 | gt_pos=58110 | diff=58110 (0.887) | lcc=0.887 | flagged=1
[15:07:24] DEBUG - 94202012_240504a_12~7552_hr4c_5231.tif | pred_pos=0 | gt_pos=6726 | diff=6726 (0.103) | lcc=0.103 | flagged=0
[15:07:24] DEBUG - 94202012_240504a_12~7552_hr4c_5242.tif | pred_pos=0 | gt_pos=1710 | diff=1710 (0.026) | lcc=0.026 | flagged=0
[15:07:24] DEBUG - 94202012_240504a_12~7552_hr4c_5259.tif | pred_pos=0 | gt_pos=17679 | diff=17679 (0.270) | lcc=0.270 | flagged=0
[15:07:24] DEBUG - 94202012_240504a_12~7552_hr4c_5260.tif | pred_pos=0 | gt_pos=41496 | diff=41496 (0.633) | lcc=0.633 | flagged=1
[15:07:24] DEBUG - 94202012_240504a_12~7552_hr4c_5263.tif | pred_pos=0 | gt_pos=49432 | diff=49432 (0.754) | lcc=0.646 | flagged=1
[15:07:24] DEBUG - 94202012_240504a_12~7552_hr4c_5284.tif | pred_pos=0 | gt_pos=11 | diff=11 (0.000) | lcc=0.000 | flagged=0
[15:07:24] DEBUG - 94202012_240504a_12~7552_hr4c_5318.tif | pred_pos=0 | gt_pos=23689 | diff=23689 (0.361) | lcc=0.309 | flagged=0
[15:07:24] DEBUG - 94202012_240504a_12~7552_hr4c_5320.tif | pred_pos=0 | gt_pos=8012 | diff=8012 (0.122) | lcc=0.122 | flagged=0
[15:07:24] DEBUG - 94202012_240504a_12~7552_hr4c_5323.tif | pred_pos=0 | gt_pos=254 | diff=254 (0.004) | lcc=0.004 | flagged=0
[15:07:24] DEBUG - 94202012_240504a_12~7552_hr4c_5348.tif | pred_pos=0 | gt_pos=32736 | diff=32736 (0.500) | lcc=0.415 | flagged=0
[15:07:24] DEBUG - 94202012_240504a_12~7552_hr4c_5363.tif | pred_pos=0 | gt_pos=35513 | diff=35513 (0.542) | lcc=0.542 | flagged=1
[15:07:24] DEBUG - 94202012_240504a_12~7552_hr4c_5394.tif | pred_pos=0 | gt_pos=28454 | diff=28454 (0.434) | lcc=0.434 | flagged=0
[15:07:24] DEBUG - 94202012_240504a_12~7552_hr4c_5401.tif | pred_pos=0 | gt_pos=16366 | diff=16366 (0.250) | lcc=0.250 | flagged=0
[15:07:24] DEBUG - 94202012_240504a_12~7552_hr4c_5423.tif | pred_pos=0 | gt_pos=4160 | diff=4160 (0.063) | lcc=0.055 | flagged=0
[15:07:24] DEBUG - 94202012_240504a_12~7552_hr4c_5424.tif | pred_pos=0 | gt_pos=63432 | diff=63432 (0.968) | lcc=0.968 | flagged=1
[15:07:24] DEBUG - 94202012_240504a_12~7552_hr4c_5455.tif | pred_pos=0 | gt_pos=6104 | diff=6104 (0.093) | lcc=0.093 | flagged=0
[15:07:24] DEBUG - 94202012_240504a_12~7552_hr4c_5468.tif | pred_pos=0 | gt_pos=28345 | diff=28345 (0.433) | lcc=0.433 | flagged=0
[15:07:24] DEBUG - 94202012_240504a_12~7552_hr4c_5485.tif | pred_pos=0 | gt_pos=1172 | diff=1172 (0.018) | lcc=0.018 | flagged=0
[15:07:24] DEBUG - 94202012_240504a_12~7552_hr4c_5496.tif | pred_pos=0 | gt_pos=47254 | diff=47254 (0.721) | lcc=0.721 | flagged=1
[15:07:24] DEBUG - 94202012_240504a_12~7552_hr4c_5507.tif | pred_pos=0 | gt_pos=16610 | diff=16610 (0.253) | lcc=0.253 | flagged=0
[15:07:24] DEBUG - 94202012_240504a_12~7552_hr4c_5543.tif | pred_pos=0 | gt_pos=22300 | diff=22300 (0.340) | lcc=0.340 | flagged=0
[15:07:24] DEBUG - 94202012_240504a_12~7552_hr4c_5556.tif | pred_pos=0 | gt_pos=18922 | diff=18922 (0.289) | lcc=0.289 | flagged=0
[15:07:24] DEBUG - 94202012_240504a_12~7552_hr4c_5557.tif | pred_pos=0 | gt_pos=14421 | diff=14421 (0.220) | lcc=0.220 | flagged=0
[15:07:24] DEBUG - 94202012_240504a_12~7552_hr4c_563.tif | pred_pos=0 | gt_pos=37100 | diff=37100 (0.566) | lcc=0.554 | flagged=1
[15:07:24] DEBUG - 94202012_240504a_12~7552_hr4c_5644.tif | pred_pos=0 | gt_pos=7433 | diff=7433 (0.113) | lcc=0.113 | flagged=0
[15:07:24] DEBUG - 94202012_240504a_12~7552_hr4c_5645.tif | pred_pos=0 | gt_pos=11495 | diff=11495 (0.175) | lcc=0.175 | flagged=0
[15:07:24] DEBUG - 94202012_240504a_12~7552_hr4c_5674.tif | pred_pos=0 | gt_pos=64556 | diff=64556 (0.985) | lcc=0.985 | flagged=1
[15:07:24] DEBUG - 94202012_240504a_12~7552_hr4c_5682.tif | pred_pos=0 | gt_pos=3028 | diff=3028 (0.046) | lcc=0.046 | flagged=0
[15:07:24] DEBUG - 94202012_240504a_12~7552_hr4c_5716.tif | pred_pos=0 | gt_pos=7832 | diff=7832 (0.120) | lcc=0.120 | flagged=0
[15:07:24] DEBUG - 94202012_240504a_12~7552_hr4c_5753.tif | pred_pos=0 | gt_pos=1242 | diff=1242 (0.019) | lcc=0.010 | flagged=0
[15:07:24] DEBUG - 94202012_240504a_12~7552_hr4c_5812.tif | pred_pos=0 | gt_pos=38646 | diff=38646 (0.590) | lcc=0.590 | flagged=1
[15:07:24] DEBUG - 94202012_240504a_12~7552_hr4c_5820.tif | pred_pos=0 | gt_pos=10784 | diff=10784 (0.165) | lcc=0.153 | flagged=0
[15:07:24] DEBUG - 94202012_240504a_12~7552_hr4c_5837.tif | pred_pos=0 | gt_pos=18350 | diff=18350 (0.280) | lcc=0.280 | flagged=0
[15:07:24] DEBUG - 94202012_240504a_12~7552_hr4c_639.tif | pred_pos=0 | gt_pos=38429 | diff=38429 (0.586) | lcc=0.375 | flagged=0
[15:07:24] DEBUG - 94202012_240504a_12~7552_hr4c_713.tif | pred_pos=0 | gt_pos=38789 | diff=38789 (0.592) | lcc=0.592 | flagged=1
[15:07:24] DEBUG - 94202012_240504a_12~7552_hr4c_717.tif | pred_pos=0 | gt_pos=30414 | diff=30414 (0.464) | lcc=0.464 | flagged=0
[15:07:24] DEBUG - 94202012_240504a_12~7552_hr4c_721.tif | pred_pos=0 | gt_pos=0 | diff=0 (0.000) | lcc=0.000 | flagged=0
[15:07:24] DEBUG - 94202012_240504a_12~7552_hr4c_775.tif | pred_pos=0 | gt_pos=37593 | diff=37593 (0.574) | lcc=0.574 | flagged=1
[15:07:24] DEBUG - 94202012_240504a_12~7552_hr4c_781.tif | pred_pos=0 | gt_pos=8273 | diff=8273 (0.126) | lcc=0.126 | flagged=0
[15:07:24] DEBUG - 94202012_240504a_12~7552_hr4c_841.tif | pred_pos=0 | gt_pos=19917 | diff=19917 (0.304) | lcc=0.304 | flagged=0
[15:07:24] DEBUG - 94202012_240504a_12~7552_hr4c_864.tif | pred_pos=0 | gt_pos=65536 | diff=65536 (1.000) | lcc=1.000 | flagged=1
[15:07:24] DEBUG - 94202012_240504a_12~7552_hr4c_913.tif | pred_pos=0 | gt_pos=65536 | diff=65536 (1.000) | lcc=1.000 | flagged=1
[15:07:24] DEBUG - 94202012_240504a_12~7552_hr4c_915.tif | pred_pos=0 | gt_pos=35233 | diff=35233 (0.538) | lcc=0.538 | flagged=1
[15:07:24] DEBUG - 94202012_240504a_12~7552_hr4c_937.tif | pred_pos=0 | gt_pos=45541 | diff=45541 (0.695) | lcc=0.695 | flagged=1
[15:07:24] DEBUG - 94202012_240504a_12~7552_hr4c_953.tif | pred_pos=0 | gt_pos=57124 | diff=57124 (0.872) | lcc=0.872 | flagged=1
[15:07:24] DEBUG - 94202012_240504a_12~7552_hr4c_957.tif | pred_pos=0 | gt_pos=1212 | diff=1212 (0.018) | lcc=0.018 | flagged=0
[15:07:24] DEBUG - 94202012_240504a_12~7552_hr4c_96.tif | pred_pos=0 | gt_pos=1315 | diff=1315 (0.020) | lcc=0.020 | flagged=0
[15:07:24] DEBUG - 94202013_240504a_13~7805_hr4_1021.tif | pred_pos=0 | gt_pos=20174 | diff=20174 (0.308) | lcc=0.308 | flagged=0
[15:07:24] DEBUG - 94202013_240504a_13~7805_hr4_1035.tif | pred_pos=0 | gt_pos=21827 | diff=21827 (0.333) | lcc=0.333 | flagged=0
[15:07:24] DEBUG - 94202013_240504a_13~7805_hr4_1059.tif | pred_pos=0 | gt_pos=52645 | diff=52645 (0.803) | lcc=0.803 | flagged=1
[15:07:24] DEBUG - 94202013_240504a_13~7805_hr4_106.tif | pred_pos=0 | gt_pos=2280 | diff=2280 (0.035) | lcc=0.035 | flagged=0
[15:07:24] DEBUG - 94202013_240504a_13~7805_hr4_1064.tif | pred_pos=0 | gt_pos=65536 | diff=65536 (1.000) | lcc=1.000 | flagged=1
[15:07:24] DEBUG - 94202013_240504a_13~7805_hr4_1079.tif | pred_pos=0 | gt_pos=1405 | diff=1405 (0.021) | lcc=0.021 | flagged=0
[15:07:24] DEBUG - 94202013_240504a_13~7805_hr4_1082.tif | pred_pos=0 | gt_pos=65536 | diff=65536 (1.000) | lcc=1.000 | flagged=1
[15:07:24] DEBUG - 94202013_240504a_13~7805_hr4_1147.tif | pred_pos=0 | gt_pos=0 | diff=0 (0.000) | lcc=0.000 | flagged=0
[15:07:24] DEBUG - 94202013_240504a_13~7805_hr4_1164.tif | pred_pos=0 | gt_pos=4483 | diff=4483 (0.068) | lcc=0.068 | flagged=0
[15:07:24] DEBUG - 94202013_240504a_13~7805_hr4_1173.tif | pred_pos=0 | gt_pos=29176 | diff=29176 (0.445) | lcc=0.445 | flagged=0
[15:07:24] DEBUG - 94202013_240504a_13~7805_hr4_1174.tif | pred_pos=0 | gt_pos=17722 | diff=17722 (0.270) | lcc=0.270 | flagged=0
[15:07:24] DEBUG - 94202013_240504a_13~7805_hr4_1182.tif | pred_pos=0 | gt_pos=65536 | diff=65536 (1.000) | lcc=1.000 | flagged=1
[15:07:24] DEBUG - 94202013_240504a_13~7805_hr4_1183.tif | pred_pos=0 | gt_pos=22593 | diff=22593 (0.345) | lcc=0.345 | flagged=0
[15:07:24] DEBUG - 94202013_240504a_13~7805_hr4_119.tif | pred_pos=0 | gt_pos=48623 | diff=48623 (0.742) | lcc=0.742 | flagged=1
[15:07:24] DEBUG - 94202013_240504a_13~7805_hr4_120.tif | pred_pos=0 | gt_pos=43949 | diff=43949 (0.671) | lcc=0.671 | flagged=1
[15:07:24] DEBUG - 94202013_240504a_13~7805_hr4_1203.tif | pred_pos=0 | gt_pos=37411 | diff=37411 (0.571) | lcc=0.571 | flagged=1
[15:07:24] DEBUG - 94202013_240504a_13~7805_hr4_1230.tif | pred_pos=0 | gt_pos=21427 | diff=21427 (0.327) | lcc=0.327 | flagged=0
[15:07:24] DEBUG - 94202013_240504a_13~7805_hr4_1278.tif | pred_pos=0 | gt_pos=23240 | diff=23240 (0.355) | lcc=0.233 | flagged=0
[15:07:24] DEBUG - 94202013_240504a_13~7805_hr4_1318.tif | pred_pos=0 | gt_pos=5873 | diff=5873 (0.090) | lcc=0.090 | flagged=0
[15:07:24] DEBUG - 94202013_240504a_13~7805_hr4_1324.tif | pred_pos=0 | gt_pos=53 | diff=53 (0.001) | lcc=0.001 | flagged=0
[15:07:24] DEBUG - 94202013_240504a_13~7805_hr4_1335.tif | pred_pos=0 | gt_pos=34780 | diff=34780 (0.531) | lcc=0.531 | flagged=1
[15:07:24] DEBUG - 94202013_240504a_13~7805_hr4_1361.tif | pred_pos=0 | gt_pos=2893 | diff=2893 (0.044) | lcc=0.044 | flagged=0
[15:07:24] DEBUG - 94202013_240504a_13~7805_hr4_1402.tif | pred_pos=0 | gt_pos=28387 | diff=28387 (0.433) | lcc=0.433 | flagged=0
[15:07:24] DEBUG - 94202013_240504a_13~7805_hr4_1403.tif | pred_pos=0 | gt_pos=29962 | diff=29962 (0.457) | lcc=0.457 | flagged=0
[15:07:28] DEBUG - 94202013_240504a_13~7805_hr4_1450.tif | pred_pos=0 | gt_pos=56813 | diff=56813 (0.867) | lcc=0.867 | flagged=1
[15:07:28] DEBUG - 94202013_240504a_13~7805_hr4_1452.tif | pred_pos=0 | gt_pos=13122 | diff=13122 (0.200) | lcc=0.200 | flagged=0
[15:07:28] DEBUG - 94202013_240504a_13~7805_hr4_1461.tif | pred_pos=0 | gt_pos=552 | diff=552 (0.008) | lcc=0.008 | flagged=0
[15:07:28] DEBUG - 94202013_240504a_13~7805_hr4_1512.tif | pred_pos=0 | gt_pos=65536 | diff=65536 (1.000) | lcc=1.000 | flagged=1
[15:07:28] DEBUG - 94202013_240504a_13~7805_hr4_1520.tif | pred_pos=0 | gt_pos=22493 | diff=22493 (0.343) | lcc=0.343 | flagged=0
[15:07:28] DEBUG - 94202013_240504a_13~7805_hr4_1521.tif | pred_pos=0 | gt_pos=43556 | diff=43556 (0.665) | lcc=0.665 | flagged=1
[15:07:28] DEBUG - 94202013_240504a_13~7805_hr4_1540.tif | pred_pos=0 | gt_pos=27021 | diff=27021 (0.412) | lcc=0.412 | flagged=0
[15:07:28] DEBUG - 94202013_240504a_13~7805_hr4_1549.tif | pred_pos=0 | gt_pos=50811 | diff=50811 (0.775) | lcc=0.732 | flagged=1
[15:07:28] DEBUG - 94202013_240504a_13~7805_hr4_1558.tif | pred_pos=0 | gt_pos=65536 | diff=65536 (1.000) | lcc=1.000 | flagged=1
[15:07:28] DEBUG - 94202013_240504a_13~7805_hr4_1570.tif | pred_pos=0 | gt_pos=41752 | diff=41752 (0.637) | lcc=0.601 | flagged=1
[15:07:28] DEBUG - 94202013_240504a_13~7805_hr4_1571.tif | pred_pos=0 | gt_pos=45915 | diff=45915 (0.701) | lcc=0.588 | flagged=1
[15:07:28] DEBUG - 94202013_240504a_13~7805_hr4_1595.tif | pred_pos=0 | gt_pos=29498 | diff=29498 (0.450) | lcc=0.450 | flagged=0
[15:07:28] DEBUG - 94202013_240504a_13~7805_hr4_1606.tif | pred_pos=0 | gt_pos=12028 | diff=12028 (0.184) | lcc=0.184 | flagged=0
[15:07:28] DEBUG - 94202013_240504a_13~7805_hr4_1631.tif | pred_pos=0 | gt_pos=34636 | diff=34636 (0.529) | lcc=0.377 | flagged=0
[15:07:28] DEBUG - 94202013_240504a_13~7805_hr4_1645.tif | pred_pos=0 | gt_pos=50395 | diff=50395 (0.769) | lcc=0.769 | flagged=1
[15:07:28] DEBUG - 94202013_240504a_13~7805_hr4_1669.tif | pred_pos=0 | gt_pos=10525 | diff=10525 (0.161) | lcc=0.090 | flagged=0
[15:07:28] DEBUG - 94202013_240504a_13~7805_hr4_1676.tif | pred_pos=0 | gt_pos=24654 | diff=24654 (0.376) | lcc=0.268 | flagged=0
[15:07:28] DEBUG - 94202013_240504a_13~7805_hr4_171.tif | pred_pos=0 | gt_pos=26312 | diff=26312 (0.401) | lcc=0.401 | flagged=0
[15:07:28] DEBUG - 94202013_240504a_13~7805_hr4_1724.tif | pred_pos=0 | gt_pos=19289 | diff=19289 (0.294) | lcc=0.294 | flagged=0
[15:07:28] DEBUG - 94202013_240504a_13~7805_hr4_1794.tif | pred_pos=0 | gt_pos=924 | diff=924 (0.014) | lcc=0.014 | flagged=0
[15:07:28] DEBUG - 94202013_240504a_13~7805_hr4_1839.tif | pred_pos=0 | gt_pos=658 | diff=658 (0.010) | lcc=0.010 | flagged=0
[15:07:28] DEBUG - 94202013_240504a_13~7805_hr4_1856.tif | pred_pos=0 | gt_pos=46757 | diff=46757 (0.713) | lcc=0.291 | flagged=0
[15:07:28] DEBUG - 94202013_240504a_13~7805_hr4_1858.tif | pred_pos=0 | gt_pos=6884 | diff=6884 (0.105) | lcc=0.105 | flagged=0
[15:07:28] DEBUG - 94202013_240504a_13~7805_hr4_189.tif | pred_pos=0 | gt_pos=7 | diff=7 (0.000) | lcc=0.000 | flagged=0
[15:07:28] DEBUG - 94202013_240504a_13~7805_hr4_193.tif | pred_pos=0 | gt_pos=880 | diff=880 (0.013) | lcc=0.013 | flagged=0
[15:07:28] DEBUG - 94202013_240504a_13~7805_hr4_1936.tif | pred_pos=0 | gt_pos=51352 | diff=51352 (0.784) | lcc=0.784 | flagged=1
[15:07:28] DEBUG - 94202013_240504a_13~7805_hr4_1947.tif | pred_pos=0 | gt_pos=26323 | diff=26323 (0.402) | lcc=0.402 | flagged=0
[15:07:28] DEBUG - 94202013_240504a_13~7805_hr4_1974.tif | pred_pos=0 | gt_pos=9968 | diff=9968 (0.152) | lcc=0.152 | flagged=0
[15:07:28] DEBUG - 94202013_240504a_13~7805_hr4_1985.tif | pred_pos=0 | gt_pos=16786 | diff=16786 (0.256) | lcc=0.256 | flagged=0
[15:07:28] DEBUG - 94202013_240504a_13~7805_hr4_2025.tif | pred_pos=0 | gt_pos=8170 | diff=8170 (0.125) | lcc=0.125 | flagged=0
[15:07:28] DEBUG - 94202013_240504a_13~7805_hr4_2029.tif | pred_pos=0 | gt_pos=4253 | diff=4253 (0.065) | lcc=0.065 | flagged=0
[15:07:28] DEBUG - 94202013_240504a_13~7805_hr4_2081.tif | pred_pos=0 | gt_pos=11116 | diff=11116 (0.170) | lcc=0.170 | flagged=0
[15:07:28] DEBUG - 94202013_240504a_13~7805_hr4_2092.tif | pred_pos=0 | gt_pos=23926 | diff=23926 (0.365) | lcc=0.365 | flagged=0
[15:07:28] DEBUG - 94202013_240504a_13~7805_hr4_2125.tif | pred_pos=0 | gt_pos=120 | diff=120 (0.002) | lcc=0.002 | flagged=0
[15:07:28] DEBUG - 94202013_240504a_13~7805_hr4_2130.tif | pred_pos=0 | gt_pos=62656 | diff=62656 (0.956) | lcc=0.956 | flagged=1
[15:07:28] DEBUG - 94202013_240504a_13~7805_hr4_2176.tif | pred_pos=0 | gt_pos=23217 | diff=23217 (0.354) | lcc=0.354 | flagged=0
[15:07:28] DEBUG - 94202013_240504a_13~7805_hr4_2240.tif | pred_pos=0 | gt_pos=27381 | diff=27381 (0.418) | lcc=0.418 | flagged=0
[15:07:28] DEBUG - 94202013_240504a_13~7805_hr4_2243.tif | pred_pos=0 | gt_pos=23631 | diff=23631 (0.361) | lcc=0.361 | flagged=0
[15:07:28] DEBUG - 94202013_240504a_13~7805_hr4_2246.tif | pred_pos=0 | gt_pos=3455 | diff=3455 (0.053) | lcc=0.053 | flagged=0
[15:07:28] DEBUG - 94202013_240504a_13~7805_hr4_2270.tif | pred_pos=0 | gt_pos=32822 | diff=32822 (0.501) | lcc=0.501 | flagged=1
[15:07:28] DEBUG - 94202013_240504a_13~7805_hr4_2281.tif | pred_pos=0 | gt_pos=19518 | diff=19518 (0.298) | lcc=0.298 | flagged=0
[15:07:28] DEBUG - 94202013_240504a_13~7805_hr4_2322.tif | pred_pos=0 | gt_pos=31551 | diff=31551 (0.481) | lcc=0.327 | flagged=0
[15:07:28] DEBUG - 94202013_240504a_13~7805_hr4_2339.tif | pred_pos=0 | gt_pos=24301 | diff=24301 (0.371) | lcc=0.371 | flagged=0
[15:07:28] DEBUG - 94202013_240504a_13~7805_hr4_2355.tif | pred_pos=0 | gt_pos=22908 | diff=22908 (0.350) | lcc=0.326 | flagged=0
[15:07:28] DEBUG - 94202013_240504a_13~7805_hr4_2371.tif | pred_pos=0 | gt_pos=23854 | diff=23854 (0.364) | lcc=0.364 | flagged=0
[15:07:28] DEBUG - 94202013_240504a_13~7805_hr4_238.tif | pred_pos=0 | gt_pos=23980 | diff=23980 (0.366) | lcc=0.254 | flagged=0
[15:07:28] DEBUG - 94202013_240504a_13~7805_hr4_2385.tif | pred_pos=0 | gt_pos=6759 | diff=6759 (0.103) | lcc=0.103 | flagged=0
[15:07:28] DEBUG - 94202013_240504a_13~7805_hr4_2391.tif | pred_pos=0 | gt_pos=15993 | diff=15993 (0.244) | lcc=0.244 | flagged=0
[15:07:28] DEBUG - 94202013_240504a_13~7805_hr4_2406.tif | pred_pos=0 | gt_pos=14617 | diff=14617 (0.223) | lcc=0.223 | flagged=0
[15:07:28] DEBUG - 94202013_240504a_13~7805_hr4_2408.tif | pred_pos=0 | gt_pos=6620 | diff=6620 (0.101) | lcc=0.101 | flagged=0
[15:07:28] DEBUG - 94202013_240504a_13~7805_hr4_2457.tif | pred_pos=0 | gt_pos=13810 | diff=13810 (0.211) | lcc=0.211 | flagged=0
[15:07:28] DEBUG - 94202013_240504a_13~7805_hr4_2467.tif | pred_pos=0 | gt_pos=37712 | diff=37712 (0.575) | lcc=0.575 | flagged=1
[15:07:28] DEBUG - 94202013_240504a_13~7805_hr4_248.tif | pred_pos=0 | gt_pos=44922 | diff=44922 (0.685) | lcc=0.477 | flagged=0
[15:07:28] DEBUG - 94202013_240504a_13~7805_hr4_2502.tif | pred_pos=0 | gt_pos=3433 | diff=3433 (0.052) | lcc=0.052 | flagged=0
[15:07:28] DEBUG - 94202013_240504a_13~7805_hr4_251.tif | pred_pos=0 | gt_pos=21860 | diff=21860 (0.334) | lcc=0.334 | flagged=0
[15:07:28] DEBUG - 94202013_240504a_13~7805_hr4_2516.tif | pred_pos=0 | gt_pos=22386 | diff=22386 (0.342) | lcc=0.342 | flagged=0
[15:07:28] DEBUG - 94202013_240504a_13~7805_hr4_2517.tif | pred_pos=0 | gt_pos=25491 | diff=25491 (0.389) | lcc=0.389 | flagged=0
[15:07:28] DEBUG - 94202013_240504a_13~7805_hr4_2540.tif | pred_pos=0 | gt_pos=14548 | diff=14548 (0.222) | lcc=0.105 | flagged=0
[15:07:28] DEBUG - 94202013_240504a_13~7805_hr4_2544.tif | pred_pos=0 | gt_pos=1848 | diff=1848 (0.028) | lcc=0.016 | flagged=0
[15:07:28] DEBUG - 94202013_240504a_13~7805_hr4_2622.tif | pred_pos=0 | gt_pos=18975 | diff=18975 (0.290) | lcc=0.289 | flagged=0
[15:07:28] DEBUG - 94202013_240504a_13~7805_hr4_2623.tif | pred_pos=0 | gt_pos=47397 | diff=47397 (0.723) | lcc=0.723 | flagged=1
[15:07:28] DEBUG - 94202013_240504a_13~7805_hr4_2636.tif | pred_pos=0 | gt_pos=65536 | diff=65536 (1.000) | lcc=1.000 | flagged=1
[15:07:28] DEBUG - 94202013_240504a_13~7805_hr4_2701.tif | pred_pos=0 | gt_pos=18905 | diff=18905 (0.288) | lcc=0.288 | flagged=0
[15:07:28] DEBUG - 94202013_240504a_13~7805_hr4_2723.tif | pred_pos=0 | gt_pos=42155 | diff=42155 (0.643) | lcc=0.643 | flagged=1
[15:07:28] DEBUG - 94202013_240504a_13~7805_hr4_2847.tif | pred_pos=0 | gt_pos=14 | diff=14 (0.000) | lcc=0.000 | flagged=0
[15:07:28] DEBUG - 94202013_240504a_13~7805_hr4_2916.tif | pred_pos=0 | gt_pos=65536 | diff=65536 (1.000) | lcc=1.000 | flagged=1
[15:07:28] DEBUG - 94202013_240504a_13~7805_hr4_2917.tif | pred_pos=0 | gt_pos=11011 | diff=11011 (0.168) | lcc=0.168 | flagged=0
[15:07:28] DEBUG - 94202013_240504a_13~7805_hr4_2977.tif | pred_pos=0 | gt_pos=4731 | diff=4731 (0.072) | lcc=0.072 | flagged=0
[15:07:28] DEBUG - 94202013_240504a_13~7805_hr4_2980.tif | pred_pos=0 | gt_pos=1153 | diff=1153 (0.018) | lcc=0.018 | flagged=0
[15:07:28] DEBUG - 94202013_240504a_13~7805_hr4_2991.tif | pred_pos=0 | gt_pos=911 | diff=911 (0.014) | lcc=0.007 | flagged=0
[15:07:28] DEBUG - 94202013_240504a_13~7805_hr4_2999.tif | pred_pos=0 | gt_pos=40801 | diff=40801 (0.623) | lcc=0.623 | flagged=1
[15:07:28] DEBUG - 94202013_240504a_13~7805_hr4_3000.tif | pred_pos=0 | gt_pos=6373 | diff=6373 (0.097) | lcc=0.097 | flagged=0
[15:07:28] DEBUG - 94202013_240504a_13~7805_hr4_3004.tif | pred_pos=0 | gt_pos=18140 | diff=18140 (0.277) | lcc=0.277 | flagged=0
[15:07:28] DEBUG - 94202013_240504a_13~7805_hr4_3011.tif | pred_pos=0 | gt_pos=14208 | diff=14208 (0.217) | lcc=0.217 | flagged=0
[15:07:28] DEBUG - 94202013_240504a_13~7805_hr4_3016.tif | pred_pos=0 | gt_pos=7820 | diff=7820 (0.119) | lcc=0.119 | flagged=0
[15:07:28] DEBUG - 94202013_240504a_13~7805_hr4_3037.tif | pred_pos=0 | gt_pos=746 | diff=746 (0.011) | lcc=0.011 | flagged=0
[15:07:28] DEBUG - 94202013_240504a_13~7805_hr4_3063.tif | pred_pos=0 | gt_pos=9980 | diff=9980 (0.152) | lcc=0.152 | flagged=0
[15:07:28] DEBUG - 94202013_240504a_13~7805_hr4_3076.tif | pred_pos=0 | gt_pos=61406 | diff=61406 (0.937) | lcc=0.937 | flagged=1
[15:07:28] DEBUG - 94202013_240504a_13~7805_hr4_3113.tif | pred_pos=0 | gt_pos=33507 | diff=33507 (0.511) | lcc=0.511 | flagged=1
[15:07:28] DEBUG - 94202013_240504a_13~7805_hr4_3151.tif | pred_pos=0 | gt_pos=47156 | diff=47156 (0.720) | lcc=0.531 | flagged=1
[15:07:28] DEBUG - 94202013_240504a_13~7805_hr4_3164.tif | pred_pos=0 | gt_pos=11662 | diff=11662 (0.178) | lcc=0.178 | flagged=0
[15:07:28] DEBUG - 94202013_240504a_13~7805_hr4_322.tif | pred_pos=0 | gt_pos=65536 | diff=65536 (1.000) | lcc=1.000 | flagged=1
[15:07:28] DEBUG - 94202013_240504a_13~7805_hr4_3228.tif | pred_pos=0 | gt_pos=29477 | diff=29477 (0.450) | lcc=0.450 | flagged=0
[15:07:28] DEBUG - 94202013_240504a_13~7805_hr4_3302.tif | pred_pos=0 | gt_pos=37971 | diff=37971 (0.579) | lcc=0.579 | flagged=1
[15:07:28] DEBUG - 94202013_240504a_13~7805_hr4_3305.tif | pred_pos=0 | gt_pos=23839 | diff=23839 (0.364) | lcc=0.364 | flagged=0
[15:07:28] DEBUG - 94202013_240504a_13~7805_hr4_3311.tif | pred_pos=0 | gt_pos=5849 | diff=5849 (0.089) | lcc=0.089 | flagged=0
[15:07:28] DEBUG - 94202013_240504a_13~7805_hr4_3370.tif | pred_pos=0 | gt_pos=56274 | diff=56274 (0.859) | lcc=0.859 | flagged=1
[15:07:28] DEBUG - 94202013_240504a_13~7805_hr4_3380.tif | pred_pos=0 | gt_pos=927 | diff=927 (0.014) | lcc=0.014 | flagged=0
[15:07:28] DEBUG - 94202013_240504a_13~7805_hr4_3387.tif | pred_pos=0 | gt_pos=54681 | diff=54681 (0.834) | lcc=0.834 | flagged=1
[15:07:28] DEBUG - 94202013_240504a_13~7805_hr4_3389.tif | pred_pos=0 | gt_pos=32942 | diff=32942 (0.503) | lcc=0.503 | flagged=1
[15:07:28] DEBUG - 94202013_240504a_13~7805_hr4_3513.tif | pred_pos=0 | gt_pos=15411 | diff=15411 (0.235) | lcc=0.235 | flagged=0
[15:07:28] DEBUG - 94202013_240504a_13~7805_hr4_3537.tif | pred_pos=0 | gt_pos=36544 | diff=36544 (0.558) | lcc=0.558 | flagged=1
[15:07:28] DEBUG - 94202013_240504a_13~7805_hr4_3562.tif | pred_pos=0 | gt_pos=28642 | diff=28642 (0.437) | lcc=0.437 | flagged=0
[15:07:28] DEBUG - 94202013_240504a_13~7805_hr4_3586.tif | pred_pos=0 | gt_pos=13153 | diff=13153 (0.201) | lcc=0.201 | flagged=0
[15:07:28] DEBUG - 94202013_240504a_13~7805_hr4_3589.tif | pred_pos=0 | gt_pos=30688 | diff=30688 (0.468) | lcc=0.327 | flagged=0
[15:07:28] DEBUG - 94202013_240504a_13~7805_hr4_3609.tif | pred_pos=0 | gt_pos=5483 | diff=5483 (0.084) | lcc=0.084 | flagged=0
[15:07:28] DEBUG - 94202013_240504a_13~7805_hr4_3614.tif | pred_pos=0 | gt_pos=3610 | diff=3610 (0.055) | lcc=0.055 | flagged=0
[15:07:28] DEBUG - 94202013_240504a_13~7805_hr4_3695.tif | pred_pos=0 | gt_pos=0 | diff=0 (0.000) | lcc=0.000 | flagged=0
[15:07:28] DEBUG - 94202013_240504a_13~7805_hr4_3737.tif | pred_pos=0 | gt_pos=50218 | diff=50218 (0.766) | lcc=0.741 | flagged=1
[15:07:28] DEBUG - 94202013_240504a_13~7805_hr4_3743.tif | pred_pos=0 | gt_pos=34850 | diff=34850 (0.532) | lcc=0.532 | flagged=1
[15:07:28] DEBUG - 94202013_240504a_13~7805_hr4_3758.tif | pred_pos=0 | gt_pos=11831 | diff=11831 (0.181) | lcc=0.181 | flagged=0
[15:07:28] DEBUG - 94202013_240504a_13~7805_hr4_3765.tif | pred_pos=0 | gt_pos=25530 | diff=25530 (0.390) | lcc=0.390 | flagged=0
[15:07:28] DEBUG - 94202013_240504a_13~7805_hr4_3773.tif | pred_pos=0 | gt_pos=0 | diff=0 (0.000) | lcc=0.000 | flagged=0
[15:07:28] DEBUG - 94202013_240504a_13~7805_hr4_3812.tif | pred_pos=0 | gt_pos=4 | diff=4 (0.000) | lcc=0.000 | flagged=0
[15:07:28] DEBUG - 94202013_240504a_13~7805_hr4_3836.tif | pred_pos=0 | gt_pos=64624 | diff=64624 (0.986) | lcc=0.986 | flagged=1
[15:07:28] DEBUG - 94202013_240504a_13~7805_hr4_385.tif | pred_pos=0 | gt_pos=14475 | diff=14475 (0.221) | lcc=0.221 | flagged=0
[15:07:28] DEBUG - 94202013_240504a_13~7805_hr4_386.tif | pred_pos=0 | gt_pos=5514 | diff=5514 (0.084) | lcc=0.084 | flagged=0
[15:07:28] DEBUG - 94202013_240504a_13~7805_hr4_3871.tif | pred_pos=0 | gt_pos=2356 | diff=2356 (0.036) | lcc=0.036 | flagged=0
[15:07:28] DEBUG - 94202013_240504a_13~7805_hr4_3895.tif | pred_pos=0 | gt_pos=14675 | diff=14675 (0.224) | lcc=0.224 | flagged=0
[15:07:28] DEBUG - 94202013_240504a_13~7805_hr4_3941.tif | pred_pos=0 | gt_pos=26661 | diff=26661 (0.407) | lcc=0.407 | flagged=0
[15:07:28] DEBUG - 94202013_240504a_13~7805_hr4_3944.tif | pred_pos=0 | gt_pos=52712 | diff=52712 (0.804) | lcc=0.804 | flagged=1
[15:07:28] DEBUG - 94202013_240504a_13~7805_hr4_396.tif | pred_pos=0 | gt_pos=65536 | diff=65536 (1.000) | lcc=1.000 | flagged=1
[15:07:28] DEBUG - 94202013_240504a_13~7805_hr4_3971.tif | pred_pos=0 | gt_pos=29860 | diff=29860 (0.456) | lcc=0.456 | flagged=0
[15:07:28] DEBUG - 94202013_240504a_13~7805_hr4_3983.tif | pred_pos=0 | gt_pos=36845 | diff=36845 (0.562) | lcc=0.562 | flagged=1
[15:07:28] DEBUG - 94202013_240504a_13~7805_hr4_402.tif | pred_pos=0 | gt_pos=28 | diff=28 (0.000) | lcc=0.000 | flagged=0
[15:07:28] DEBUG - 94202013_240504a_13~7805_hr4_4096.tif | pred_pos=0 | gt_pos=33843 | diff=33843 (0.516) | lcc=0.516 | flagged=1
[15:07:28] DEBUG - 94202013_240504a_13~7805_hr4_4107.tif | pred_pos=0 | gt_pos=48425 | diff=48425 (0.739) | lcc=0.739 | flagged=1
[15:07:28] DEBUG - 94202013_240504a_13~7805_hr4_4183.tif | pred_pos=0 | gt_pos=25636 | diff=25636 (0.391) | lcc=0.391 | flagged=0
[15:07:28] DEBUG - 94202013_240504a_13~7805_hr4_4283.tif | pred_pos=0 | gt_pos=13953 | diff=13953 (0.213) | lcc=0.213 | flagged=0
[15:07:28] DEBUG - 94202013_240504a_13~7805_hr4_4285.tif | pred_pos=0 | gt_pos=44348 | diff=44348 (0.677) | lcc=0.677 | flagged=1
[15:07:28] DEBUG - 94202013_240504a_13~7805_hr4_4286.tif | pred_pos=0 | gt_pos=12948 | diff=12948 (0.198) | lcc=0.198 | flagged=0
[15:07:28] DEBUG - 94202013_240504a_13~7805_hr4_4317.tif | pred_pos=0 | gt_pos=56181 | diff=56181 (0.857) | lcc=0.857 | flagged=1
[15:07:28] DEBUG - 94202013_240504a_13~7805_hr4_4319.tif | pred_pos=0 | gt_pos=14602 | diff=14602 (0.223) | lcc=0.223 | flagged=0
[15:07:28] DEBUG - 94202013_240504a_13~7805_hr4_4326.tif | pred_pos=0 | gt_pos=0 | diff=0 (0.000) | lcc=0.000 | flagged=0
[15:07:28] DEBUG - 94202013_240504a_13~7805_hr4_4379.tif | pred_pos=0 | gt_pos=27940 | diff=27940 (0.426) | lcc=0.426 | flagged=0
[15:07:28] DEBUG - 94202013_240504a_13~7805_hr4_4391.tif | pred_pos=0 | gt_pos=52135 | diff=52135 (0.796) | lcc=0.796 | flagged=1
[15:07:28] DEBUG - 94202013_240504a_13~7805_hr4_4441.tif | pred_pos=0 | gt_pos=25199 | diff=25199 (0.385) | lcc=0.385 | flagged=0
[15:07:28] DEBUG - 94202013_240504a_13~7805_hr4_4507.tif | pred_pos=0 | gt_pos=59625 | diff=59625 (0.910) | lcc=0.753 | flagged=1
[15:07:31] DEBUG - 94202013_240504a_13~7805_hr4_4528.tif | pred_pos=0 | gt_pos=20935 | diff=20935 (0.319) | lcc=0.319 | flagged=0
[15:07:31] DEBUG - 94202013_240504a_13~7805_hr4_4529.tif | pred_pos=0 | gt_pos=58679 | diff=58679 (0.895) | lcc=0.895 | flagged=1
[15:07:31] DEBUG - 94202013_240504a_13~7805_hr4_4580.tif | pred_pos=0 | gt_pos=54055 | diff=54055 (0.825) | lcc=0.825 | flagged=1
[15:07:31] DEBUG - 94202013_240504a_13~7805_hr4_4609.tif | pred_pos=0 | gt_pos=65126 | diff=65126 (0.994) | lcc=0.994 | flagged=1
[15:07:32] DEBUG - 94202013_240504a_13~7805_hr4_4684.tif | pred_pos=0 | gt_pos=1918 | diff=1918 (0.029) | lcc=0.029 | flagged=0
[15:07:32] DEBUG - 94202013_240504a_13~7805_hr4_469.tif | pred_pos=0 | gt_pos=2034 | diff=2034 (0.031) | lcc=0.031 | flagged=0
[15:07:32] DEBUG - 94202013_240504a_13~7805_hr4_4741.tif | pred_pos=0 | gt_pos=65536 | diff=65536 (1.000) | lcc=1.000 | flagged=1
[15:07:32] DEBUG - 94202013_240504a_13~7805_hr4_4761.tif | pred_pos=0 | gt_pos=53850 | diff=53850 (0.822) | lcc=0.822 | flagged=1
[15:07:32] DEBUG - 94202013_240504a_13~7805_hr4_4818.tif | pred_pos=0 | gt_pos=0 | diff=0 (0.000) | lcc=0.000 | flagged=0
[15:07:32] DEBUG - 94202013_240504a_13~7805_hr4_4827.tif | pred_pos=0 | gt_pos=33838 | diff=33838 (0.516) | lcc=0.516 | flagged=1
[15:07:32] DEBUG - 94202013_240504a_13~7805_hr4_4881.tif | pred_pos=0 | gt_pos=5848 | diff=5848 (0.089) | lcc=0.089 | flagged=0
[15:07:32] DEBUG - 94202013_240504a_13~7805_hr4_4888.tif | pred_pos=0 | gt_pos=78 | diff=78 (0.001) | lcc=0.001 | flagged=0
[15:07:32] DEBUG - 94202013_240504a_13~7805_hr4_4893.tif | pred_pos=0 | gt_pos=46 | diff=46 (0.001) | lcc=0.001 | flagged=0
[15:07:32] DEBUG - 94202013_240504a_13~7805_hr4_4939.tif | pred_pos=0 | gt_pos=20255 | diff=20255 (0.309) | lcc=0.309 | flagged=0
[15:07:32] DEBUG - 94202013_240504a_13~7805_hr4_4957.tif | pred_pos=0 | gt_pos=33545 | diff=33545 (0.512) | lcc=0.512 | flagged=1
[15:07:32] DEBUG - 94202013_240504a_13~7805_hr4_5013.tif | pred_pos=0 | gt_pos=5866 | diff=5866 (0.090) | lcc=0.090 | flagged=0
[15:07:32] DEBUG - 94202013_240504a_13~7805_hr4_5101.tif | pred_pos=0 | gt_pos=4405 | diff=4405 (0.067) | lcc=0.067 | flagged=0
[15:07:32] DEBUG - 94202013_240504a_13~7805_hr4_5109.tif | pred_pos=0 | gt_pos=0 | diff=0 (0.000) | lcc=0.000 | flagged=0
[15:07:32] DEBUG - 94202013_240504a_13~7805_hr4_511.tif | pred_pos=0 | gt_pos=47346 | diff=47346 (0.722) | lcc=0.722 | flagged=1
[15:07:32] DEBUG - 94202013_240504a_13~7805_hr4_5127.tif | pred_pos=0 | gt_pos=58384 | diff=58384 (0.891) | lcc=0.891 | flagged=1
[15:07:32] DEBUG - 94202013_240504a_13~7805_hr4_5142.tif | pred_pos=0 | gt_pos=65536 | diff=65536 (1.000) | lcc=1.000 | flagged=1
[15:07:32] DEBUG - 94202013_240504a_13~7805_hr4_5152.tif | pred_pos=0 | gt_pos=20065 | diff=20065 (0.306) | lcc=0.306 | flagged=0
[15:07:32] DEBUG - 94202013_240504a_13~7805_hr4_5167.tif | pred_pos=0 | gt_pos=8 | diff=8 (0.000) | lcc=0.000 | flagged=0
[15:07:32] DEBUG - 94202013_240504a_13~7805_hr4_5242.tif | pred_pos=0 | gt_pos=54918 | diff=54918 (0.838) | lcc=0.838 | flagged=1
[15:07:32] DEBUG - 94202013_240504a_13~7805_hr4_5250.tif | pred_pos=0 | gt_pos=5872 | diff=5872 (0.090) | lcc=0.090 | flagged=0
[15:07:32] DEBUG - 94202013_240504a_13~7805_hr4_5261.tif | pred_pos=0 | gt_pos=45498 | diff=45498 (0.694) | lcc=0.694 | flagged=1
[15:07:32] DEBUG - 94202013_240504a_13~7805_hr4_5303.tif | pred_pos=0 | gt_pos=60280 | diff=60280 (0.920) | lcc=0.920 | flagged=1
[15:07:32] DEBUG - 94202013_240504a_13~7805_hr4_5316.tif | pred_pos=0 | gt_pos=36735 | diff=36735 (0.561) | lcc=0.561 | flagged=1
[15:07:32] DEBUG - 94202013_240504a_13~7805_hr4_5324.tif | pred_pos=0 | gt_pos=408 | diff=408 (0.006) | lcc=0.006 | flagged=0
[15:07:32] DEBUG - 94202013_240504a_13~7805_hr4_5328.tif | pred_pos=0 | gt_pos=8433 | diff=8433 (0.129) | lcc=0.129 | flagged=0
[15:07:32] DEBUG - 94202013_240504a_13~7805_hr4_5336.tif | pred_pos=0 | gt_pos=109 | diff=109 (0.002) | lcc=0.002 | flagged=0
[15:07:32] DEBUG - 94202013_240504a_13~7805_hr4_5351.tif | pred_pos=0 | gt_pos=21825 | diff=21825 (0.333) | lcc=0.333 | flagged=0
[15:07:32] DEBUG - 94202013_240504a_13~7805_hr4_5365.tif | pred_pos=0 | gt_pos=63579 | diff=63579 (0.970) | lcc=0.970 | flagged=1
[15:07:32] DEBUG - 94202013_240504a_13~7805_hr4_537.tif | pred_pos=0 | gt_pos=3043 | diff=3043 (0.046) | lcc=0.046 | flagged=0
[15:07:32] DEBUG - 94202013_240504a_13~7805_hr4_5425.tif | pred_pos=0 | gt_pos=4916 | diff=4916 (0.075) | lcc=0.075 | flagged=0
[15:07:32] DEBUG - 94202013_240504a_13~7805_hr4_5649.tif | pred_pos=0 | gt_pos=10735 | diff=10735 (0.164) | lcc=0.164 | flagged=0
[15:07:32] DEBUG - 94202013_240504a_13~7805_hr4_5675.tif | pred_pos=0 | gt_pos=19264 | diff=19264 (0.294) | lcc=0.294 | flagged=0
[15:07:32] DEBUG - 94202013_240504a_13~7805_hr4_5722.tif | pred_pos=0 | gt_pos=32491 | diff=32491 (0.496) | lcc=0.496 | flagged=0
[15:07:32] DEBUG - 94202013_240504a_13~7805_hr4_5723.tif | pred_pos=0 | gt_pos=5412 | diff=5412 (0.083) | lcc=0.083 | flagged=0
[15:07:32] DEBUG - 94202013_240504a_13~7805_hr4_5797.tif | pred_pos=0 | gt_pos=16 | diff=16 (0.000) | lcc=0.000 | flagged=0
[15:07:32] DEBUG - 94202013_240504a_13~7805_hr4_5816.tif | pred_pos=0 | gt_pos=39146 | diff=39146 (0.597) | lcc=0.597 | flagged=1
[15:07:32] DEBUG - 94202013_240504a_13~7805_hr4_5825.tif | pred_pos=0 | gt_pos=4402 | diff=4402 (0.067) | lcc=0.067 | flagged=0
[15:07:32] DEBUG - 94202013_240504a_13~7805_hr4_5830.tif | pred_pos=0 | gt_pos=7111 | diff=7111 (0.109) | lcc=0.109 | flagged=0
[15:07:32] DEBUG - 94202013_240504a_13~7805_hr4_5839.tif | pred_pos=0 | gt_pos=11561 | diff=11561 (0.176) | lcc=0.176 | flagged=0
[15:07:32] DEBUG - 94202013_240504a_13~7805_hr4_625.tif | pred_pos=0 | gt_pos=12168 | diff=12168 (0.186) | lcc=0.186 | flagged=0
[15:07:32] DEBUG - 94202013_240504a_13~7805_hr4_660.tif | pred_pos=0 | gt_pos=62420 | diff=62420 (0.952) | lcc=0.952 | flagged=1
[15:07:32] DEBUG - 94202013_240504a_13~7805_hr4_686.tif | pred_pos=0 | gt_pos=16646 | diff=16646 (0.254) | lcc=0.175 | flagged=0
[15:07:32] DEBUG - 94202013_240504a_13~7805_hr4_692.tif | pred_pos=0 | gt_pos=10332 | diff=10332 (0.158) | lcc=0.158 | flagged=0
[15:07:32] DEBUG - 94202013_240504a_13~7805_hr4_694.tif | pred_pos=0 | gt_pos=20466 | diff=20466 (0.312) | lcc=0.312 | flagged=0
[15:07:32] DEBUG - 94202013_240504a_13~7805_hr4_760.tif | pred_pos=0 | gt_pos=1549 | diff=1549 (0.024) | lcc=0.014 | flagged=0
[15:07:32] DEBUG - 94202013_240504a_13~7805_hr4_761.tif | pred_pos=0 | gt_pos=61193 | diff=61193 (0.934) | lcc=0.601 | flagged=1
[15:07:32] DEBUG - 94202013_240504a_13~7805_hr4_818.tif | pred_pos=0 | gt_pos=18430 | diff=18430 (0.281) | lcc=0.237 | flagged=0
[15:07:32] DEBUG - 94202013_240504a_13~7805_hr4_841.tif | pred_pos=0 | gt_pos=49377 | diff=49377 (0.753) | lcc=0.753 | flagged=1
[15:07:32] DEBUG - 94202013_240504a_13~7805_hr4_857.tif | pred_pos=0 | gt_pos=6305 | diff=6305 (0.096) | lcc=0.096 | flagged=0
[15:07:32] DEBUG - 94202013_240504a_13~7805_hr4_913.tif | pred_pos=0 | gt_pos=6017 | diff=6017 (0.092) | lcc=0.092 | flagged=0
[15:07:32] DEBUG - 94202013_240504a_13~7805_hr4_915.tif | pred_pos=0 | gt_pos=13967 | diff=13967 (0.213) | lcc=0.213 | flagged=0
[15:07:32] DEBUG - 94202014_240504a_14~8062_hr4_1045.tif | pred_pos=0 | gt_pos=57724 | diff=57724 (0.881) | lcc=0.596 | flagged=1
[15:07:32] DEBUG - 94202014_240504a_14~8062_hr4_1119.tif | pred_pos=0 | gt_pos=52555 | diff=52555 (0.802) | lcc=0.647 | flagged=1
[15:07:32] DEBUG - 94202014_240504a_14~8062_hr4_1132.tif | pred_pos=0 | gt_pos=13582 | diff=13582 (0.207) | lcc=0.207 | flagged=0
[15:07:32] DEBUG - 94202014_240504a_14~8062_hr4_1166.tif | pred_pos=0 | gt_pos=0 | diff=0 (0.000) | lcc=0.000 | flagged=0
[15:07:32] DEBUG - 94202014_240504a_14~8062_hr4_1190.tif | pred_pos=0 | gt_pos=31396 | diff=31396 (0.479) | lcc=0.451 | flagged=0
[15:07:32] DEBUG - 94202014_240504a_14~8062_hr4_1193.tif | pred_pos=0 | gt_pos=43250 | diff=43250 (0.660) | lcc=0.629 | flagged=1
[15:07:32] DEBUG - 94202014_240504a_14~8062_hr4_1209.tif | pred_pos=0 | gt_pos=21209 | diff=21209 (0.324) | lcc=0.175 | flagged=0
[15:07:32] DEBUG - 94202014_240504a_14~8062_hr4_1211.tif | pred_pos=0 | gt_pos=12344 | diff=12344 (0.188) | lcc=0.119 | flagged=0
[15:07:32] DEBUG - 94202014_240504a_14~8062_hr4_1263.tif | pred_pos=0 | gt_pos=47780 | diff=47780 (0.729) | lcc=0.729 | flagged=1
[15:07:32] DEBUG - 94202014_240504a_14~8062_hr4_1286.tif | pred_pos=0 | gt_pos=5598 | diff=5598 (0.085) | lcc=0.085 | flagged=0
[15:07:32] DEBUG - 94202014_240504a_14~8062_hr4_1288.tif | pred_pos=0 | gt_pos=0 | diff=0 (0.000) | lcc=0.000 | flagged=0
[15:07:32] DEBUG - 94202014_240504a_14~8062_hr4_1357.tif | pred_pos=0 | gt_pos=34373 | diff=34373 (0.524) | lcc=0.522 | flagged=1
[15:07:32] DEBUG - 94202014_240504a_14~8062_hr4_1363.tif | pred_pos=0 | gt_pos=21778 | diff=21778 (0.332) | lcc=0.332 | flagged=0
[15:07:32] DEBUG - 94202014_240504a_14~8062_hr4_1406.tif | pred_pos=0 | gt_pos=9343 | diff=9343 (0.143) | lcc=0.143 | flagged=0
[15:07:32] DEBUG - 94202014_240504a_14~8062_hr4_1410.tif | pred_pos=0 | gt_pos=2966 | diff=2966 (0.045) | lcc=0.045 | flagged=0
[15:07:32] DEBUG - 94202014_240504a_14~8062_hr4_1423.tif | pred_pos=0 | gt_pos=23378 | diff=23378 (0.357) | lcc=0.357 | flagged=0
[15:07:32] DEBUG - 94202014_240504a_14~8062_hr4_1494.tif | pred_pos=0 | gt_pos=52794 | diff=52794 (0.806) | lcc=0.806 | flagged=1
[15:07:32] DEBUG - 94202014_240504a_14~8062_hr4_1502.tif | pred_pos=0 | gt_pos=32082 | diff=32082 (0.490) | lcc=0.490 | flagged=0
[15:07:32] DEBUG - 94202014_240504a_14~8062_hr4_1512.tif | pred_pos=0 | gt_pos=28065 | diff=28065 (0.428) | lcc=0.428 | flagged=0
[15:07:32] DEBUG - 94202014_240504a_14~8062_hr4_153.tif | pred_pos=0 | gt_pos=0 | diff=0 (0.000) | lcc=0.000 | flagged=0
[15:07:32] DEBUG - 94202014_240504a_14~8062_hr4_1646.tif | pred_pos=0 | gt_pos=2937 | diff=2937 (0.045) | lcc=0.045 | flagged=0
[15:07:32] DEBUG - 94202014_240504a_14~8062_hr4_1707.tif | pred_pos=0 | gt_pos=11583 | diff=11583 (0.177) | lcc=0.177 | flagged=0
[15:07:32] DEBUG - 94202014_240504a_14~8062_hr4_1781.tif | pred_pos=0 | gt_pos=65536 | diff=65536 (1.000) | lcc=1.000 | flagged=1
[15:07:32] DEBUG - 94202014_240504a_14~8062_hr4_1783.tif | pred_pos=0 | gt_pos=58254 | diff=58254 (0.889) | lcc=0.889 | flagged=1
[15:07:32] DEBUG - 94202014_240504a_14~8062_hr4_1874.tif | pred_pos=0 | gt_pos=12263 | diff=12263 (0.187) | lcc=0.187 | flagged=0
[15:07:32] DEBUG - 94202014_240504a_14~8062_hr4_1875.tif | pred_pos=0 | gt_pos=15064 | diff=15064 (0.230) | lcc=0.202 | flagged=0
[15:07:32] DEBUG - 94202014_240504a_14~8062_hr4_2149.tif | pred_pos=0 | gt_pos=16562 | diff=16562 (0.253) | lcc=0.253 | flagged=0
[15:07:32] DEBUG - 94202014_240504a_14~8062_hr4_2317.tif | pred_pos=0 | gt_pos=26472 | diff=26472 (0.404) | lcc=0.404 | flagged=0
[15:07:32] DEBUG - 94202014_240504a_14~8062_hr4_2391.tif | pred_pos=0 | gt_pos=17391 | diff=17391 (0.265) | lcc=0.265 | flagged=0
[15:07:32] DEBUG - 94202014_240504a_14~8062_hr4_2615.tif | pred_pos=0 | gt_pos=43568 | diff=43568 (0.665) | lcc=0.665 | flagged=1
[15:07:32] DEBUG - 94202014_240504a_14~8062_hr4_2678.tif | pred_pos=0 | gt_pos=41380 | diff=41380 (0.631) | lcc=0.631 | flagged=1
[15:07:32] DEBUG - 94202014_240504a_14~8062_hr4_2680.tif | pred_pos=0 | gt_pos=20865 | diff=20865 (0.318) | lcc=0.300 | flagged=0
[15:07:32] DEBUG - 94202014_240504a_14~8062_hr4_2826.tif | pred_pos=0 | gt_pos=65402 | diff=65402 (0.998) | lcc=0.998 | flagged=1
[15:07:32] DEBUG - 94202014_240504a_14~8062_hr4_2916.tif | pred_pos=0 | gt_pos=22480 | diff=22480 (0.343) | lcc=0.343 | flagged=0
[15:07:32] DEBUG - 94202014_240504a_14~8062_hr4_2983.tif | pred_pos=0 | gt_pos=17357 | diff=17357 (0.265) | lcc=0.265 | flagged=0
[15:07:32] DEBUG - 94202014_240504a_14~8062_hr4_3195.tif | pred_pos=0 | gt_pos=7652 | diff=7652 (0.117) | lcc=0.117 | flagged=0
[15:07:32] DEBUG - 94202014_240504a_14~8062_hr4_341.tif | pred_pos=0 | gt_pos=0 | diff=0 (0.000) | lcc=0.000 | flagged=0
[15:07:32] DEBUG - 94202014_240504a_14~8062_hr4_3413.tif | pred_pos=0 | gt_pos=10057 | diff=10057 (0.153) | lcc=0.153 | flagged=0
[15:07:32] DEBUG - 94202014_240504a_14~8062_hr4_3417.tif | pred_pos=0 | gt_pos=46776 | diff=46776 (0.714) | lcc=0.714 | flagged=1
[15:07:32] DEBUG - 94202014_240504a_14~8062_hr4_3550.tif | pred_pos=0 | gt_pos=0 | diff=0 (0.000) | lcc=0.000 | flagged=0
[15:07:32] DEBUG - 94202014_240504a_14~8062_hr4_4076.tif | pred_pos=0 | gt_pos=23563 | diff=23563 (0.360) | lcc=0.360 | flagged=0
[15:07:32] DEBUG - 94202014_240504a_14~8062_hr4_4087.tif | pred_pos=0 | gt_pos=16858 | diff=16858 (0.257) | lcc=0.257 | flagged=0
[15:07:32] DEBUG - 94202014_240504a_14~8062_hr4_4235.tif | pred_pos=0 | gt_pos=40497 | diff=40497 (0.618) | lcc=0.618 | flagged=1
[15:07:32] DEBUG - 94202014_240504a_14~8062_hr4_4236.tif | pred_pos=0 | gt_pos=6666 | diff=6666 (0.102) | lcc=0.102 | flagged=0
[15:07:32] DEBUG - 94202014_240504a_14~8062_hr4_4299.tif | pred_pos=0 | gt_pos=26704 | diff=26704 (0.407) | lcc=0.407 | flagged=0
[15:07:32] DEBUG - 94202014_240504a_14~8062_hr4_4372.tif | pred_pos=0 | gt_pos=7558 | diff=7558 (0.115) | lcc=0.115 | flagged=0
[15:07:32] DEBUG - 94202014_240504a_14~8062_hr4_4440.tif | pred_pos=0 | gt_pos=65536 | diff=65536 (1.000) | lcc=1.000 | flagged=1
[15:07:32] DEBUG - 94202014_240504a_14~8062_hr4_4443.tif | pred_pos=0 | gt_pos=26529 | diff=26529 (0.405) | lcc=0.405 | flagged=0
[15:07:32] DEBUG - 94202014_240504a_14~8062_hr4_4517.tif | pred_pos=0 | gt_pos=39779 | diff=39779 (0.607) | lcc=0.607 | flagged=1
[15:07:32] DEBUG - 94202014_240504a_14~8062_hr4_4519.tif | pred_pos=0 | gt_pos=61191 | diff=61191 (0.934) | lcc=0.934 | flagged=1
[15:07:32] DEBUG - 94202014_240504a_14~8062_hr4_4592.tif | pred_pos=0 | gt_pos=5271 | diff=5271 (0.080) | lcc=0.080 | flagged=0
[15:07:32] DEBUG - 94202014_240504a_14~8062_hr4_4664.tif | pred_pos=0 | gt_pos=19462 | diff=19462 (0.297) | lcc=0.297 | flagged=0
[15:07:32] DEBUG - 94202014_240504a_14~8062_hr4_4742.tif | pred_pos=0 | gt_pos=0 | diff=0 (0.000) | lcc=0.000 | flagged=0
[15:07:32] DEBUG - 94202014_240504a_14~8062_hr4_4816.tif | pred_pos=0 | gt_pos=56730 | diff=56730 (0.866) | lcc=0.866 | flagged=1
[15:07:32] DEBUG - 94202014_240504a_14~8062_hr4_4962.tif | pred_pos=0 | gt_pos=12447 | diff=12447 (0.190) | lcc=0.190 | flagged=0
[15:07:32] DEBUG - 94202014_240504a_14~8062_hr4_5625.tif | pred_pos=0 | gt_pos=24815 | diff=24815 (0.379) | lcc=0.379 | flagged=0
[15:07:32] DEBUG - 94202014_240504a_14~8062_hr4_5776.tif | pred_pos=0 | gt_pos=6289 | diff=6289 (0.096) | lcc=0.096 | flagged=0
[15:07:32] DEBUG - 94202014_240504a_14~8062_hr4_5806.tif | pred_pos=0 | gt_pos=0 | diff=0 (0.000) | lcc=0.000 | flagged=0
[15:07:32] DEBUG - 94202014_240504a_14~8062_hr4_752.tif | pred_pos=0 | gt_pos=400 | diff=400 (0.006) | lcc=0.006 | flagged=0
[15:07:32] DEBUG - 94202014_240504a_14~8062_hr4_814.tif | pred_pos=0 | gt_pos=22461 | diff=22461 (0.343) | lcc=0.343 | flagged=0
[15:07:32] DEBUG - 94202014_240504a_14~8062_hr4_820.tif | pred_pos=0 | gt_pos=24697 | diff=24697 (0.377) | lcc=0.377 | flagged=0
[15:07:32] DEBUG - 94202014_240504a_14~8062_hr4_899.tif | pred_pos=0 | gt_pos=18832 | diff=18832 (0.287) | lcc=0.287 | flagged=0
[15:07:32] DEBUG - 94202014_240504a_14~8062_hr4_909.tif | pred_pos=0 | gt_pos=12845 | diff=12845 (0.196) | lcc=0.196 | flagged=0
[15:07:32] DEBUG - 94202014_240504a_14~8062_hr4_910.tif | pred_pos=0 | gt_pos=39676 | diff=39676 (0.605) | lcc=0.353 | flagged=0
[15:07:32] DEBUG - 94202014_240504a_14~8062_hr4_949.tif | pred_pos=0 | gt_pos=0 | diff=0 (0.000) | lcc=0.000 | flagged=0
[15:07:32] DEBUG - 94202014_240504a_14~8062_hr4_957.tif | pred_pos=0 | gt_pos=0 | diff=0 (0.000) | lcc=0.000 | flagged=0
[15:07:32] DEBUG - 94202014_240504a_14~8062_hr4_974.tif | pred_pos=0 | gt_pos=5639 | diff=5639 (0.086) | lcc=0.086 | flagged=0
[15:07:32] DEBUG - 94202014_240504a_14~8062_hr4_977.tif | pred_pos=0 | gt_pos=40755 | diff=40755 (0.622) | lcc=0.622 | flagged=1
[15:07:32] DEBUG - 94202014_240504a_14~8062_hr4_983.tif | pred_pos=0 | gt_pos=21878 | diff=21878 (0.334) | lcc=0.334 | flagged=0
[15:07:32] DEBUG - 94202021_240504a_11~7327_hr4_1029.tif | pred_pos=0 | gt_pos=8286 | diff=8286 (0.126) | lcc=0.126 | flagged=0
[15:07:32] DEBUG - 94202021_240504a_11~7327_hr4_1086.tif | pred_pos=0 | gt_pos=6919 | diff=6919 (0.106) | lcc=0.106 | flagged=0
[15:07:32] DEBUG - 94202021_240504a_11~7327_hr4_1157.tif | pred_pos=0 | gt_pos=11092 | diff=11092 (0.169) | lcc=0.169 | flagged=0
[15:07:32] DEBUG - 94202021_240504a_11~7327_hr4_1177.tif | pred_pos=0 | gt_pos=33253 | diff=33253 (0.507) | lcc=0.507 | flagged=1
[15:07:32] DEBUG - 94202021_240504a_11~7327_hr4_1232.tif | pred_pos=0 | gt_pos=51145 | diff=51145 (0.780) | lcc=0.780 | flagged=1
[15:07:32] DEBUG - 94202021_240504a_11~7327_hr4_1243.tif | pred_pos=0 | gt_pos=26329 | diff=26329 (0.402) | lcc=0.402 | flagged=0
[15:07:32] DEBUG - 94202021_240504a_11~7327_hr4_1297.tif | pred_pos=0 | gt_pos=2662 | diff=2662 (0.041) | lcc=0.041 | flagged=0
[15:07:32] DEBUG - 94202021_240504a_11~7327_hr4_1310.tif | pred_pos=0 | gt_pos=324 | diff=324 (0.005) | lcc=0.005 | flagged=0
[15:07:32] DEBUG - 94202021_240504a_11~7327_hr4_1444.tif | pred_pos=0 | gt_pos=0 | diff=0 (0.000) | lcc=0.000 | flagged=0
[15:07:32] DEBUG - 94202021_240504a_11~7327_hr4_1464.tif | pred_pos=0 | gt_pos=9437 | diff=9437 (0.144) | lcc=0.144 | flagged=0
[15:07:32] DEBUG - 94202021_240504a_11~7327_hr4_151.tif | pred_pos=0 | gt_pos=0 | diff=0 (0.000) | lcc=0.000 | flagged=0
[15:07:32] DEBUG - 94202021_240504a_11~7327_hr4_1615.tif | pred_pos=0 | gt_pos=8686 | diff=8686 (0.133) | lcc=0.133 | flagged=0
[15:07:32] DEBUG - 94202021_240504a_11~7327_hr4_1696.tif | pred_pos=0 | gt_pos=1258 | diff=1258 (0.019) | lcc=0.019 | flagged=0
[15:07:32] DEBUG - 94202021_240504a_11~7327_hr4_1749.tif | pred_pos=0 | gt_pos=0 | diff=0 (0.000) | lcc=0.000 | flagged=0
[15:07:32] DEBUG - 94202021_240504a_11~7327_hr4_1848.tif | pred_pos=0 | gt_pos=0 | diff=0 (0.000) | lcc=0.000 | flagged=0
[15:07:32] DEBUG - 94202021_240504a_11~7327_hr4_1891.tif | pred_pos=0 | gt_pos=869 | diff=869 (0.013) | lcc=0.013 | flagged=0
[15:07:32] DEBUG - 94202021_240504a_11~7327_hr4_1899.tif | pred_pos=0 | gt_pos=14161 | diff=14161 (0.216) | lcc=0.216 | flagged=0
[15:07:32] DEBUG - 94202021_240504a_11~7327_hr4_1905.tif | pred_pos=0 | gt_pos=16 | diff=16 (0.000) | lcc=0.000 | flagged=0
[15:07:32] DEBUG - 94202021_240504a_11~7327_hr4_1913.tif | pred_pos=0 | gt_pos=24229 | diff=24229 (0.370) | lcc=0.370 | flagged=0
[15:07:32] DEBUG - 94202021_240504a_11~7327_hr4_1970.tif | pred_pos=0 | gt_pos=65536 | diff=65536 (1.000) | lcc=1.000 | flagged=1
[15:07:32] DEBUG - 94202021_240504a_11~7327_hr4_2045.tif | pred_pos=0 | gt_pos=28435 | diff=28435 (0.434) | lcc=0.434 | flagged=0
[15:07:32] DEBUG - 94202021_240504a_11~7327_hr4_2132.tif | pred_pos=0 | gt_pos=3279 | diff=3279 (0.050) | lcc=0.050 | flagged=0
[15:07:32] DEBUG - 94202021_240504a_11~7327_hr4_3063.tif | pred_pos=0 | gt_pos=0 | diff=0 (0.000) | lcc=0.000 | flagged=0
[15:07:32] DEBUG - 94202021_240504a_11~7327_hr4_4342.tif | pred_pos=0 | gt_pos=0 | diff=0 (0.000) | lcc=0.000 | flagged=0
[15:07:32] DEBUG - 94202021_240504a_11~7327_hr4_484.tif | pred_pos=0 | gt_pos=2010 | diff=2010 (0.031) | lcc=0.031 | flagged=0
[15:07:32] DEBUG - 94202021_240504a_11~7327_hr4_4879.tif | pred_pos=0 | gt_pos=17151 | diff=17151 (0.262) | lcc=0.262 | flagged=0
[15:07:32] DEBUG - 94202021_240504a_11~7327_hr4_502.tif | pred_pos=0 | gt_pos=65536 | diff=65536 (1.000) | lcc=1.000 | flagged=1
[15:07:32] DEBUG - 94202021_240504a_11~7327_hr4_510.tif | pred_pos=0 | gt_pos=8182 | diff=8182 (0.125) | lcc=0.125 | flagged=0
[15:07:32] DEBUG - 94202021_240504a_11~7327_hr4_5172.tif | pred_pos=0 | gt_pos=26551 | diff=26551 (0.405) | lcc=0.405 | flagged=0
[15:07:32] DEBUG - 94202021_240504a_11~7327_hr4_5173.tif | pred_pos=0 | gt_pos=8469 | diff=8469 (0.129) | lcc=0.129 | flagged=0
[15:07:32] DEBUG - 94202021_240504a_11~7327_hr4_5291.tif | pred_pos=0 | gt_pos=0 | diff=0 (0.000) | lcc=0.000 | flagged=0
[15:07:32] DEBUG - 94202021_240504a_11~7327_hr4_5320.tif | pred_pos=0 | gt_pos=7891 | diff=7891 (0.120) | lcc=0.079 | flagged=0
[15:07:32] DEBUG - 94202021_240504a_11~7327_hr4_5396.tif | pred_pos=0 | gt_pos=2934 | diff=2934 (0.045) | lcc=0.045 | flagged=0
[15:07:32] DEBUG - 94202021_240504a_11~7327_hr4_5466.tif | pred_pos=0 | gt_pos=6553 | diff=6553 (0.100) | lcc=0.072 | flagged=0
[15:07:32] DEBUG - 94202021_240504a_11~7327_hr4_5540.tif | pred_pos=0 | gt_pos=20247 | diff=20247 (0.309) | lcc=0.309 | flagged=0
[15:07:32] DEBUG - 94202021_240504a_11~7327_hr4_5541.tif | pred_pos=0 | gt_pos=27011 | diff=27011 (0.412) | lcc=0.412 | flagged=0
[15:07:32] DEBUG - 94202021_240504a_11~7327_hr4_5612.tif | pred_pos=0 | gt_pos=962 | diff=962 (0.015) | lcc=0.015 | flagged=0
[15:07:32] DEBUG - 94202021_240504a_11~7327_hr4_5614.tif | pred_pos=0 | gt_pos=4453 | diff=4453 (0.068) | lcc=0.035 | flagged=0
[15:07:32] DEBUG - 94202021_240504a_11~7327_hr4_5615.tif | pred_pos=0 | gt_pos=62275 | diff=62275 (0.950) | lcc=0.950 | flagged=1
[15:07:32] DEBUG - 94202021_240504a_11~7327_hr4_5659.tif | pred_pos=0 | gt_pos=0 | diff=0 (0.000) | lcc=0.000 | flagged=0
[15:07:32] DEBUG - 94202021_240504a_11~7327_hr4_5843.tif | pred_pos=0 | gt_pos=0 | diff=0 (0.000) | lcc=0.000 | flagged=0
[15:07:32] DEBUG - 94202021_240504a_11~7327_hr4_589.tif | pred_pos=0 | gt_pos=11652 | diff=11652 (0.178) | lcc=0.178 | flagged=0
[15:07:32] DEBUG - 94202021_240504a_11~7327_hr4_590.tif | pred_pos=0 | gt_pos=84 | diff=84 (0.001) | lcc=0.001 | flagged=0
[15:07:32] DEBUG - 94202021_240504a_11~7327_hr4_634.tif | pred_pos=0 | gt_pos=3054 | diff=3054 (0.047) | lcc=0.047 | flagged=0
[15:07:32] DEBUG - 94202021_240504a_11~7327_hr4_635.tif | pred_pos=0 | gt_pos=12805 | diff=12805 (0.195) | lcc=0.195 | flagged=0
[15:07:32] DEBUG - 94202021_240504a_11~7327_hr4_655.tif | pred_pos=0 | gt_pos=33184 | diff=33184 (0.506) | lcc=0.506 | flagged=1
[15:07:32] DEBUG - 94202021_240504a_11~7327_hr4_664.tif | pred_pos=0 | gt_pos=50057 | diff=50057 (0.764) | lcc=0.764 | flagged=1
[15:07:32] DEBUG - 94202021_240504a_11~7327_hr4_729.tif | pred_pos=0 | gt_pos=46883 | diff=46883 (0.715) | lcc=0.715 | flagged=1
[15:07:32] DEBUG - 94202021_240504a_11~7327_hr4_752.tif | pred_pos=0 | gt_pos=0 | diff=0 (0.000) | lcc=0.000 | flagged=0
[15:07:32] DEBUG - 94202021_240504a_11~7327_hr4_803.tif | pred_pos=0 | gt_pos=712 | diff=712 (0.011) | lcc=0.011 | flagged=0
[15:07:32] DEBUG - 94202021_240504a_11~7327_hr4_880.tif | pred_pos=0 | gt_pos=0 | diff=0 (0.000) | lcc=0.000 | flagged=0
[15:07:32] DEBUG - 94202021_240504a_11~7327_hr4_972.tif | pred_pos=0 | gt_pos=0 | diff=0 (0.000) | lcc=0.000 | flagged=0
[15:07:32] DEBUG - 94202021_240504a_11~7327_hr4_999.tif | pred_pos=0 | gt_pos=1361 | diff=1361 (0.021) | lcc=0.021 | flagged=0
[15:07:32] DEBUG - 94202022_240504a_12~7556_hr4_1016.tif | pred_pos=0 | gt_pos=39117 | diff=39117 (0.597) | lcc=0.538 | flagged=1
[15:07:32] DEBUG - 94202022_240504a_12~7556_hr4_1044.tif | pred_pos=0 | gt_pos=44714 | diff=44714 (0.682) | lcc=0.682 | flagged=1
[15:07:32] DEBUG - 94202022_240504a_12~7556_hr4_1046.tif | pred_pos=0 | gt_pos=133 | diff=133 (0.002) | lcc=0.002 | flagged=0
[15:07:32] DEBUG - 94202022_240504a_12~7556_hr4_1063.tif | pred_pos=0 | gt_pos=61772 | diff=61772 (0.943) | lcc=0.943 | flagged=1
[15:07:32] DEBUG - 94202022_240504a_12~7556_hr4_1077.tif | pred_pos=0 | gt_pos=5336 | diff=5336 (0.081) | lcc=0.081 | flagged=0
[15:07:32] DEBUG - 94202022_240504a_12~7556_hr4_1151.tif | pred_pos=0 | gt_pos=5615 | diff=5615 (0.086) | lcc=0.086 | flagged=0
[15:07:32] DEBUG - 94202022_240504a_12~7556_hr4_1161.tif | pred_pos=0 | gt_pos=12462 | diff=12462 (0.190) | lcc=0.132 | flagged=0
[15:07:32] DEBUG - 94202022_240504a_12~7556_hr4_1197.tif | pred_pos=0 | gt_pos=14185 | diff=14185 (0.216) | lcc=0.216 | flagged=0
[15:07:32] DEBUG - 94202022_240504a_12~7556_hr4_1198.tif | pred_pos=0 | gt_pos=54420 | diff=54420 (0.830) | lcc=0.830 | flagged=1
[15:07:32] DEBUG - 94202022_240504a_12~7556_hr4_1241.tif | pred_pos=0 | gt_pos=27023 | diff=27023 (0.412) | lcc=0.412 | flagged=0
[15:07:32] DEBUG - 94202022_240504a_12~7556_hr4_1246.tif | pred_pos=0 | gt_pos=0 | diff=0 (0.000) | lcc=0.000 | flagged=0
[15:07:32] DEBUG - 94202022_240504a_12~7556_hr4_1267.tif | pred_pos=0 | gt_pos=49820 | diff=49820 (0.760) | lcc=0.760 | flagged=1
[15:07:32] DEBUG - 94202022_240504a_12~7556_hr4_1372.tif | pred_pos=0 | gt_pos=26 | diff=26 (0.000) | lcc=0.000 | flagged=0
[15:07:32] DEBUG - 94202022_240504a_12~7556_hr4_1480.tif | pred_pos=0 | gt_pos=52654 | diff=52654 (0.803) | lcc=0.803 | flagged=1
[15:07:36] DEBUG - 94202022_240504a_12~7556_hr4_1497.tif | pred_pos=0 | gt_pos=0 | diff=0 (0.000) | lcc=0.000 | flagged=0
[15:07:36] DEBUG - 94202022_240504a_12~7556_hr4_1516.tif | pred_pos=0 | gt_pos=24060 | diff=24060 (0.367) | lcc=0.367 | flagged=0
[15:07:36] DEBUG - 94202022_240504a_12~7556_hr4_1555.tif | pred_pos=0 | gt_pos=43122 | diff=43122 (0.658) | lcc=0.658 | flagged=1
[15:07:36] DEBUG - 94202022_240504a_12~7556_hr4_1558.tif | pred_pos=0 | gt_pos=8350 | diff=8350 (0.127) | lcc=0.127 | flagged=0
[15:07:36] DEBUG - 94202022_240504a_12~7556_hr4_1605.tif | pred_pos=0 | gt_pos=2748 | diff=2748 (0.042) | lcc=0.042 | flagged=0
[15:07:36] DEBUG - 94202022_240504a_12~7556_hr4_1664.tif | pred_pos=0 | gt_pos=72 | diff=72 (0.001) | lcc=0.001 | flagged=0
[15:07:36] DEBUG - 94202022_240504a_12~7556_hr4_1724.tif | pred_pos=0 | gt_pos=4477 | diff=4477 (0.068) | lcc=0.068 | flagged=0
[15:07:36] DEBUG - 94202022_240504a_12~7556_hr4_1733.tif | pred_pos=0 | gt_pos=12845 | diff=12845 (0.196) | lcc=0.196 | flagged=0
[15:07:36] DEBUG - 94202022_240504a_12~7556_hr4_1997.tif | pred_pos=0 | gt_pos=59842 | diff=59842 (0.913) | lcc=0.913 | flagged=1
[15:07:36] DEBUG - 94202022_240504a_12~7556_hr4_2005.tif | pred_pos=0 | gt_pos=10726 | diff=10726 (0.164) | lcc=0.164 | flagged=0
[15:07:36] DEBUG - 94202022_240504a_12~7556_hr4_204.tif | pred_pos=0 | gt_pos=65536 | diff=65536 (1.000) | lcc=1.000 | flagged=1
[15:07:36] DEBUG - 94202022_240504a_12~7556_hr4_2070.tif | pred_pos=0 | gt_pos=7935 | diff=7935 (0.121) | lcc=0.121 | flagged=0
[15:07:36] DEBUG - 94202022_240504a_12~7556_hr4_2181.tif | pred_pos=0 | gt_pos=10213 | diff=10213 (0.156) | lcc=0.156 | flagged=0
[15:07:36] DEBUG - 94202022_240504a_12~7556_hr4_2204.tif | pred_pos=0 | gt_pos=1912 | diff=1912 (0.029) | lcc=0.020 | flagged=0
[15:07:36] DEBUG - 94202022_240504a_12~7556_hr4_228.tif | pred_pos=0 | gt_pos=2891 | diff=2891 (0.044) | lcc=0.044 | flagged=0
[15:07:36] DEBUG - 94202022_240504a_12~7556_hr4_229.tif | pred_pos=0 | gt_pos=30461 | diff=30461 (0.465) | lcc=0.465 | flagged=0
[15:07:36] DEBUG - 94202022_240504a_12~7556_hr4_2293.tif | pred_pos=0 | gt_pos=42120 | diff=42120 (0.643) | lcc=0.643 | flagged=1
[15:07:36] DEBUG - 94202022_240504a_12~7556_hr4_23.tif | pred_pos=0 | gt_pos=46912 | diff=46912 (0.716) | lcc=0.582 | flagged=1
[15:07:36] DEBUG - 94202022_240504a_12~7556_hr4_2348.tif | pred_pos=0 | gt_pos=17426 | diff=17426 (0.266) | lcc=0.266 | flagged=0
[15:07:36] DEBUG - 94202022_240504a_12~7556_hr4_2496.tif | pred_pos=0 | gt_pos=36503 | diff=36503 (0.557) | lcc=0.494 | flagged=0
[15:07:36] DEBUG - 94202022_240504a_12~7556_hr4_2583.tif | pred_pos=0 | gt_pos=42344 | diff=42344 (0.646) | lcc=0.353 | flagged=0
[15:07:36] DEBUG - 94202022_240504a_12~7556_hr4_2586.tif | pred_pos=0 | gt_pos=13984 | diff=13984 (0.213) | lcc=0.213 | flagged=0
[15:07:36] DEBUG - 94202022_240504a_12~7556_hr4_2656.tif | pred_pos=0 | gt_pos=39653 | diff=39653 (0.605) | lcc=0.605 | flagged=1
[15:07:36] DEBUG - 94202022_240504a_12~7556_hr4_2719.tif | pred_pos=0 | gt_pos=3852 | diff=3852 (0.059) | lcc=0.059 | flagged=0
[15:07:36] DEBUG - 94202022_240504a_12~7556_hr4_272.tif | pred_pos=0 | gt_pos=14769 | diff=14769 (0.225) | lcc=0.225 | flagged=0
[15:07:36] DEBUG - 94202022_240504a_12~7556_hr4_2773.tif | pred_pos=0 | gt_pos=0 | diff=0 (0.000) | lcc=0.000 | flagged=0
[15:07:36] DEBUG - 94202022_240504a_12~7556_hr4_278.tif | pred_pos=0 | gt_pos=65521 | diff=65521 (1.000) | lcc=1.000 | flagged=1
[15:07:36] DEBUG - 94202022_240504a_12~7556_hr4_2803.tif | pred_pos=0 | gt_pos=8646 | diff=8646 (0.132) | lcc=0.132 | flagged=0
[15:07:36] DEBUG - 94202022_240504a_12~7556_hr4_2877.tif | pred_pos=0 | gt_pos=300 | diff=300 (0.005) | lcc=0.005 | flagged=0
[15:07:36] DEBUG - 94202022_240504a_12~7556_hr4_2958.tif | pred_pos=0 | gt_pos=55054 | diff=55054 (0.840) | lcc=0.840 | flagged=1
[15:07:36] DEBUG - 94202022_240504a_12~7556_hr4_3002.tif | pred_pos=0 | gt_pos=0 | diff=0 (0.000) | lcc=0.000 | flagged=0
[15:07:36] DEBUG - 94202022_240504a_12~7556_hr4_3031.tif | pred_pos=0 | gt_pos=192 | diff=192 (0.003) | lcc=0.003 | flagged=0
[15:07:36] DEBUG - 94202022_240504a_12~7556_hr4_3032.tif | pred_pos=0 | gt_pos=1923 | diff=1923 (0.029) | lcc=0.029 | flagged=0
[15:07:36] DEBUG - 94202022_240504a_12~7556_hr4_3172.tif | pred_pos=0 | gt_pos=11859 | diff=11859 (0.181) | lcc=0.181 | flagged=0
[15:07:36] DEBUG - 94202022_240504a_12~7556_hr4_318.tif | pred_pos=0 | gt_pos=57741 | diff=57741 (0.881) | lcc=0.881 | flagged=1
[15:07:36] DEBUG - 94202022_240504a_12~7556_hr4_3180.tif | pred_pos=0 | gt_pos=19947 | diff=19947 (0.304) | lcc=0.304 | flagged=0
[15:07:36] DEBUG - 94202022_240504a_12~7556_hr4_331.tif | pred_pos=0 | gt_pos=1818 | diff=1818 (0.028) | lcc=0.028 | flagged=0
[15:07:36] DEBUG - 94202022_240504a_12~7556_hr4_3326.tif | pred_pos=0 | gt_pos=281 | diff=281 (0.004) | lcc=0.004 | flagged=0
[15:07:36] DEBUG - 94202022_240504a_12~7556_hr4_3401.tif | pred_pos=0 | gt_pos=65536 | diff=65536 (1.000) | lcc=1.000 | flagged=1
[15:07:36] DEBUG - 94202022_240504a_12~7556_hr4_3473.tif | pred_pos=0 | gt_pos=3815 | diff=3815 (0.058) | lcc=0.058 | flagged=0
[15:07:36] DEBUG - 94202022_240504a_12~7556_hr4_3543.tif | pred_pos=0 | gt_pos=440 | diff=440 (0.007) | lcc=0.007 | flagged=0
[15:07:36] DEBUG - 94202022_240504a_12~7556_hr4_3547.tif | pred_pos=0 | gt_pos=46011 | diff=46011 (0.702) | lcc=0.702 | flagged=1
[15:07:36] DEBUG - 94202022_240504a_12~7556_hr4_3619.tif | pred_pos=0 | gt_pos=176 | diff=176 (0.003) | lcc=0.003 | flagged=0
[15:07:36] DEBUG - 94202022_240504a_12~7556_hr4_3624.tif | pred_pos=0 | gt_pos=2646 | diff=2646 (0.040) | lcc=0.040 | flagged=0
[15:07:36] DEBUG - 94202022_240504a_12~7556_hr4_3694.tif | pred_pos=0 | gt_pos=21606 | diff=21606 (0.330) | lcc=0.330 | flagged=0
[15:07:36] DEBUG - 94202022_240504a_12~7556_hr4_3695.tif | pred_pos=0 | gt_pos=8211 | diff=8211 (0.125) | lcc=0.125 | flagged=0
[15:07:36] DEBUG - 94202022_240504a_12~7556_hr4_388.tif | pred_pos=0 | gt_pos=452 | diff=452 (0.007) | lcc=0.007 | flagged=0
[15:07:36] DEBUG - 94202022_240504a_12~7556_hr4_420.tif | pred_pos=0 | gt_pos=14631 | diff=14631 (0.223) | lcc=0.223 | flagged=0
[15:07:36] DEBUG - 94202022_240504a_12~7556_hr4_4203.tif | pred_pos=0 | gt_pos=57596 | diff=57596 (0.879) | lcc=0.784 | flagged=1
[15:07:36] DEBUG - 94202022_240504a_12~7556_hr4_428.tif | pred_pos=0 | gt_pos=50 | diff=50 (0.001) | lcc=0.001 | flagged=0
[15:07:36] DEBUG - 94202022_240504a_12~7556_hr4_4307.tif | pred_pos=0 | gt_pos=0 | diff=0 (0.000) | lcc=0.000 | flagged=0
[15:07:36] DEBUG - 94202022_240504a_12~7556_hr4_440.tif | pred_pos=0 | gt_pos=13392 | diff=13392 (0.204) | lcc=0.204 | flagged=0
[15:07:36] DEBUG - 94202022_240504a_12~7556_hr4_441.tif | pred_pos=0 | gt_pos=26963 | diff=26963 (0.411) | lcc=0.411 | flagged=0
[15:07:36] DEBUG - 94202022_240504a_12~7556_hr4_444.tif | pred_pos=0 | gt_pos=39341 | diff=39341 (0.600) | lcc=0.600 | flagged=1
[15:07:36] DEBUG - 94202022_240504a_12~7556_hr4_4507.tif | pred_pos=0 | gt_pos=162 | diff=162 (0.002) | lcc=0.002 | flagged=0
[15:07:36] DEBUG - 94202022_240504a_12~7556_hr4_4566.tif | pred_pos=0 | gt_pos=2934 | diff=2934 (0.045) | lcc=0.045 | flagged=0
[15:07:36] DEBUG - 94202022_240504a_12~7556_hr4_4595.tif | pred_pos=0 | gt_pos=65401 | diff=65401 (0.998) | lcc=0.998 | flagged=1
[15:07:36] DEBUG - 94202022_240504a_12~7556_hr4_4653.tif | pred_pos=0 | gt_pos=36822 | diff=36822 (0.562) | lcc=0.354 | flagged=0
[15:07:36] DEBUG - 94202022_240504a_12~7556_hr4_469.tif | pred_pos=0 | gt_pos=0 | diff=0 (0.000) | lcc=0.000 | flagged=0
[15:07:36] DEBUG - 94202022_240504a_12~7556_hr4_4734.tif | pred_pos=0 | gt_pos=23027 | diff=23027 (0.351) | lcc=0.351 | flagged=0
[15:07:36] DEBUG - 94202022_240504a_12~7556_hr4_4786.tif | pred_pos=0 | gt_pos=1610 | diff=1610 (0.025) | lcc=0.025 | flagged=0
[15:07:36] DEBUG - 94202022_240504a_12~7556_hr4_4849.tif | pred_pos=0 | gt_pos=28886 | diff=28886 (0.441) | lcc=0.441 | flagged=0
[15:07:36] DEBUG - 94202022_240504a_12~7556_hr4_4854.tif | pred_pos=0 | gt_pos=62458 | diff=62458 (0.953) | lcc=0.953 | flagged=1
[15:07:36] DEBUG - 94202022_240504a_12~7556_hr4_4885.tif | pred_pos=0 | gt_pos=13332 | diff=13332 (0.203) | lcc=0.203 | flagged=0
[15:07:36] DEBUG - 94202022_240504a_12~7556_hr4_4969.tif | pred_pos=0 | gt_pos=6181 | diff=6181 (0.094) | lcc=0.094 | flagged=0
[15:07:36] DEBUG - 94202022_240504a_12~7556_hr4_5009.tif | pred_pos=0 | gt_pos=13829 | diff=13829 (0.211) | lcc=0.211 | flagged=0
[15:07:36] DEBUG - 94202022_240504a_12~7556_hr4_5165.tif | pred_pos=0 | gt_pos=2779 | diff=2779 (0.042) | lcc=0.042 | flagged=0
[15:07:36] DEBUG - 94202022_240504a_12~7556_hr4_5212.tif | pred_pos=0 | gt_pos=0 | diff=0 (0.000) | lcc=0.000 | flagged=0
[15:07:36] DEBUG - 94202022_240504a_12~7556_hr4_5243.tif | pred_pos=0 | gt_pos=781 | diff=781 (0.012) | lcc=0.012 | flagged=0
[15:07:36] DEBUG - 94202022_240504a_12~7556_hr4_5252.tif | pred_pos=0 | gt_pos=52398 | diff=52398 (0.800) | lcc=0.800 | flagged=1
[15:07:36] DEBUG - 94202022_240504a_12~7556_hr4_5254.tif | pred_pos=0 | gt_pos=27916 | diff=27916 (0.426) | lcc=0.426 | flagged=0
[15:07:36] DEBUG - 94202022_240504a_12~7556_hr4_5293.tif | pred_pos=0 | gt_pos=25354 | diff=25354 (0.387) | lcc=0.351 | flagged=0
[15:07:36] DEBUG - 94202022_240504a_12~7556_hr4_5308.tif | pred_pos=0 | gt_pos=1340 | diff=1340 (0.020) | lcc=0.020 | flagged=0
[15:07:36] DEBUG - 94202022_240504a_12~7556_hr4_5309.tif | pred_pos=0 | gt_pos=24125 | diff=24125 (0.368) | lcc=0.368 | flagged=0
[15:07:36] DEBUG - 94202022_240504a_12~7556_hr4_5329.tif | pred_pos=0 | gt_pos=30646 | diff=30646 (0.468) | lcc=0.468 | flagged=0
[15:07:36] DEBUG - 94202022_240504a_12~7556_hr4_5354.tif | pred_pos=0 | gt_pos=0 | diff=0 (0.000) | lcc=0.000 | flagged=0
[15:07:36] DEBUG - 94202022_240504a_12~7556_hr4_5361.tif | pred_pos=0 | gt_pos=0 | diff=0 (0.000) | lcc=0.000 | flagged=0
[15:07:36] DEBUG - 94202022_240504a_12~7556_hr4_5370.tif | pred_pos=0 | gt_pos=117 | diff=117 (0.002) | lcc=0.002 | flagged=0
[15:07:36] DEBUG - 94202022_240504a_12~7556_hr4_5389.tif | pred_pos=0 | gt_pos=13359 | diff=13359 (0.204) | lcc=0.204 | flagged=0
[15:07:36] DEBUG - 94202022_240504a_12~7556_hr4_5390.tif | pred_pos=0 | gt_pos=1006 | diff=1006 (0.015) | lcc=0.015 | flagged=0
[15:07:36] DEBUG - 94202022_240504a_12~7556_hr4_5400.tif | pred_pos=0 | gt_pos=34671 | diff=34671 (0.529) | lcc=0.529 | flagged=1
[15:07:36] DEBUG - 94202022_240504a_12~7556_hr4_5443.tif | pred_pos=0 | gt_pos=22148 | diff=22148 (0.338) | lcc=0.210 | flagged=0
[15:07:36] DEBUG - 94202022_240504a_12~7556_hr4_5449.tif | pred_pos=0 | gt_pos=186 | diff=186 (0.003) | lcc=0.003 | flagged=0
[15:07:36] DEBUG - 94202022_240504a_12~7556_hr4_5458.tif | pred_pos=0 | gt_pos=31682 | diff=31682 (0.483) | lcc=0.483 | flagged=0
[15:07:36] DEBUG - 94202022_240504a_12~7556_hr4_5534.tif | pred_pos=0 | gt_pos=2581 | diff=2581 (0.039) | lcc=0.039 | flagged=0
[15:07:36] DEBUG - 94202022_240504a_12~7556_hr4_5535.tif | pred_pos=0 | gt_pos=55118 | diff=55118 (0.841) | lcc=0.841 | flagged=1
[15:07:36] DEBUG - 94202022_240504a_12~7556_hr4_5543.tif | pred_pos=0 | gt_pos=65536 | diff=65536 (1.000) | lcc=1.000 | flagged=1
[15:07:36] DEBUG - 94202022_240504a_12~7556_hr4_5545.tif | pred_pos=0 | gt_pos=12027 | diff=12027 (0.184) | lcc=0.184 | flagged=0
[15:07:36] DEBUG - 94202022_240504a_12~7556_hr4_5556.tif | pred_pos=0 | gt_pos=15898 | diff=15898 (0.243) | lcc=0.243 | flagged=0
[15:07:36] DEBUG - 94202022_240504a_12~7556_hr4_5591.tif | pred_pos=0 | gt_pos=33830 | diff=33830 (0.516) | lcc=0.516 | flagged=1
[15:07:36] DEBUG - 94202022_240504a_12~7556_hr4_5614.tif | pred_pos=0 | gt_pos=35541 | diff=35541 (0.542) | lcc=0.542 | flagged=1
[15:07:36] DEBUG - 94202022_240504a_12~7556_hr4_5630.tif | pred_pos=0 | gt_pos=23229 | diff=23229 (0.354) | lcc=0.354 | flagged=0
[15:07:36] DEBUG - 94202022_240504a_12~7556_hr4_5663.tif | pred_pos=0 | gt_pos=1133 | diff=1133 (0.017) | lcc=0.017 | flagged=0
[15:07:36] DEBUG - 94202022_240504a_12~7556_hr4_5665.tif | pred_pos=0 | gt_pos=4807 | diff=4807 (0.073) | lcc=0.073 | flagged=0
[15:07:36] DEBUG - 94202022_240504a_12~7556_hr4_5692.tif | pred_pos=0 | gt_pos=0 | diff=0 (0.000) | lcc=0.000 | flagged=0
[15:07:36] DEBUG - 94202022_240504a_12~7556_hr4_57.tif | pred_pos=0 | gt_pos=28665 | diff=28665 (0.437) | lcc=0.227 | flagged=0
[15:07:36] DEBUG - 94202022_240504a_12~7556_hr4_5733.tif | pred_pos=0 | gt_pos=2358 | diff=2358 (0.036) | lcc=0.036 | flagged=0
[15:07:36] DEBUG - 94202022_240504a_12~7556_hr4_5741.tif | pred_pos=0 | gt_pos=65536 | diff=65536 (1.000) | lcc=1.000 | flagged=1
[15:07:36] DEBUG - 94202022_240504a_12~7556_hr4_5797.tif | pred_pos=0 | gt_pos=2843 | diff=2843 (0.043) | lcc=0.043 | flagged=0
[15:07:36] DEBUG - 94202022_240504a_12~7556_hr4_614.tif | pred_pos=0 | gt_pos=5458 | diff=5458 (0.083) | lcc=0.083 | flagged=0
[15:07:36] DEBUG - 94202022_240504a_12~7556_hr4_619.tif | pred_pos=0 | gt_pos=16137 | diff=16137 (0.246) | lcc=0.241 | flagged=0
[15:07:36] DEBUG - 94202022_240504a_12~7556_hr4_623.tif | pred_pos=0 | gt_pos=20030 | diff=20030 (0.306) | lcc=0.290 | flagged=0
[15:07:36] DEBUG - 94202022_240504a_12~7556_hr4_657.tif | pred_pos=0 | gt_pos=65536 | diff=65536 (1.000) | lcc=1.000 | flagged=1
[15:07:36] DEBUG - 94202022_240504a_12~7556_hr4_688.tif | pred_pos=0 | gt_pos=7829 | diff=7829 (0.119) | lcc=0.119 | flagged=0
[15:07:36] DEBUG - 94202022_240504a_12~7556_hr4_719.tif | pred_pos=0 | gt_pos=1215 | diff=1215 (0.019) | lcc=0.019 | flagged=0
[15:07:36] DEBUG - 94202022_240504a_12~7556_hr4_736.tif | pred_pos=0 | gt_pos=47645 | diff=47645 (0.727) | lcc=0.727 | flagged=1
[15:07:36] DEBUG - 94202022_240504a_12~7556_hr4_743.tif | pred_pos=0 | gt_pos=38760 | diff=38760 (0.591) | lcc=0.591 | flagged=1
[15:07:36] DEBUG - 94202022_240504a_12~7556_hr4_747.tif | pred_pos=0 | gt_pos=20612 | diff=20612 (0.315) | lcc=0.315 | flagged=0
[15:07:36] DEBUG - 94202022_240504a_12~7556_hr4_769.tif | pred_pos=0 | gt_pos=13357 | diff=13357 (0.204) | lcc=0.204 | flagged=0
[15:07:36] DEBUG - 94202022_240504a_12~7556_hr4_772.tif | pred_pos=0 | gt_pos=43315 | diff=43315 (0.661) | lcc=0.505 | flagged=1
[15:07:36] DEBUG - 94202022_240504a_12~7556_hr4_800.tif | pred_pos=0 | gt_pos=3093 | diff=3093 (0.047) | lcc=0.047 | flagged=0
[15:07:36] DEBUG - 94202022_240504a_12~7556_hr4_807.tif | pred_pos=0 | gt_pos=38095 | diff=38095 (0.581) | lcc=0.581 | flagged=1
[15:07:36] DEBUG - 94202022_240504a_12~7556_hr4_810.tif | pred_pos=0 | gt_pos=33885 | diff=33885 (0.517) | lcc=0.517 | flagged=1
[15:07:36] DEBUG - 94202022_240504a_12~7556_hr4_817.tif | pred_pos=0 | gt_pos=24199 | diff=24199 (0.369) | lcc=0.369 | flagged=0
[15:07:36] DEBUG - 94202022_240504a_12~7556_hr4_835.tif | pred_pos=0 | gt_pos=15932 | diff=15932 (0.243) | lcc=0.181 | flagged=0
[15:07:36] DEBUG - 94202022_240504a_12~7556_hr4_855.tif | pred_pos=0 | gt_pos=29332 | diff=29332 (0.448) | lcc=0.448 | flagged=0
[15:07:36] DEBUG - 94202022_240504a_12~7556_hr4_871.tif | pred_pos=0 | gt_pos=10694 | diff=10694 (0.163) | lcc=0.163 | flagged=0
[15:07:36] DEBUG - 94202022_240504a_12~7556_hr4_873.tif | pred_pos=0 | gt_pos=36256 | diff=36256 (0.553) | lcc=0.553 | flagged=1
[15:07:36] DEBUG - 94202022_240504a_12~7556_hr4_917.tif | pred_pos=0 | gt_pos=47471 | diff=47471 (0.724) | lcc=0.724 | flagged=1
[15:07:36] DEBUG - 94202022_240504a_12~7556_hr4_943.tif | pred_pos=0 | gt_pos=11738 | diff=11738 (0.179) | lcc=0.179 | flagged=0
[15:07:36] DEBUG - 94202022_240504a_12~7556_hr4_984.tif | pred_pos=0 | gt_pos=12693 | diff=12693 (0.194) | lcc=0.194 | flagged=0
[15:07:36] DEBUG - 94202022_240504a_12~7556_hr4_993.tif | pred_pos=0 | gt_pos=1624 | diff=1624 (0.025) | lcc=0.025 | flagged=0
[15:07:36] DEBUG - 94202023_240504a_13~7809_hr4_1059.tif | pred_pos=0 | gt_pos=5088 | diff=5088 (0.078) | lcc=0.078 | flagged=0
[15:07:36] DEBUG - 94202023_240504a_13~7809_hr4_1072.tif | pred_pos=0 | gt_pos=40480 | diff=40480 (0.618) | lcc=0.618 | flagged=1
[15:07:36] DEBUG - 94202023_240504a_13~7809_hr4_1098.tif | pred_pos=0 | gt_pos=64053 | diff=64053 (0.977) | lcc=0.977 | flagged=1
[15:07:36] DEBUG - 94202023_240504a_13~7809_hr4_1099.tif | pred_pos=0 | gt_pos=64297 | diff=64297 (0.981) | lcc=0.981 | flagged=1
[15:07:36] DEBUG - 94202023_240504a_13~7809_hr4_1119.tif | pred_pos=0 | gt_pos=0 | diff=0 (0.000) | lcc=0.000 | flagged=0
[15:07:36] DEBUG - 94202023_240504a_13~7809_hr4_1144.tif | pred_pos=0 | gt_pos=33632 | diff=33632 (0.513) | lcc=0.513 | flagged=1
[15:07:36] DEBUG - 94202023_240504a_13~7809_hr4_1154.tif | pred_pos=0 | gt_pos=1460 | diff=1460 (0.022) | lcc=0.022 | flagged=0
[15:07:36] DEBUG - 94202023_240504a_13~7809_hr4_1160.tif | pred_pos=0 | gt_pos=943 | diff=943 (0.014) | lcc=0.014 | flagged=0
[15:07:36] DEBUG - 94202023_240504a_13~7809_hr4_1161.tif | pred_pos=0 | gt_pos=9658 | diff=9658 (0.147) | lcc=0.147 | flagged=0
[15:07:36] DEBUG - 94202023_240504a_13~7809_hr4_1163.tif | pred_pos=0 | gt_pos=8735 | diff=8735 (0.133) | lcc=0.133 | flagged=0
[15:07:36] DEBUG - 94202023_240504a_13~7809_hr4_1168.tif | pred_pos=0 | gt_pos=65536 | diff=65536 (1.000) | lcc=1.000 | flagged=1
[15:07:36] DEBUG - 94202023_240504a_13~7809_hr4_1176.tif | pred_pos=0 | gt_pos=26255 | diff=26255 (0.401) | lcc=0.236 | flagged=0
[15:07:36] DEBUG - 94202023_240504a_13~7809_hr4_1178.tif | pred_pos=0 | gt_pos=10511 | diff=10511 (0.160) | lcc=0.131 | flagged=0
[15:07:36] DEBUG - 94202023_240504a_13~7809_hr4_1208.tif | pred_pos=0 | gt_pos=12698 | diff=12698 (0.194) | lcc=0.153 | flagged=0
[15:07:36] DEBUG - 94202023_240504a_13~7809_hr4_122.tif | pred_pos=0 | gt_pos=30396 | diff=30396 (0.464) | lcc=0.464 | flagged=0
[15:07:36] DEBUG - 94202023_240504a_13~7809_hr4_1229.tif | pred_pos=0 | gt_pos=62369 | diff=62369 (0.952) | lcc=0.952 | flagged=1
[15:07:36] DEBUG - 94202023_240504a_13~7809_hr4_123.tif | pred_pos=0 | gt_pos=10451 | diff=10451 (0.159) | lcc=0.126 | flagged=0
[15:07:36] DEBUG - 94202023_240504a_13~7809_hr4_1314.tif | pred_pos=0 | gt_pos=34196 | diff=34196 (0.522) | lcc=0.522 | flagged=1
[15:07:36] DEBUG - 94202023_240504a_13~7809_hr4_1355.tif | pred_pos=0 | gt_pos=41011 | diff=41011 (0.626) | lcc=0.626 | flagged=1
[15:07:36] DEBUG - 94202023_240504a_13~7809_hr4_1389.tif | pred_pos=0 | gt_pos=18097 | diff=18097 (0.276) | lcc=0.142 | flagged=0
[15:07:36] DEBUG - 94202023_240504a_13~7809_hr4_1394.tif | pred_pos=0 | gt_pos=16166 | diff=16166 (0.247) | lcc=0.247 | flagged=0
[15:07:36] DEBUG - 94202023_240504a_13~7809_hr4_1464.tif | pred_pos=0 | gt_pos=49334 | diff=49334 (0.753) | lcc=0.753 | flagged=1
[15:07:36] DEBUG - 94202023_240504a_13~7809_hr4_1470.tif | pred_pos=0 | gt_pos=37178 | diff=37178 (0.567) | lcc=0.567 | flagged=1
[15:07:36] DEBUG - 94202023_240504a_13~7809_hr4_1476.tif | pred_pos=0 | gt_pos=55684 | diff=55684 (0.850) | lcc=0.850 | flagged=1
[15:07:36] DEBUG - 94202023_240504a_13~7809_hr4_1477.tif | pred_pos=0 | gt_pos=3350 | diff=3350 (0.051) | lcc=0.051 | flagged=0
[15:07:36] DEBUG - 94202023_240504a_13~7809_hr4_1502.tif | pred_pos=0 | gt_pos=2334 | diff=2334 (0.036) | lcc=0.036 | flagged=0
[15:07:36] DEBUG - 94202023_240504a_13~7809_hr4_1599.tif | pred_pos=0 | gt_pos=8293 | diff=8293 (0.127) | lcc=0.107 | flagged=0
[15:07:36] DEBUG - 94202023_240504a_13~7809_hr4_1608.tif | pred_pos=0 | gt_pos=26549 | diff=26549 (0.405) | lcc=0.405 | flagged=0
[15:07:36] DEBUG - 94202023_240504a_13~7809_hr4_1616.tif | pred_pos=0 | gt_pos=14308 | diff=14308 (0.218) | lcc=0.113 | flagged=0
[15:07:36] DEBUG - 94202023_240504a_13~7809_hr4_1623.tif | pred_pos=0 | gt_pos=23557 | diff=23557 (0.359) | lcc=0.359 | flagged=0
[15:07:36] DEBUG - 94202023_240504a_13~7809_hr4_1670.tif | pred_pos=0 | gt_pos=16877 | diff=16877 (0.258) | lcc=0.258 | flagged=0
[15:07:36] DEBUG - 94202023_240504a_13~7809_hr4_1674.tif | pred_pos=0 | gt_pos=58659 | diff=58659 (0.895) | lcc=0.895 | flagged=1
[15:07:36] DEBUG - 94202023_240504a_13~7809_hr4_1683.tif | pred_pos=0 | gt_pos=5470 | diff=5470 (0.083) | lcc=0.083 | flagged=0
[15:07:36] DEBUG - 94202023_240504a_13~7809_hr4_1693.tif | pred_pos=0 | gt_pos=46067 | diff=46067 (0.703) | lcc=0.703 | flagged=1
[15:07:36] DEBUG - 94202023_240504a_13~7809_hr4_1696.tif | pred_pos=0 | gt_pos=33695 | diff=33695 (0.514) | lcc=0.514 | flagged=1
[15:07:36] DEBUG - 94202023_240504a_13~7809_hr4_1720.tif | pred_pos=0 | gt_pos=45486 | diff=45486 (0.694) | lcc=0.694 | flagged=1
[15:07:36] DEBUG - 94202023_240504a_13~7809_hr4_1724.tif | pred_pos=0 | gt_pos=0 | diff=0 (0.000) | lcc=0.000 | flagged=0
[15:07:36] DEBUG - 94202023_240504a_13~7809_hr4_1738.tif | pred_pos=0 | gt_pos=19249 | diff=19249 (0.294) | lcc=0.294 | flagged=0
[15:07:36] DEBUG - 94202023_240504a_13~7809_hr4_1742.tif | pred_pos=0 | gt_pos=65132 | diff=65132 (0.994) | lcc=0.994 | flagged=1
[15:07:36] DEBUG - 94202023_240504a_13~7809_hr4_1743.tif | pred_pos=0 | gt_pos=56486 | diff=56486 (0.862) | lcc=0.862 | flagged=1
[15:07:36] DEBUG - 94202023_240504a_13~7809_hr4_1751.tif | pred_pos=0 | gt_pos=102 | diff=102 (0.002) | lcc=0.002 | flagged=0
[15:07:36] DEBUG - 94202023_240504a_13~7809_hr4_1761.tif | pred_pos=0 | gt_pos=30433 | diff=30433 (0.464) | lcc=0.403 | flagged=0
[15:07:36] DEBUG - 94202023_240504a_13~7809_hr4_1785.tif | pred_pos=0 | gt_pos=0 | diff=0 (0.000) | lcc=0.000 | flagged=0
[15:07:36] DEBUG - 94202023_240504a_13~7809_hr4_1796.tif | pred_pos=0 | gt_pos=5104 | diff=5104 (0.078) | lcc=0.078 | flagged=0
[15:07:36] DEBUG - 94202023_240504a_13~7809_hr4_1803.tif | pred_pos=0 | gt_pos=1 | diff=1 (0.000) | lcc=0.000 | flagged=0
[15:07:36] DEBUG - 94202023_240504a_13~7809_hr4_1834.tif | pred_pos=0 | gt_pos=65536 | diff=65536 (1.000) | lcc=1.000 | flagged=1
[15:07:36] DEBUG - 94202023_240504a_13~7809_hr4_1930.tif | pred_pos=0 | gt_pos=27065 | diff=27065 (0.413) | lcc=0.413 | flagged=0
[15:07:36] DEBUG - 94202023_240504a_13~7809_hr4_196.tif | pred_pos=0 | gt_pos=59473 | diff=59473 (0.907) | lcc=0.907 | flagged=1
[15:07:36] DEBUG - 94202023_240504a_13~7809_hr4_198.tif | pred_pos=0 | gt_pos=21366 | diff=21366 (0.326) | lcc=0.326 | flagged=0
[15:07:36] DEBUG - 94202023_240504a_13~7809_hr4_1980.tif | pred_pos=0 | gt_pos=2751 | diff=2751 (0.042) | lcc=0.022 | flagged=0
[15:07:37] DEBUG - 94202023_240504a_13~7809_hr4_2013.tif | pred_pos=0 | gt_pos=2255 | diff=2255 (0.034) | lcc=0.034 | flagged=0
[15:07:37] DEBUG - 94202023_240504a_13~7809_hr4_2025.tif | pred_pos=0 | gt_pos=0 | diff=0 (0.000) | lcc=0.000 | flagged=0
[15:07:37] DEBUG - 94202023_240504a_13~7809_hr4_2028.tif | pred_pos=0 | gt_pos=65495 | diff=65495 (0.999) | lcc=0.999 | flagged=1
[15:07:37] DEBUG - 94202023_240504a_13~7809_hr4_2100.tif | pred_pos=0 | gt_pos=11610 | diff=11610 (0.177) | lcc=0.177 | flagged=0
[15:07:37] DEBUG - 94202023_240504a_13~7809_hr4_212.tif | pred_pos=0 | gt_pos=9237 | diff=9237 (0.141) | lcc=0.141 | flagged=0
[15:07:37] DEBUG - 94202023_240504a_13~7809_hr4_2152.tif | pred_pos=0 | gt_pos=41783 | diff=41783 (0.638) | lcc=0.638 | flagged=1
[15:07:37] DEBUG - 94202023_240504a_13~7809_hr4_2200.tif | pred_pos=0 | gt_pos=3906 | diff=3906 (0.060) | lcc=0.060 | flagged=0
[15:07:37] DEBUG - 94202023_240504a_13~7809_hr4_2206.tif | pred_pos=0 | gt_pos=30441 | diff=30441 (0.464) | lcc=0.464 | flagged=0
[15:07:37] DEBUG - 94202023_240504a_13~7809_hr4_2228.tif | pred_pos=0 | gt_pos=40995 | diff=40995 (0.626) | lcc=0.626 | flagged=1
[15:07:37] DEBUG - 94202023_240504a_13~7809_hr4_223.tif | pred_pos=0 | gt_pos=654 | diff=654 (0.010) | lcc=0.010 | flagged=0
[15:07:37] DEBUG - 94202023_240504a_13~7809_hr4_2248.tif | pred_pos=0 | gt_pos=10383 | diff=10383 (0.158) | lcc=0.158 | flagged=0
[15:07:37] DEBUG - 94202023_240504a_13~7809_hr4_2254.tif | pred_pos=0 | gt_pos=10344 | diff=10344 (0.158) | lcc=0.158 | flagged=0
[15:07:37] DEBUG - 94202023_240504a_13~7809_hr4_227.tif | pred_pos=0 | gt_pos=34382 | diff=34382 (0.525) | lcc=0.525 | flagged=1
[15:07:37] DEBUG - 94202023_240504a_13~7809_hr4_2297.tif | pred_pos=0 | gt_pos=12857 | diff=12857 (0.196) | lcc=0.196 | flagged=0
[15:07:37] DEBUG - 94202023_240504a_13~7809_hr4_23.tif | pred_pos=0 | gt_pos=38650 | diff=38650 (0.590) | lcc=0.590 | flagged=1
[15:07:37] DEBUG - 94202023_240504a_13~7809_hr4_2330.tif | pred_pos=0 | gt_pos=7134 | diff=7134 (0.109) | lcc=0.109 | flagged=0
[15:07:37] DEBUG - 94202023_240504a_13~7809_hr4_2373.tif | pred_pos=0 | gt_pos=65536 | diff=65536 (1.000) | lcc=1.000 | flagged=1
[15:07:37] DEBUG - 94202023_240504a_13~7809_hr4_2379.tif | pred_pos=0 | gt_pos=10 | diff=10 (0.000) | lcc=0.000 | flagged=0
[15:07:37] DEBUG - 94202023_240504a_13~7809_hr4_2382.tif | pred_pos=0 | gt_pos=42634 | diff=42634 (0.651) | lcc=0.651 | flagged=1
[15:07:37] DEBUG - 94202023_240504a_13~7809_hr4_2410.tif | pred_pos=0 | gt_pos=60509 | diff=60509 (0.923) | lcc=0.923 | flagged=1
[15:07:40] DEBUG - 94202023_240504a_13~7809_hr4_2434.tif | pred_pos=0 | gt_pos=16246 | diff=16246 (0.248) | lcc=0.248 | flagged=0
[15:07:40] DEBUG - 94202023_240504a_13~7809_hr4_2448.tif | pred_pos=0 | gt_pos=3152 | diff=3152 (0.048) | lcc=0.048 | flagged=0
[15:07:40] DEBUG - 94202023_240504a_13~7809_hr4_2461.tif | pred_pos=0 | gt_pos=31710 | diff=31710 (0.484) | lcc=0.256 | flagged=0
[15:07:40] DEBUG - 94202023_240504a_13~7809_hr4_2513.tif | pred_pos=0 | gt_pos=18138 | diff=18138 (0.277) | lcc=0.225 | flagged=0
[15:07:40] DEBUG - 94202023_240504a_13~7809_hr4_2525.tif | pred_pos=0 | gt_pos=17 | diff=17 (0.000) | lcc=0.000 | flagged=0
[15:07:40] DEBUG - 94202023_240504a_13~7809_hr4_2563.tif | pred_pos=0 | gt_pos=10976 | diff=10976 (0.167) | lcc=0.167 | flagged=0
[15:07:40] DEBUG - 94202023_240504a_13~7809_hr4_2575.tif | pred_pos=0 | gt_pos=148 | diff=148 (0.002) | lcc=0.002 | flagged=0
[15:07:40] DEBUG - 94202023_240504a_13~7809_hr4_2581.tif | pred_pos=0 | gt_pos=21454 | diff=21454 (0.327) | lcc=0.327 | flagged=0
[15:07:40] DEBUG - 94202023_240504a_13~7809_hr4_2582.tif | pred_pos=0 | gt_pos=31991 | diff=31991 (0.488) | lcc=0.488 | flagged=0
[15:07:40] DEBUG - 94202023_240504a_13~7809_hr4_2585.tif | pred_pos=0 | gt_pos=1366 | diff=1366 (0.021) | lcc=0.021 | flagged=0
[15:07:40] DEBUG - 94202023_240504a_13~7809_hr4_2592.tif | pred_pos=0 | gt_pos=3868 | diff=3868 (0.059) | lcc=0.059 | flagged=0
[15:07:40] DEBUG - 94202023_240504a_13~7809_hr4_2607.tif | pred_pos=0 | gt_pos=40974 | diff=40974 (0.625) | lcc=0.625 | flagged=1
[15:07:40] DEBUG - 94202023_240504a_13~7809_hr4_2644.tif | pred_pos=0 | gt_pos=53820 | diff=53820 (0.821) | lcc=0.821 | flagged=1
[15:07:40] DEBUG - 94202023_240504a_13~7809_hr4_2664.tif | pred_pos=0 | gt_pos=48259 | diff=48259 (0.736) | lcc=0.736 | flagged=1
[15:07:40] DEBUG - 94202023_240504a_13~7809_hr4_2695.tif | pred_pos=0 | gt_pos=35335 | diff=35335 (0.539) | lcc=0.539 | flagged=1
[15:07:40] DEBUG - 94202023_240504a_13~7809_hr4_270.tif | pred_pos=0 | gt_pos=46285 | diff=46285 (0.706) | lcc=0.706 | flagged=1
[15:07:40] DEBUG - 94202023_240504a_13~7809_hr4_2718.tif | pred_pos=0 | gt_pos=4780 | diff=4780 (0.073) | lcc=0.073 | flagged=0
[15:07:40] DEBUG - 94202023_240504a_13~7809_hr4_2725.tif | pred_pos=0 | gt_pos=28237 | diff=28237 (0.431) | lcc=0.431 | flagged=0
[15:07:40] DEBUG - 94202023_240504a_13~7809_hr4_2735.tif | pred_pos=0 | gt_pos=17970 | diff=17970 (0.274) | lcc=0.274 | flagged=0
[15:07:40] DEBUG - 94202023_240504a_13~7809_hr4_2738.tif | pred_pos=0 | gt_pos=59908 | diff=59908 (0.914) | lcc=0.914 | flagged=1
[15:07:40] DEBUG - 94202023_240504a_13~7809_hr4_2759.tif | pred_pos=0 | gt_pos=58445 | diff=58445 (0.892) | lcc=0.892 | flagged=1
[15:07:40] DEBUG - 94202023_240504a_13~7809_hr4_2776.tif | pred_pos=0 | gt_pos=27777 | diff=27777 (0.424) | lcc=0.424 | flagged=0
[15:07:40] DEBUG - 94202023_240504a_13~7809_hr4_2779.tif | pred_pos=0 | gt_pos=0 | diff=0 (0.000) | lcc=0.000 | flagged=0
[15:07:40] DEBUG - 94202023_240504a_13~7809_hr4_2801.tif | pred_pos=0 | gt_pos=21600 | diff=21600 (0.330) | lcc=0.330 | flagged=0
[15:07:40] DEBUG - 94202023_240504a_13~7809_hr4_2803.tif | pred_pos=0 | gt_pos=5119 | diff=5119 (0.078) | lcc=0.074 | flagged=0
[15:07:40] DEBUG - 94202023_240504a_13~7809_hr4_2812.tif | pred_pos=0 | gt_pos=46041 | diff=46041 (0.703) | lcc=0.703 | flagged=1
[15:07:40] DEBUG - 94202023_240504a_13~7809_hr4_2819.tif | pred_pos=0 | gt_pos=65536 | diff=65536 (1.000) | lcc=1.000 | flagged=1
[15:07:40] DEBUG - 94202023_240504a_13~7809_hr4_2820.tif | pred_pos=0 | gt_pos=60773 | diff=60773 (0.927) | lcc=0.927 | flagged=1
[15:07:40] DEBUG - 94202023_240504a_13~7809_hr4_2830.tif | pred_pos=0 | gt_pos=46538 | diff=46538 (0.710) | lcc=0.710 | flagged=1
[15:07:40] DEBUG - 94202023_240504a_13~7809_hr4_2838.tif | pred_pos=0 | gt_pos=9569 | diff=9569 (0.146) | lcc=0.146 | flagged=0
[15:07:40] DEBUG - 94202023_240504a_13~7809_hr4_2856.tif | pred_pos=0 | gt_pos=0 | diff=0 (0.000) | lcc=0.000 | flagged=0
[15:07:40] DEBUG - 94202023_240504a_13~7809_hr4_2864.tif | pred_pos=0 | gt_pos=19890 | diff=19890 (0.303) | lcc=0.303 | flagged=0
[15:07:40] DEBUG - 94202023_240504a_13~7809_hr4_2865.tif | pred_pos=0 | gt_pos=2296 | diff=2296 (0.035) | lcc=0.035 | flagged=0
[15:07:40] DEBUG - 94202023_240504a_13~7809_hr4_2878.tif | pred_pos=0 | gt_pos=47143 | diff=47143 (0.719) | lcc=0.719 | flagged=1
[15:07:40] DEBUG - 94202023_240504a_13~7809_hr4_289.tif | pred_pos=0 | gt_pos=31970 | diff=31970 (0.488) | lcc=0.488 | flagged=0
[15:07:40] DEBUG - 94202023_240504a_13~7809_hr4_2894.tif | pred_pos=0 | gt_pos=959 | diff=959 (0.015) | lcc=0.015 | flagged=0
[15:07:40] DEBUG - 94202023_240504a_13~7809_hr4_2952.tif | pred_pos=0 | gt_pos=27345 | diff=27345 (0.417) | lcc=0.417 | flagged=0
[15:07:40] DEBUG - 94202023_240504a_13~7809_hr4_2984.tif | pred_pos=0 | gt_pos=57679 | diff=57679 (0.880) | lcc=0.880 | flagged=1
[15:07:40] DEBUG - 94202023_240504a_13~7809_hr4_2993.tif | pred_pos=0 | gt_pos=48993 | diff=48993 (0.748) | lcc=0.748 | flagged=1
[15:07:40] DEBUG - 94202023_240504a_13~7809_hr4_2995.tif | pred_pos=0 | gt_pos=39029 | diff=39029 (0.596) | lcc=0.271 | flagged=0
[15:07:40] DEBUG - 94202023_240504a_13~7809_hr4_3002.tif | pred_pos=0 | gt_pos=8576 | diff=8576 (0.131) | lcc=0.131 | flagged=0
[15:07:40] DEBUG - 94202023_240504a_13~7809_hr4_3006.tif | pred_pos=0 | gt_pos=54269 | diff=54269 (0.828) | lcc=0.828 | flagged=1
[15:07:40] DEBUG - 94202023_240504a_13~7809_hr4_3020.tif | pred_pos=0 | gt_pos=10611 | diff=10611 (0.162) | lcc=0.162 | flagged=0
[15:07:40] DEBUG - 94202023_240504a_13~7809_hr4_3051.tif | pred_pos=0 | gt_pos=853 | diff=853 (0.013) | lcc=0.013 | flagged=0
[15:07:40] DEBUG - 94202023_240504a_13~7809_hr4_3080.tif | pred_pos=0 | gt_pos=65536 | diff=65536 (1.000) | lcc=1.000 | flagged=1
[15:07:40] DEBUG - 94202023_240504a_13~7809_hr4_3086.tif | pred_pos=0 | gt_pos=290 | diff=290 (0.004) | lcc=0.004 | flagged=0
[15:07:40] DEBUG - 94202023_240504a_13~7809_hr4_3115.tif | pred_pos=0 | gt_pos=65466 | diff=65466 (0.999) | lcc=0.999 | flagged=1
[15:07:40] DEBUG - 94202023_240504a_13~7809_hr4_3142.tif | pred_pos=0 | gt_pos=21413 | diff=21413 (0.327) | lcc=0.327 | flagged=0
[15:07:40] DEBUG - 94202023_240504a_13~7809_hr4_3144.tif | pred_pos=0 | gt_pos=54771 | diff=54771 (0.836) | lcc=0.836 | flagged=1
[15:07:40] DEBUG - 94202023_240504a_13~7809_hr4_3157.tif | pred_pos=0 | gt_pos=20151 | diff=20151 (0.307) | lcc=0.307 | flagged=0
[15:07:40] DEBUG - 94202023_240504a_13~7809_hr4_3159.tif | pred_pos=0 | gt_pos=52588 | diff=52588 (0.802) | lcc=0.802 | flagged=1
[15:07:40] DEBUG - 94202023_240504a_13~7809_hr4_3164.tif | pred_pos=0 | gt_pos=1461 | diff=1461 (0.022) | lcc=0.022 | flagged=0
[15:07:40] DEBUG - 94202023_240504a_13~7809_hr4_3180.tif | pred_pos=0 | gt_pos=10673 | diff=10673 (0.163) | lcc=0.163 | flagged=0
[15:07:40] DEBUG - 94202023_240504a_13~7809_hr4_3223.tif | pred_pos=0 | gt_pos=12628 | diff=12628 (0.193) | lcc=0.193 | flagged=0
[15:07:40] DEBUG - 94202023_240504a_13~7809_hr4_3237.tif | pred_pos=0 | gt_pos=4125 | diff=4125 (0.063) | lcc=0.063 | flagged=0
[15:07:40] DEBUG - 94202023_240504a_13~7809_hr4_3252.tif | pred_pos=0 | gt_pos=4002 | diff=4002 (0.061) | lcc=0.061 | flagged=0
[15:07:40] DEBUG - 94202023_240504a_13~7809_hr4_3298.tif | pred_pos=0 | gt_pos=61682 | diff=61682 (0.941) | lcc=0.941 | flagged=1
[15:07:40] DEBUG - 94202023_240504a_13~7809_hr4_3306.tif | pred_pos=0 | gt_pos=23488 | diff=23488 (0.358) | lcc=0.358 | flagged=0
[15:07:40] DEBUG - 94202023_240504a_13~7809_hr4_3328.tif | pred_pos=0 | gt_pos=9385 | diff=9385 (0.143) | lcc=0.132 | flagged=0
[15:07:40] DEBUG - 94202023_240504a_13~7809_hr4_3333.tif | pred_pos=0 | gt_pos=4515 | diff=4515 (0.069) | lcc=0.069 | flagged=0
[15:07:40] DEBUG - 94202023_240504a_13~7809_hr4_3344.tif | pred_pos=0 | gt_pos=0 | diff=0 (0.000) | lcc=0.000 | flagged=0
[15:07:40] DEBUG - 94202023_240504a_13~7809_hr4_3389.tif | pred_pos=0 | gt_pos=5576 | diff=5576 (0.085) | lcc=0.085 | flagged=0
[15:07:40] DEBUG - 94202023_240504a_13~7809_hr4_3410.tif | pred_pos=0 | gt_pos=2650 | diff=2650 (0.040) | lcc=0.040 | flagged=0
[15:07:40] DEBUG - 94202023_240504a_13~7809_hr4_3413.tif | pred_pos=0 | gt_pos=577 | diff=577 (0.009) | lcc=0.009 | flagged=0
[15:07:40] DEBUG - 94202023_240504a_13~7809_hr4_3468.tif | pred_pos=0 | gt_pos=12765 | diff=12765 (0.195) | lcc=0.195 | flagged=0
[15:07:40] DEBUG - 94202023_240504a_13~7809_hr4_3481.tif | pred_pos=0 | gt_pos=65486 | diff=65486 (0.999) | lcc=0.999 | flagged=1
[15:07:40] DEBUG - 94202023_240504a_13~7809_hr4_3491.tif | pred_pos=0 | gt_pos=21720 | diff=21720 (0.331) | lcc=0.249 | flagged=0
[15:07:40] DEBUG - 94202023_240504a_13~7809_hr4_3495.tif | pred_pos=0 | gt_pos=6694 | diff=6694 (0.102) | lcc=0.102 | flagged=0
[15:07:40] DEBUG - 94202023_240504a_13~7809_hr4_3511.tif | pred_pos=0 | gt_pos=65536 | diff=65536 (1.000) | lcc=1.000 | flagged=1
[15:07:40] DEBUG - 94202023_240504a_13~7809_hr4_355.tif | pred_pos=0 | gt_pos=6264 | diff=6264 (0.096) | lcc=0.096 | flagged=0
[15:07:40] DEBUG - 94202023_240504a_13~7809_hr4_3604.tif | pred_pos=0 | gt_pos=49275 | diff=49275 (0.752) | lcc=0.752 | flagged=1
[15:07:40] DEBUG - 94202023_240504a_13~7809_hr4_3623.tif | pred_pos=0 | gt_pos=32066 | diff=32066 (0.489) | lcc=0.489 | flagged=0
[15:07:40] DEBUG - 94202023_240504a_13~7809_hr4_363.tif | pred_pos=0 | gt_pos=61596 | diff=61596 (0.940) | lcc=0.940 | flagged=1
[15:07:40] DEBUG - 94202023_240504a_13~7809_hr4_3633.tif | pred_pos=0 | gt_pos=62080 | diff=62080 (0.947) | lcc=0.947 | flagged=1
[15:07:40] DEBUG - 94202023_240504a_13~7809_hr4_3661.tif | pred_pos=0 | gt_pos=31306 | diff=31306 (0.478) | lcc=0.478 | flagged=0
[15:07:40] DEBUG - 94202023_240504a_13~7809_hr4_3677.tif | pred_pos=0 | gt_pos=65536 | diff=65536 (1.000) | lcc=1.000 | flagged=1
[15:07:40] DEBUG - 94202023_240504a_13~7809_hr4_3689.tif | pred_pos=0 | gt_pos=49674 | diff=49674 (0.758) | lcc=0.758 | flagged=1
[15:07:40] DEBUG - 94202023_240504a_13~7809_hr4_3705.tif | pred_pos=0 | gt_pos=64437 | diff=64437 (0.983) | lcc=0.983 | flagged=1
[15:07:40] DEBUG - 94202023_240504a_13~7809_hr4_375.tif | pred_pos=0 | gt_pos=422 | diff=422 (0.006) | lcc=0.006 | flagged=0
[15:07:40] DEBUG - 94202023_240504a_13~7809_hr4_3750.tif | pred_pos=0 | gt_pos=26444 | diff=26444 (0.404) | lcc=0.350 | flagged=0
[15:07:40] DEBUG - 94202023_240504a_13~7809_hr4_3766.tif | pred_pos=0 | gt_pos=40129 | diff=40129 (0.612) | lcc=0.558 | flagged=1
[15:07:40] DEBUG - 94202023_240504a_13~7809_hr4_3768.tif | pred_pos=0 | gt_pos=27723 | diff=27723 (0.423) | lcc=0.423 | flagged=0
[15:07:40] DEBUG - 94202023_240504a_13~7809_hr4_3773.tif | pred_pos=0 | gt_pos=1394 | diff=1394 (0.021) | lcc=0.021 | flagged=0
[15:07:40] DEBUG - 94202023_240504a_13~7809_hr4_3779.tif | pred_pos=0 | gt_pos=14679 | diff=14679 (0.224) | lcc=0.224 | flagged=0
[15:07:40] DEBUG - 94202023_240504a_13~7809_hr4_3815.tif | pred_pos=0 | gt_pos=49892 | diff=49892 (0.761) | lcc=0.526 | flagged=1
[15:07:40] DEBUG - 94202023_240504a_13~7809_hr4_3819.tif | pred_pos=0 | gt_pos=34885 | diff=34885 (0.532) | lcc=0.532 | flagged=1
[15:07:40] DEBUG - 94202023_240504a_13~7809_hr4_3836.tif | pred_pos=0 | gt_pos=59090 | diff=59090 (0.902) | lcc=0.902 | flagged=1
[15:07:40] DEBUG - 94202023_240504a_13~7809_hr4_3848.tif | pred_pos=0 | gt_pos=17368 | diff=17368 (0.265) | lcc=0.265 | flagged=0
[15:07:40] DEBUG - 94202023_240504a_13~7809_hr4_3889.tif | pred_pos=0 | gt_pos=65536 | diff=65536 (1.000) | lcc=1.000 | flagged=1
[15:07:40] DEBUG - 94202023_240504a_13~7809_hr4_3907.tif | pred_pos=0 | gt_pos=40001 | diff=40001 (0.610) | lcc=0.458 | flagged=0
[15:07:40] DEBUG - 94202023_240504a_13~7809_hr4_3954.tif | pred_pos=0 | gt_pos=25150 | diff=25150 (0.384) | lcc=0.384 | flagged=0
[15:07:40] DEBUG - 94202023_240504a_13~7809_hr4_3958.tif | pred_pos=0 | gt_pos=46942 | diff=46942 (0.716) | lcc=0.716 | flagged=1
[15:07:40] DEBUG - 94202023_240504a_13~7809_hr4_3979.tif | pred_pos=0 | gt_pos=14413 | diff=14413 (0.220) | lcc=0.220 | flagged=0
[15:07:40] DEBUG - 94202023_240504a_13~7809_hr4_3997.tif | pred_pos=0 | gt_pos=4550 | diff=4550 (0.069) | lcc=0.069 | flagged=0
[15:07:40] DEBUG - 94202023_240504a_13~7809_hr4_3998.tif | pred_pos=0 | gt_pos=46235 | diff=46235 (0.705) | lcc=0.705 | flagged=1
[15:07:40] DEBUG - 94202023_240504a_13~7809_hr4_4022.tif | pred_pos=0 | gt_pos=25813 | diff=25813 (0.394) | lcc=0.280 | flagged=0
[15:07:40] DEBUG - 94202023_240504a_13~7809_hr4_4037.tif | pred_pos=0 | gt_pos=22752 | diff=22752 (0.347) | lcc=0.319 | flagged=0
[15:07:40] DEBUG - 94202023_240504a_13~7809_hr4_4053.tif | pred_pos=0 | gt_pos=13851 | diff=13851 (0.211) | lcc=0.211 | flagged=0
[15:07:40] DEBUG - 94202023_240504a_13~7809_hr4_4059.tif | pred_pos=0 | gt_pos=65536 | diff=65536 (1.000) | lcc=1.000 | flagged=1
[15:07:40] DEBUG - 94202023_240504a_13~7809_hr4_4069.tif | pred_pos=0 | gt_pos=21371 | diff=21371 (0.326) | lcc=0.326 | flagged=0
[15:07:40] DEBUG - 94202023_240504a_13~7809_hr4_4112.tif | pred_pos=0 | gt_pos=63136 | diff=63136 (0.963) | lcc=0.963 | flagged=1
[15:07:40] DEBUG - 94202023_240504a_13~7809_hr4_4200.tif | pred_pos=0 | gt_pos=63942 | diff=63942 (0.976) | lcc=0.951 | flagged=1
[15:07:40] DEBUG - 94202023_240504a_13~7809_hr4_4210.tif | pred_pos=0 | gt_pos=13570 | diff=13570 (0.207) | lcc=0.207 | flagged=0
[15:07:40] DEBUG - 94202023_240504a_13~7809_hr4_4255.tif | pred_pos=0 | gt_pos=7122 | diff=7122 (0.109) | lcc=0.109 | flagged=0
[15:07:40] DEBUG - 94202023_240504a_13~7809_hr4_426.tif | pred_pos=0 | gt_pos=18049 | diff=18049 (0.275) | lcc=0.275 | flagged=0
[15:07:40] DEBUG - 94202023_240504a_13~7809_hr4_4269.tif | pred_pos=0 | gt_pos=31790 | diff=31790 (0.485) | lcc=0.485 | flagged=0
[15:07:40] DEBUG - 94202023_240504a_13~7809_hr4_4271.tif | pred_pos=0 | gt_pos=61430 | diff=61430 (0.937) | lcc=0.937 | flagged=1
[15:07:40] DEBUG - 94202023_240504a_13~7809_hr4_4279.tif | pred_pos=0 | gt_pos=25282 | diff=25282 (0.386) | lcc=0.386 | flagged=0
[15:07:40] DEBUG - 94202023_240504a_13~7809_hr4_4319.tif | pred_pos=0 | gt_pos=46431 | diff=46431 (0.708) | lcc=0.708 | flagged=1
[15:07:40] DEBUG - 94202023_240504a_13~7809_hr4_4326.tif | pred_pos=0 | gt_pos=64977 | diff=64977 (0.991) | lcc=0.991 | flagged=1
[15:07:40] DEBUG - 94202023_240504a_13~7809_hr4_4391.tif | pred_pos=0 | gt_pos=65536 | diff=65536 (1.000) | lcc=1.000 | flagged=1
[15:07:40] DEBUG - 94202023_240504a_13~7809_hr4_4398.tif | pred_pos=0 | gt_pos=65536 | diff=65536 (1.000) | lcc=1.000 | flagged=1
[15:07:40] DEBUG - 94202023_240504a_13~7809_hr4_4415.tif | pred_pos=0 | gt_pos=44575 | diff=44575 (0.680) | lcc=0.680 | flagged=1
[15:07:40] DEBUG - 94202023_240504a_13~7809_hr4_4426.tif | pred_pos=0 | gt_pos=37032 | diff=37032 (0.565) | lcc=0.431 | flagged=0
[15:07:40] DEBUG - 94202023_240504a_13~7809_hr4_4435.tif | pred_pos=0 | gt_pos=25460 | diff=25460 (0.388) | lcc=0.388 | flagged=0
[15:07:40] DEBUG - 94202023_240504a_13~7809_hr4_4437.tif | pred_pos=0 | gt_pos=1582 | diff=1582 (0.024) | lcc=0.024 | flagged=0
[15:07:40] DEBUG - 94202023_240504a_13~7809_hr4_444.tif | pred_pos=0 | gt_pos=3497 | diff=3497 (0.053) | lcc=0.053 | flagged=0
[15:07:40] DEBUG - 94202023_240504a_13~7809_hr4_4488.tif | pred_pos=0 | gt_pos=5540 | diff=5540 (0.085) | lcc=0.085 | flagged=0
[15:07:40] DEBUG - 94202023_240504a_13~7809_hr4_4489.tif | pred_pos=0 | gt_pos=36105 | diff=36105 (0.551) | lcc=0.551 | flagged=1
[15:07:40] DEBUG - 94202023_240504a_13~7809_hr4_4538.tif | pred_pos=0 | gt_pos=33934 | diff=33934 (0.518) | lcc=0.518 | flagged=1
[15:07:40] DEBUG - 94202023_240504a_13~7809_hr4_4560.tif | pred_pos=0 | gt_pos=31305 | diff=31305 (0.478) | lcc=0.478 | flagged=0
[15:07:40] DEBUG - 94202023_240504a_13~7809_hr4_4579.tif | pred_pos=0 | gt_pos=65536 | diff=65536 (1.000) | lcc=1.000 | flagged=1
[15:07:40] DEBUG - 94202023_240504a_13~7809_hr4_4605.tif | pred_pos=0 | gt_pos=1445 | diff=1445 (0.022) | lcc=0.022 | flagged=0
[15:07:40] DEBUG - 94202023_240504a_13~7809_hr4_4626.tif | pred_pos=0 | gt_pos=21031 | diff=21031 (0.321) | lcc=0.321 | flagged=0
[15:07:40] DEBUG - 94202023_240504a_13~7809_hr4_4642.tif | pred_pos=0 | gt_pos=613 | diff=613 (0.009) | lcc=0.009 | flagged=0
[15:07:40] DEBUG - 94202023_240504a_13~7809_hr4_4653.tif | pred_pos=0 | gt_pos=52310 | diff=52310 (0.798) | lcc=0.734 | flagged=1
[15:07:40] DEBUG - 94202023_240504a_13~7809_hr4_4660.tif | pred_pos=0 | gt_pos=21657 | diff=21657 (0.330) | lcc=0.183 | flagged=0
[15:07:40] DEBUG - 94202023_240504a_13~7809_hr4_4663.tif | pred_pos=0 | gt_pos=65536 | diff=65536 (1.000) | lcc=1.000 | flagged=1
[15:07:44] DEBUG - 94202023_240504a_13~7809_hr4_4680.tif | pred_pos=0 | gt_pos=25683 | diff=25683 (0.392) | lcc=0.392 | flagged=0
[15:07:44] DEBUG - 94202023_240504a_13~7809_hr4_4691.tif | pred_pos=0 | gt_pos=5021 | diff=5021 (0.077) | lcc=0.077 | flagged=0
[15:07:44] DEBUG - 94202023_240504a_13~7809_hr4_4694.tif | pred_pos=0 | gt_pos=12413 | diff=12413 (0.189) | lcc=0.189 | flagged=0
[15:07:44] DEBUG - 94202023_240504a_13~7809_hr4_4695.tif | pred_pos=0 | gt_pos=11588 | diff=11588 (0.177) | lcc=0.177 | flagged=0
[15:07:44] DEBUG - 94202023_240504a_13~7809_hr4_4707.tif | pred_pos=0 | gt_pos=28672 | diff=28672 (0.438) | lcc=0.438 | flagged=0
[15:07:44] DEBUG - 94202023_240504a_13~7809_hr4_4756.tif | pred_pos=0 | gt_pos=12546 | diff=12546 (0.191) | lcc=0.191 | flagged=0
[15:07:44] DEBUG - 94202023_240504a_13~7809_hr4_4776.tif | pred_pos=0 | gt_pos=21744 | diff=21744 (0.332) | lcc=0.332 | flagged=0
[15:07:44] DEBUG - 94202023_240504a_13~7809_hr4_4789.tif | pred_pos=0 | gt_pos=39269 | diff=39269 (0.599) | lcc=0.569 | flagged=1
[15:07:44] DEBUG - 94202023_240504a_13~7809_hr4_4801.tif | pred_pos=0 | gt_pos=18814 | diff=18814 (0.287) | lcc=0.287 | flagged=0
[15:07:44] DEBUG - 94202023_240504a_13~7809_hr4_4803.tif | pred_pos=0 | gt_pos=42238 | diff=42238 (0.645) | lcc=0.645 | flagged=1
[15:07:44] DEBUG - 94202023_240504a_13~7809_hr4_4839.tif | pred_pos=0 | gt_pos=24256 | diff=24256 (0.370) | lcc=0.370 | flagged=0
[15:07:44] DEBUG - 94202023_240504a_13~7809_hr4_4849.tif | pred_pos=0 | gt_pos=28719 | diff=28719 (0.438) | lcc=0.438 | flagged=0
[15:07:44] DEBUG - 94202023_240504a_13~7809_hr4_487.tif | pred_pos=0 | gt_pos=1461 | diff=1461 (0.022) | lcc=0.022 | flagged=0
[15:07:44] DEBUG - 94202023_240504a_13~7809_hr4_49.tif | pred_pos=0 | gt_pos=64026 | diff=64026 (0.977) | lcc=0.967 | flagged=1
[15:07:44] DEBUG - 94202023_240504a_13~7809_hr4_4904.tif | pred_pos=0 | gt_pos=6929 | diff=6929 (0.106) | lcc=0.106 | flagged=0
[15:07:44] DEBUG - 94202023_240504a_13~7809_hr4_492.tif | pred_pos=0 | gt_pos=24117 | diff=24117 (0.368) | lcc=0.368 | flagged=0
[15:07:44] DEBUG - 94202023_240504a_13~7809_hr4_4925.tif | pred_pos=0 | gt_pos=60427 | diff=60427 (0.922) | lcc=0.681 | flagged=1
[15:07:44] DEBUG - 94202023_240504a_13~7809_hr4_4949.tif | pred_pos=0 | gt_pos=65536 | diff=65536 (1.000) | lcc=1.000 | flagged=1
[15:07:44] DEBUG - 94202023_240504a_13~7809_hr4_5010.tif | pred_pos=0 | gt_pos=27029 | diff=27029 (0.412) | lcc=0.412 | flagged=0
[15:07:44] DEBUG - 94202023_240504a_13~7809_hr4_5025.tif | pred_pos=0 | gt_pos=42627 | diff=42627 (0.650) | lcc=0.650 | flagged=1
[15:07:44] DEBUG - 94202023_240504a_13~7809_hr4_5065.tif | pred_pos=0 | gt_pos=16854 | diff=16854 (0.257) | lcc=0.257 | flagged=0
[15:07:44] DEBUG - 94202023_240504a_13~7809_hr4_5070.tif | pred_pos=0 | gt_pos=1375 | diff=1375 (0.021) | lcc=0.021 | flagged=0
[15:07:44] DEBUG - 94202023_240504a_13~7809_hr4_5073.tif | pred_pos=0 | gt_pos=8851 | diff=8851 (0.135) | lcc=0.076 | flagged=0
[15:07:44] DEBUG - 94202023_240504a_13~7809_hr4_5080.tif | pred_pos=0 | gt_pos=57314 | diff=57314 (0.875) | lcc=0.875 | flagged=1
[15:07:44] DEBUG - 94202023_240504a_13~7809_hr4_5085.tif | pred_pos=0 | gt_pos=3486 | diff=3486 (0.053) | lcc=0.053 | flagged=0
[15:07:44] DEBUG - 94202023_240504a_13~7809_hr4_5138.tif | pred_pos=0 | gt_pos=35180 | diff=35180 (0.537) | lcc=0.483 | flagged=0
[15:07:44] DEBUG - 94202023_240504a_13~7809_hr4_5144.tif | pred_pos=0 | gt_pos=7851 | diff=7851 (0.120) | lcc=0.120 | flagged=0
[15:07:44] DEBUG - 94202023_240504a_13~7809_hr4_5221.tif | pred_pos=0 | gt_pos=40314 | diff=40314 (0.615) | lcc=0.615 | flagged=1
[15:07:44] DEBUG - 94202023_240504a_13~7809_hr4_5224.tif | pred_pos=0 | gt_pos=23629 | diff=23629 (0.361) | lcc=0.226 | flagged=0
[15:07:44] DEBUG - 94202023_240504a_13~7809_hr4_5255.tif | pred_pos=0 | gt_pos=34834 | diff=34834 (0.532) | lcc=0.532 | flagged=1
[15:07:44] DEBUG - 94202023_240504a_13~7809_hr4_5299.tif | pred_pos=0 | gt_pos=65536 | diff=65536 (1.000) | lcc=1.000 | flagged=1
[15:07:44] DEBUG - 94202023_240504a_13~7809_hr4_5352.tif | pred_pos=0 | gt_pos=3500 | diff=3500 (0.053) | lcc=0.053 | flagged=0
[15:07:44] DEBUG - 94202023_240504a_13~7809_hr4_5361.tif | pred_pos=0 | gt_pos=56855 | diff=56855 (0.868) | lcc=0.868 | flagged=1
[15:07:44] DEBUG - 94202023_240504a_13~7809_hr4_5374.tif | pred_pos=0 | gt_pos=22198 | diff=22198 (0.339) | lcc=0.339 | flagged=0
[15:07:44] DEBUG - 94202023_240504a_13~7809_hr4_5390.tif | pred_pos=0 | gt_pos=5086 | diff=5086 (0.078) | lcc=0.078 | flagged=0
[15:07:44] DEBUG - 94202023_240504a_13~7809_hr4_5393.tif | pred_pos=0 | gt_pos=1 | diff=1 (0.000) | lcc=0.000 | flagged=0
[15:07:44] DEBUG - 94202023_240504a_13~7809_hr4_5400.tif | pred_pos=0 | gt_pos=38417 | diff=38417 (0.586) | lcc=0.342 | flagged=0
[15:07:44] DEBUG - 94202023_240504a_13~7809_hr4_5402.tif | pred_pos=0 | gt_pos=65536 | diff=65536 (1.000) | lcc=1.000 | flagged=1
[15:07:44] DEBUG - 94202023_240504a_13~7809_hr4_5426.tif | pred_pos=0 | gt_pos=52820 | diff=52820 (0.806) | lcc=0.806 | flagged=1
[15:07:44] DEBUG - 94202023_240504a_13~7809_hr4_5441.tif | pred_pos=0 | gt_pos=2839 | diff=2839 (0.043) | lcc=0.043 | flagged=0
[15:07:44] DEBUG - 94202023_240504a_13~7809_hr4_5443.tif | pred_pos=0 | gt_pos=19078 | diff=19078 (0.291) | lcc=0.291 | flagged=0
[15:07:44] DEBUG - 94202023_240504a_13~7809_hr4_5453.tif | pred_pos=0 | gt_pos=14336 | diff=14336 (0.219) | lcc=0.219 | flagged=0
[15:07:44] DEBUG - 94202023_240504a_13~7809_hr4_5468.tif | pred_pos=0 | gt_pos=39246 | diff=39246 (0.599) | lcc=0.599 | flagged=1
[15:07:44] DEBUG - 94202023_240504a_13~7809_hr4_5484.tif | pred_pos=0 | gt_pos=13691 | diff=13691 (0.209) | lcc=0.209 | flagged=0
[15:07:44] DEBUG - 94202023_240504a_13~7809_hr4_5511.tif | pred_pos=0 | gt_pos=29070 | diff=29070 (0.444) | lcc=0.444 | flagged=0
[15:07:44] DEBUG - 94202023_240504a_13~7809_hr4_5528.tif | pred_pos=0 | gt_pos=19597 | diff=19597 (0.299) | lcc=0.299 | flagged=0
[15:07:44] DEBUG - 94202023_240504a_13~7809_hr4_5538.tif | pred_pos=0 | gt_pos=16117 | diff=16117 (0.246) | lcc=0.246 | flagged=0
[15:07:44] DEBUG - 94202023_240504a_13~7809_hr4_5541.tif | pred_pos=0 | gt_pos=11708 | diff=11708 (0.179) | lcc=0.179 | flagged=0
[15:07:44] DEBUG - 94202023_240504a_13~7809_hr4_5583.tif | pred_pos=0 | gt_pos=5305 | diff=5305 (0.081) | lcc=0.081 | flagged=0
[15:07:44] DEBUG - 94202023_240504a_13~7809_hr4_5644.tif | pred_pos=0 | gt_pos=0 | diff=0 (0.000) | lcc=0.000 | flagged=0
[15:07:44] DEBUG - 94202023_240504a_13~7809_hr4_5666.tif | pred_pos=0 | gt_pos=55650 | diff=55650 (0.849) | lcc=0.849 | flagged=1
[15:07:44] DEBUG - 94202023_240504a_13~7809_hr4_5671.tif | pred_pos=0 | gt_pos=65536 | diff=65536 (1.000) | lcc=1.000 | flagged=1
[15:07:44] DEBUG - 94202023_240504a_13~7809_hr4_569.tif | pred_pos=0 | gt_pos=43006 | diff=43006 (0.656) | lcc=0.656 | flagged=1
[15:07:44] DEBUG - 94202023_240504a_13~7809_hr4_5745.tif | pred_pos=0 | gt_pos=54538 | diff=54538 (0.832) | lcc=0.723 | flagged=1
[15:07:44] DEBUG - 94202023_240504a_13~7809_hr4_5776.tif | pred_pos=0 | gt_pos=23875 | diff=23875 (0.364) | lcc=0.364 | flagged=0
[15:07:44] DEBUG - 94202023_240504a_13~7809_hr4_5802.tif | pred_pos=0 | gt_pos=13205 | diff=13205 (0.201) | lcc=0.201 | flagged=0
[15:07:44] DEBUG - 94202023_240504a_13~7809_hr4_5842.tif | pred_pos=0 | gt_pos=9727 | diff=9727 (0.148) | lcc=0.148 | flagged=0
[15:07:44] DEBUG - 94202023_240504a_13~7809_hr4_5843.tif | pred_pos=0 | gt_pos=45750 | diff=45750 (0.698) | lcc=0.698 | flagged=1
[15:07:44] DEBUG - 94202023_240504a_13~7809_hr4_5844.tif | pred_pos=0 | gt_pos=16333 | diff=16333 (0.249) | lcc=0.228 | flagged=0
[15:07:44] DEBUG - 94202023_240504a_13~7809_hr4_590.tif | pred_pos=0 | gt_pos=872 | diff=872 (0.013) | lcc=0.013 | flagged=0
[15:07:44] DEBUG - 94202023_240504a_13~7809_hr4_60.tif | pred_pos=0 | gt_pos=20294 | diff=20294 (0.310) | lcc=0.310 | flagged=0
[15:07:44] DEBUG - 94202023_240504a_13~7809_hr4_643.tif | pred_pos=0 | gt_pos=27008 | diff=27008 (0.412) | lcc=0.412 | flagged=0
[15:07:44] DEBUG - 94202023_240504a_13~7809_hr4_645.tif | pred_pos=0 | gt_pos=38538 | diff=38538 (0.588) | lcc=0.588 | flagged=1
[15:07:44] DEBUG - 94202023_240504a_13~7809_hr4_668.tif | pred_pos=0 | gt_pos=1096 | diff=1096 (0.017) | lcc=0.017 | flagged=0
[15:07:44] DEBUG - 94202023_240504a_13~7809_hr4_718.tif | pred_pos=0 | gt_pos=23494 | diff=23494 (0.358) | lcc=0.249 | flagged=0
[15:07:44] DEBUG - 94202023_240504a_13~7809_hr4_735.tif | pred_pos=0 | gt_pos=4100 | diff=4100 (0.063) | lcc=0.063 | flagged=0
[15:07:44] DEBUG - 94202023_240504a_13~7809_hr4_742.tif | pred_pos=0 | gt_pos=12611 | diff=12611 (0.192) | lcc=0.192 | flagged=0
[15:07:44] DEBUG - 94202023_240504a_13~7809_hr4_779.tif | pred_pos=0 | gt_pos=52418 | diff=52418 (0.800) | lcc=0.800 | flagged=1
[15:07:44] DEBUG - 94202023_240504a_13~7809_hr4_782.tif | pred_pos=0 | gt_pos=58 | diff=58 (0.001) | lcc=0.001 | flagged=0
[15:07:44] DEBUG - 94202023_240504a_13~7809_hr4_847.tif | pred_pos=0 | gt_pos=8640 | diff=8640 (0.132) | lcc=0.132 | flagged=0
[15:07:44] DEBUG - 94202023_240504a_13~7809_hr4_860.tif | pred_pos=0 | gt_pos=754 | diff=754 (0.012) | lcc=0.012 | flagged=0
[15:07:44] DEBUG - 94202023_240504a_13~7809_hr4_878.tif | pred_pos=0 | gt_pos=12737 | diff=12737 (0.194) | lcc=0.194 | flagged=0
[15:07:44] DEBUG - 94202023_240504a_13~7809_hr4_944.tif | pred_pos=0 | gt_pos=26258 | diff=26258 (0.401) | lcc=0.401 | flagged=0
[15:07:44] DEBUG - 94202023_240504a_13~7809_hr4_954.tif | pred_pos=0 | gt_pos=11357 | diff=11357 (0.173) | lcc=0.165 | flagged=0
[15:07:44] DEBUG - 94202023_240504a_13~7809_hr4_956.tif | pred_pos=0 | gt_pos=14274 | diff=14274 (0.218) | lcc=0.218 | flagged=0
[15:07:44] DEBUG - 94202024_240504a_14~8066_hr4_1112.tif | pred_pos=0 | gt_pos=31231 | diff=31231 (0.477) | lcc=0.477 | flagged=0
[15:07:44] DEBUG - 94202024_240504a_14~8066_hr4_1335.tif | pred_pos=0 | gt_pos=3901 | diff=3901 (0.060) | lcc=0.060 | flagged=0
[15:07:44] DEBUG - 94202024_240504a_14~8066_hr4_1336.tif | pred_pos=0 | gt_pos=56071 | diff=56071 (0.856) | lcc=0.856 | flagged=1
[15:07:44] DEBUG - 94202024_240504a_14~8066_hr4_1407.tif | pred_pos=0 | gt_pos=44669 | diff=44669 (0.682) | lcc=0.682 | flagged=1
[15:07:44] DEBUG - 94202024_240504a_14~8066_hr4_1489.tif | pred_pos=0 | gt_pos=41678 | diff=41678 (0.636) | lcc=0.636 | flagged=1
[15:07:44] DEBUG - 94202024_240504a_14~8066_hr4_1782.tif | pred_pos=0 | gt_pos=1584 | diff=1584 (0.024) | lcc=0.024 | flagged=0
[15:07:44] DEBUG - 94202024_240504a_14~8066_hr4_2077.tif | pred_pos=0 | gt_pos=7260 | diff=7260 (0.111) | lcc=0.111 | flagged=0
[15:07:44] DEBUG - 94202024_240504a_14~8066_hr4_223.tif | pred_pos=0 | gt_pos=56060 | diff=56060 (0.855) | lcc=0.855 | flagged=1
[15:07:44] DEBUG - 94202024_240504a_14~8066_hr4_2300.tif | pred_pos=0 | gt_pos=29096 | diff=29096 (0.444) | lcc=0.277 | flagged=0
[15:07:44] DEBUG - 94202024_240504a_14~8066_hr4_2312.tif | pred_pos=0 | gt_pos=58762 | diff=58762 (0.897) | lcc=0.897 | flagged=1
[15:07:44] DEBUG - 94202024_240504a_14~8066_hr4_2314.tif | pred_pos=0 | gt_pos=34622 | diff=34622 (0.528) | lcc=0.528 | flagged=1
[15:07:44] DEBUG - 94202024_240504a_14~8066_hr4_2368.tif | pred_pos=0 | gt_pos=35602 | diff=35602 (0.543) | lcc=0.543 | flagged=1
[15:07:44] DEBUG - 94202024_240504a_14~8066_hr4_2373.tif | pred_pos=0 | gt_pos=20252 | diff=20252 (0.309) | lcc=0.309 | flagged=0
[15:07:44] DEBUG - 94202024_240504a_14~8066_hr4_2447.tif | pred_pos=0 | gt_pos=32721 | diff=32721 (0.499) | lcc=0.451 | flagged=0
[15:07:44] DEBUG - 94202024_240504a_14~8066_hr4_2450.tif | pred_pos=0 | gt_pos=31317 | diff=31317 (0.478) | lcc=0.478 | flagged=0
[15:07:44] DEBUG - 94202024_240504a_14~8066_hr4_2454.tif | pred_pos=0 | gt_pos=162 | diff=162 (0.002) | lcc=0.002 | flagged=0
[15:07:44] DEBUG - 94202024_240504a_14~8066_hr4_2517.tif | pred_pos=0 | gt_pos=8912 | diff=8912 (0.136) | lcc=0.135 | flagged=0
[15:07:44] DEBUG - 94202024_240504a_14~8066_hr4_2531.tif | pred_pos=0 | gt_pos=29353 | diff=29353 (0.448) | lcc=0.448 | flagged=0
[15:07:44] DEBUG - 94202024_240504a_14~8066_hr4_2605.tif | pred_pos=0 | gt_pos=1495 | diff=1495 (0.023) | lcc=0.019 | flagged=0
[15:07:44] DEBUG - 94202024_240504a_14~8066_hr4_2608.tif | pred_pos=0 | gt_pos=64338 | diff=64338 (0.982) | lcc=0.982 | flagged=1
[15:07:44] DEBUG - 94202024_240504a_14~8066_hr4_2672.tif | pred_pos=0 | gt_pos=172 | diff=172 (0.003) | lcc=0.003 | flagged=0
[15:07:44] DEBUG - 94202024_240504a_14~8066_hr4_2741.tif | pred_pos=0 | gt_pos=0 | diff=0 (0.000) | lcc=0.000 | flagged=0
[15:07:44] DEBUG - 94202024_240504a_14~8066_hr4_2754.tif | pred_pos=0 | gt_pos=31599 | diff=31599 (0.482) | lcc=0.482 | flagged=0
[15:07:44] DEBUG - 94202024_240504a_14~8066_hr4_2814.tif | pred_pos=0 | gt_pos=29601 | diff=29601 (0.452) | lcc=0.452 | flagged=0
[15:07:44] DEBUG - 94202024_240504a_14~8066_hr4_2834.tif | pred_pos=0 | gt_pos=15874 | diff=15874 (0.242) | lcc=0.141 | flagged=0
[15:07:44] DEBUG - 94202024_240504a_14~8066_hr4_2898.tif | pred_pos=0 | gt_pos=14685 | diff=14685 (0.224) | lcc=0.224 | flagged=0
[15:07:44] DEBUG - 94202024_240504a_14~8066_hr4_2906.tif | pred_pos=0 | gt_pos=23892 | diff=23892 (0.365) | lcc=0.191 | flagged=0
[15:07:44] DEBUG - 94202024_240504a_14~8066_hr4_2907.tif | pred_pos=0 | gt_pos=61342 | diff=61342 (0.936) | lcc=0.936 | flagged=1
[15:07:44] DEBUG - 94202024_240504a_14~8066_hr4_2967.tif | pred_pos=0 | gt_pos=1519 | diff=1519 (0.023) | lcc=0.023 | flagged=0
[15:07:44] DEBUG - 94202024_240504a_14~8066_hr4_2981.tif | pred_pos=0 | gt_pos=34712 | diff=34712 (0.530) | lcc=0.530 | flagged=1
[15:07:44] DEBUG - 94202024_240504a_14~8066_hr4_2986.tif | pred_pos=0 | gt_pos=31751 | diff=31751 (0.484) | lcc=0.484 | flagged=0
[15:07:44] DEBUG - 94202024_240504a_14~8066_hr4_3115.tif | pred_pos=0 | gt_pos=919 | diff=919 (0.014) | lcc=0.014 | flagged=0
[15:07:44] DEBUG - 94202024_240504a_14~8066_hr4_3252.tif | pred_pos=0 | gt_pos=0 | diff=0 (0.000) | lcc=0.000 | flagged=0
[15:07:44] DEBUG - 94202024_240504a_14~8066_hr4_3256.tif | pred_pos=0 | gt_pos=53515 | diff=53515 (0.817) | lcc=0.817 | flagged=1
[15:07:44] DEBUG - 94202024_240504a_14~8066_hr4_3269.tif | pred_pos=0 | gt_pos=13161 | diff=13161 (0.201) | lcc=0.125 | flagged=0
[15:07:44] DEBUG - 94202024_240504a_14~8066_hr4_3327.tif | pred_pos=0 | gt_pos=0 | diff=0 (0.000) | lcc=0.000 | flagged=0
[15:07:44] DEBUG - 94202024_240504a_14~8066_hr4_3337.tif | pred_pos=0 | gt_pos=22312 | diff=22312 (0.340) | lcc=0.340 | flagged=0
[15:07:44] DEBUG - 94202024_240504a_14~8066_hr4_3342.tif | pred_pos=0 | gt_pos=19188 | diff=19188 (0.293) | lcc=0.293 | flagged=0
[15:07:44] DEBUG - 94202024_240504a_14~8066_hr4_3346.tif | pred_pos=0 | gt_pos=51046 | diff=51046 (0.779) | lcc=0.779 | flagged=1
[15:07:44] DEBUG - 94202024_240504a_14~8066_hr4_3415.tif | pred_pos=0 | gt_pos=329 | diff=329 (0.005) | lcc=0.005 | flagged=0
[15:07:44] DEBUG - 94202024_240504a_14~8066_hr4_3420.tif | pred_pos=0 | gt_pos=18969 | diff=18969 (0.289) | lcc=0.251 | flagged=0
[15:07:44] DEBUG - 94202024_240504a_14~8066_hr4_3422.tif | pred_pos=0 | gt_pos=27112 | diff=27112 (0.414) | lcc=0.414 | flagged=0
[15:07:44] DEBUG - 94202024_240504a_14~8066_hr4_3429.tif | pred_pos=0 | gt_pos=51853 | diff=51853 (0.791) | lcc=0.791 | flagged=1
[15:07:44] DEBUG - 94202024_240504a_14~8066_hr4_3483.tif | pred_pos=0 | gt_pos=57897 | diff=57897 (0.883) | lcc=0.883 | flagged=1
[15:07:44] DEBUG - 94202024_240504a_14~8066_hr4_3486.tif | pred_pos=0 | gt_pos=55477 | diff=55477 (0.847) | lcc=0.847 | flagged=1
[15:07:44] DEBUG - 94202024_240504a_14~8066_hr4_3495.tif | pred_pos=0 | gt_pos=32815 | diff=32815 (0.501) | lcc=0.321 | flagged=0
[15:07:44] DEBUG - 94202024_240504a_14~8066_hr4_3503.tif | pred_pos=0 | gt_pos=25 | diff=25 (0.000) | lcc=0.000 | flagged=0
[15:07:44] DEBUG - 94202024_240504a_14~8066_hr4_3626.tif | pred_pos=0 | gt_pos=43335 | diff=43335 (0.661) | lcc=0.483 | flagged=0
[15:07:44] DEBUG - 94202024_240504a_14~8066_hr4_3627.tif | pred_pos=0 | gt_pos=65505 | diff=65505 (1.000) | lcc=1.000 | flagged=1
[15:07:44] DEBUG - 94202024_240504a_14~8066_hr4_3632.tif | pred_pos=0 | gt_pos=15399 | diff=15399 (0.235) | lcc=0.235 | flagged=0
[15:07:44] DEBUG - 94202024_240504a_14~8066_hr4_3643.tif | pred_pos=0 | gt_pos=1010 | diff=1010 (0.015) | lcc=0.015 | flagged=0
[15:07:44] DEBUG - 94202024_240504a_14~8066_hr4_3849.tif | pred_pos=0 | gt_pos=65432 | diff=65432 (0.998) | lcc=0.998 | flagged=1
[15:07:44] DEBUG - 94202024_240504a_14~8066_hr4_3855.tif | pred_pos=0 | gt_pos=14973 | diff=14973 (0.228) | lcc=0.228 | flagged=0
[15:07:44] DEBUG - 94202024_240504a_14~8066_hr4_3941.tif | pred_pos=0 | gt_pos=61416 | diff=61416 (0.937) | lcc=0.937 | flagged=1
[15:07:44] DEBUG - 94202024_240504a_14~8066_hr4_3969.tif | pred_pos=0 | gt_pos=0 | diff=0 (0.000) | lcc=0.000 | flagged=0
[15:07:44] DEBUG - 94202024_240504a_14~8066_hr4_3992.tif | pred_pos=0 | gt_pos=0 | diff=0 (0.000) | lcc=0.000 | flagged=0
[15:07:44] DEBUG - 94202024_240504a_14~8066_hr4_4000.tif | pred_pos=0 | gt_pos=7619 | diff=7619 (0.116) | lcc=0.067 | flagged=0
[15:07:44] DEBUG - 94202024_240504a_14~8066_hr4_4006.tif | pred_pos=0 | gt_pos=38176 | diff=38176 (0.583) | lcc=0.583 | flagged=1
[15:07:44] DEBUG - 94202024_240504a_14~8066_hr4_4155.tif | pred_pos=0 | gt_pos=47588 | diff=47588 (0.726) | lcc=0.726 | flagged=1
[15:07:44] DEBUG - 94202024_240504a_14~8066_hr4_4223.tif | pred_pos=0 | gt_pos=9561 | diff=9561 (0.146) | lcc=0.146 | flagged=0
[15:07:44] DEBUG - 94202024_240504a_14~8066_hr4_4230.tif | pred_pos=0 | gt_pos=58625 | diff=58625 (0.895) | lcc=0.679 | flagged=1
[15:07:44] DEBUG - 94202024_240504a_14~8066_hr4_4308.tif | pred_pos=0 | gt_pos=52105 | diff=52105 (0.795) | lcc=0.793 | flagged=1
[15:07:44] DEBUG - 94202024_240504a_14~8066_hr4_4375.tif | pred_pos=0 | gt_pos=45747 | diff=45747 (0.698) | lcc=0.698 | flagged=1
[15:07:44] DEBUG - 94202024_240504a_14~8066_hr4_449.tif | pred_pos=0 | gt_pos=20073 | diff=20073 (0.306) | lcc=0.306 | flagged=0
[15:07:44] DEBUG - 94202024_240504a_14~8066_hr4_4602.tif | pred_pos=0 | gt_pos=41433 | diff=41433 (0.632) | lcc=0.632 | flagged=1
[15:07:44] DEBUG - 94202024_240504a_14~8066_hr4_4675.tif | pred_pos=0 | gt_pos=22604 | diff=22604 (0.345) | lcc=0.345 | flagged=0
[15:07:45] DEBUG - 94202024_240504a_14~8066_hr4_4741.tif | pred_pos=0 | gt_pos=40721 | diff=40721 (0.621) | lcc=0.621 | flagged=1
[15:07:45] DEBUG - 94202024_240504a_14~8066_hr4_4753.tif | pred_pos=0 | gt_pos=10579 | diff=10579 (0.161) | lcc=0.161 | flagged=0
[15:07:45] DEBUG - 94202024_240504a_14~8066_hr4_4765.tif | pred_pos=0 | gt_pos=0 | diff=0 (0.000) | lcc=0.000 | flagged=0
[15:07:45] DEBUG - 94202024_240504a_14~8066_hr4_4819.tif | pred_pos=0 | gt_pos=2886 | diff=2886 (0.044) | lcc=0.044 | flagged=0
[15:07:45] DEBUG - 94202024_240504a_14~8066_hr4_4833.tif | pred_pos=0 | gt_pos=16112 | diff=16112 (0.246) | lcc=0.246 | flagged=0
[15:07:45] DEBUG - 94202024_240504a_14~8066_hr4_4885.tif | pred_pos=0 | gt_pos=20874 | diff=20874 (0.319) | lcc=0.319 | flagged=0
[15:07:45] DEBUG - 94202024_240504a_14~8066_hr4_4892.tif | pred_pos=0 | gt_pos=38400 | diff=38400 (0.586) | lcc=0.586 | flagged=1
[15:07:45] DEBUG - 94202024_240504a_14~8066_hr4_4893.tif | pred_pos=0 | gt_pos=8056 | diff=8056 (0.123) | lcc=0.123 | flagged=0
[15:07:45] DEBUG - 94202024_240504a_14~8066_hr4_4905.tif | pred_pos=0 | gt_pos=34803 | diff=34803 (0.531) | lcc=0.531 | flagged=1
[15:07:45] DEBUG - 94202024_240504a_14~8066_hr4_4954.tif | pred_pos=0 | gt_pos=0 | diff=0 (0.000) | lcc=0.000 | flagged=0
[15:07:45] DEBUG - 94202024_240504a_14~8066_hr4_4979.tif | pred_pos=0 | gt_pos=34728 | diff=34728 (0.530) | lcc=0.530 | flagged=1
[15:07:45] DEBUG - 94202024_240504a_14~8066_hr4_4980.tif | pred_pos=0 | gt_pos=58877 | diff=58877 (0.898) | lcc=0.898 | flagged=1
[15:07:45] DEBUG - 94202024_240504a_14~8066_hr4_5032.tif | pred_pos=0 | gt_pos=57211 | diff=57211 (0.873) | lcc=0.534 | flagged=1
[15:07:45] DEBUG - 94202024_240504a_14~8066_hr4_5113.tif | pred_pos=0 | gt_pos=32688 | diff=32688 (0.499) | lcc=0.499 | flagged=0
[15:07:45] DEBUG - 94202024_240504a_14~8066_hr4_5120.tif | pred_pos=0 | gt_pos=57361 | diff=57361 (0.875) | lcc=0.875 | flagged=1
[15:07:45] DEBUG - 94202024_240504a_14~8066_hr4_5121.tif | pred_pos=0 | gt_pos=65536 | diff=65536 (1.000) | lcc=1.000 | flagged=1
[15:07:45] DEBUG - 94202024_240504a_14~8066_hr4_5182.tif | pred_pos=0 | gt_pos=33747 | diff=33747 (0.515) | lcc=0.515 | flagged=1
[15:07:45] DEBUG - 94202024_240504a_14~8066_hr4_5184.tif | pred_pos=0 | gt_pos=46147 | diff=46147 (0.704) | lcc=0.699 | flagged=1
[15:07:45] DEBUG - 94202024_240504a_14~8066_hr4_5256.tif | pred_pos=0 | gt_pos=65536 | diff=65536 (1.000) | lcc=1.000 | flagged=1
[15:07:45] DEBUG - 94202024_240504a_14~8066_hr4_5257.tif | pred_pos=0 | gt_pos=65536 | diff=65536 (1.000) | lcc=1.000 | flagged=1
[15:07:45] DEBUG - 94202024_240504a_14~8066_hr4_5270.tif | pred_pos=0 | gt_pos=16918 | diff=16918 (0.258) | lcc=0.258 | flagged=0
[15:07:45] DEBUG - 94202024_240504a_14~8066_hr4_5328.tif | pred_pos=0 | gt_pos=20977 | diff=20977 (0.320) | lcc=0.253 | flagged=0
[15:07:45] DEBUG - 94202024_240504a_14~8066_hr4_5334.tif | pred_pos=0 | gt_pos=41203 | diff=41203 (0.629) | lcc=0.558 | flagged=1
[15:07:45] DEBUG - 94202024_240504a_14~8066_hr4_5408.tif | pred_pos=0 | gt_pos=65536 | diff=65536 (1.000) | lcc=1.000 | flagged=1
[15:07:45] DEBUG - 94202024_240504a_14~8066_hr4_5409.tif | pred_pos=0 | gt_pos=21882 | diff=21882 (0.334) | lcc=0.334 | flagged=0
[15:07:45] DEBUG - 94202024_240504a_14~8066_hr4_5419.tif | pred_pos=0 | gt_pos=38873 | diff=38873 (0.593) | lcc=0.593 | flagged=1
[15:07:45] DEBUG - 94202024_240504a_14~8066_hr4_5497.tif | pred_pos=0 | gt_pos=28081 | diff=28081 (0.428) | lcc=0.428 | flagged=0
[15:07:45] DEBUG - 94202024_240504a_14~8066_hr4_5557.tif | pred_pos=0 | gt_pos=26820 | diff=26820 (0.409) | lcc=0.226 | flagged=0
[15:07:45] DEBUG - 94202024_240504a_14~8066_hr4_5629.tif | pred_pos=0 | gt_pos=43798 | diff=43798 (0.668) | lcc=0.668 | flagged=1
[15:07:45] DEBUG - 94202024_240504a_14~8066_hr4_5641.tif | pred_pos=0 | gt_pos=6918 | diff=6918 (0.106) | lcc=0.106 | flagged=0
[15:07:45] DEBUG - 94202024_240504a_14~8066_hr4_5703.tif | pred_pos=0 | gt_pos=44630 | diff=44630 (0.681) | lcc=0.681 | flagged=1
[15:07:45] DEBUG - 94202024_240504a_14~8066_hr4_5714.tif | pred_pos=0 | gt_pos=65536 | diff=65536 (1.000) | lcc=1.000 | flagged=1
[15:07:45] DEBUG - 94202024_240504a_14~8066_hr4_5720.tif | pred_pos=0 | gt_pos=65536 | diff=65536 (1.000) | lcc=1.000 | flagged=1
[15:07:45] DEBUG - 94202024_240504a_14~8066_hr4_5721.tif | pred_pos=0 | gt_pos=50055 | diff=50055 (0.764) | lcc=0.764 | flagged=1
[15:07:45] DEBUG - 94202024_240504a_14~8066_hr4_5782.tif | pred_pos=0 | gt_pos=43124 | diff=43124 (0.658) | lcc=0.658 | flagged=1
[15:07:45] DEBUG - 94202024_240504a_14~8066_hr4_5783.tif | pred_pos=0 | gt_pos=8137 | diff=8137 (0.124) | lcc=0.124 | flagged=0
[15:07:45] DEBUG - 94202024_240504a_14~8066_hr4_5791.tif | pred_pos=0 | gt_pos=58935 | diff=58935 (0.899) | lcc=0.899 | flagged=1
[15:07:45] DEBUG - 94202024_240504a_14~8066_hr4_5793.tif | pred_pos=0 | gt_pos=57856 | diff=57856 (0.883) | lcc=0.883 | flagged=1
[15:07:45] DEBUG - 94202024_240504a_14~8066_hr4_594.tif | pred_pos=0 | gt_pos=13403 | diff=13403 (0.205) | lcc=0.205 | flagged=0
[15:07:45] DEBUG - 94202024_240504a_14~8066_hr4_690.tif | pred_pos=0 | gt_pos=0 | diff=0 (0.000) | lcc=0.000 | flagged=0
[15:07:45] DEBUG - 94202024_240504a_14~8066_hr4_965.tif | pred_pos=0 | gt_pos=26438 | diff=26438 (0.403) | lcc=0.403 | flagged=0
[15:07:45] DEBUG - 94202024_240504a_14~8066_hr4_966.tif | pred_pos=0 | gt_pos=7808 | diff=7808 (0.119) | lcc=0.119 | flagged=0
[15:07:45] DEBUG - 94202031_240504a_11~7331_hr4_1028.tif | pred_pos=0 | gt_pos=9847 | diff=9847 (0.150) | lcc=0.150 | flagged=0
[15:07:45] DEBUG - 94202031_240504a_11~7331_hr4_1097.tif | pred_pos=0 | gt_pos=4695 | diff=4695 (0.072) | lcc=0.072 | flagged=0
[15:07:45] DEBUG - 94202031_240504a_11~7331_hr4_1395.tif | pred_pos=0 | gt_pos=29599 | diff=29599 (0.452) | lcc=0.452 | flagged=0
[15:07:45] DEBUG - 94202031_240504a_11~7331_hr4_1469.tif | pred_pos=0 | gt_pos=62409 | diff=62409 (0.952) | lcc=0.952 | flagged=1
[15:07:45] DEBUG - 94202031_240504a_11~7331_hr4_1470.tif | pred_pos=0 | gt_pos=19652 | diff=19652 (0.300) | lcc=0.300 | flagged=0
[15:07:45] DEBUG - 94202031_240504a_11~7331_hr4_1662.tif | pred_pos=0 | gt_pos=0 | diff=0 (0.000) | lcc=0.000 | flagged=0
[15:07:45] DEBUG - 94202031_240504a_11~7331_hr4_2566.tif | pred_pos=0 | gt_pos=0 | diff=0 (0.000) | lcc=0.000 | flagged=0
[15:07:45] DEBUG - 94202031_240504a_11~7331_hr4_2755.tif | pred_pos=0 | gt_pos=0 | diff=0 (0.000) | lcc=0.000 | flagged=0
[15:07:45] DEBUG - 94202031_240504a_11~7331_hr4_3346.tif | pred_pos=0 | gt_pos=0 | diff=0 (0.000) | lcc=0.000 | flagged=0
[15:07:48] DEBUG - 94202031_240504a_11~7331_hr4_3529.tif | pred_pos=0 | gt_pos=0 | diff=0 (0.000) | lcc=0.000 | flagged=0
[15:07:48] DEBUG - 94202031_240504a_11~7331_hr4_359.tif | pred_pos=0 | gt_pos=39604 | diff=39604 (0.604) | lcc=0.604 | flagged=1
[15:07:48] DEBUG - 94202031_240504a_11~7331_hr4_3676.tif | pred_pos=0 | gt_pos=22952 | diff=22952 (0.350) | lcc=0.350 | flagged=0
[15:07:48] DEBUG - 94202031_240504a_11~7331_hr4_3696.tif | pred_pos=0 | gt_pos=0 | diff=0 (0.000) | lcc=0.000 | flagged=0
[15:07:48] DEBUG - 94202031_240504a_11~7331_hr4_3824.tif | pred_pos=0 | gt_pos=3513 | diff=3513 (0.054) | lcc=0.054 | flagged=0
[15:07:48] DEBUG - 94202031_240504a_11~7331_hr4_3874.tif | pred_pos=0 | gt_pos=0 | diff=0 (0.000) | lcc=0.000 | flagged=0
[15:07:48] DEBUG - 94202031_240504a_11~7331_hr4_4343.tif | pred_pos=0 | gt_pos=16395 | diff=16395 (0.250) | lcc=0.250 | flagged=0
[15:07:48] DEBUG - 94202031_240504a_11~7331_hr4_4650.tif | pred_pos=0 | gt_pos=7970 | diff=7970 (0.122) | lcc=0.122 | flagged=0
[15:07:48] DEBUG - 94202031_240504a_11~7331_hr4_4747.tif | pred_pos=0 | gt_pos=0 | diff=0 (0.000) | lcc=0.000 | flagged=0
[15:07:48] DEBUG - 94202031_240504a_11~7331_hr4_4790.tif | pred_pos=0 | gt_pos=0 | diff=0 (0.000) | lcc=0.000 | flagged=0
[15:07:48] DEBUG - 94202031_240504a_11~7331_hr4_4800.tif | pred_pos=0 | gt_pos=44118 | diff=44118 (0.673) | lcc=0.673 | flagged=1
[15:07:48] DEBUG - 94202031_240504a_11~7331_hr4_5005.tif | pred_pos=0 | gt_pos=0 | diff=0 (0.000) | lcc=0.000 | flagged=0
[15:07:48] DEBUG - 94202031_240504a_11~7331_hr4_514.tif | pred_pos=0 | gt_pos=0 | diff=0 (0.000) | lcc=0.000 | flagged=0
[15:07:48] DEBUG - 94202031_240504a_11~7331_hr4_5294.tif | pred_pos=0 | gt_pos=0 | diff=0 (0.000) | lcc=0.000 | flagged=0
[15:07:48] DEBUG - 94202031_240504a_11~7331_hr4_5437.tif | pred_pos=0 | gt_pos=0 | diff=0 (0.000) | lcc=0.000 | flagged=0
[15:07:48] DEBUG - 94202031_240504a_11~7331_hr4_5461.tif | pred_pos=0 | gt_pos=65536 | diff=65536 (1.000) | lcc=1.000 | flagged=1
[15:07:48] DEBUG - 94202031_240504a_11~7331_hr4_5495.tif | pred_pos=0 | gt_pos=0 | diff=0 (0.000) | lcc=0.000 | flagged=0
[15:07:48] DEBUG - 94202031_240504a_11~7331_hr4_880.tif | pred_pos=0 | gt_pos=5558 | diff=5558 (0.085) | lcc=0.085 | flagged=0
[15:07:48] DEBUG - 94202032_240504a_12~7560_hr4_1013.tif | pred_pos=0 | gt_pos=19641 | diff=19641 (0.300) | lcc=0.300 | flagged=0
[15:07:48] DEBUG - 94202032_240504a_12~7560_hr4_1032.tif | pred_pos=0 | gt_pos=13796 | diff=13796 (0.211) | lcc=0.211 | flagged=0
[15:07:48] DEBUG - 94202032_240504a_12~7560_hr4_1085.tif | pred_pos=0 | gt_pos=35814 | diff=35814 (0.546) | lcc=0.546 | flagged=1
[15:07:48] DEBUG - 94202032_240504a_12~7560_hr4_1139.tif | pred_pos=0 | gt_pos=42035 | diff=42035 (0.641) | lcc=0.641 | flagged=1
[15:07:48] DEBUG - 94202032_240504a_12~7560_hr4_1179.tif | pred_pos=0 | gt_pos=19054 | diff=19054 (0.291) | lcc=0.175 | flagged=0
[15:07:48] DEBUG - 94202032_240504a_12~7560_hr4_1209.tif | pred_pos=0 | gt_pos=24192 | diff=24192 (0.369) | lcc=0.369 | flagged=0
[15:07:48] DEBUG - 94202032_240504a_12~7560_hr4_1213.tif | pred_pos=0 | gt_pos=20349 | diff=20349 (0.311) | lcc=0.311 | flagged=0
[15:07:48] DEBUG - 94202032_240504a_12~7560_hr4_1415.tif | pred_pos=0 | gt_pos=18 | diff=18 (0.000) | lcc=0.000 | flagged=0
[15:07:48] DEBUG - 94202032_240504a_12~7560_hr4_1431.tif | pred_pos=0 | gt_pos=16570 | diff=16570 (0.253) | lcc=0.253 | flagged=0
[15:07:48] DEBUG - 94202032_240504a_12~7560_hr4_149.tif | pred_pos=0 | gt_pos=12850 | diff=12850 (0.196) | lcc=0.147 | flagged=0
[15:07:48] DEBUG - 94202032_240504a_12~7560_hr4_1498.tif | pred_pos=0 | gt_pos=28300 | diff=28300 (0.432) | lcc=0.432 | flagged=0
[15:07:48] DEBUG - 94202032_240504a_12~7560_hr4_1577.tif | pred_pos=0 | gt_pos=28958 | diff=28958 (0.442) | lcc=0.442 | flagged=0
[15:07:48] DEBUG - 94202032_240504a_12~7560_hr4_1595.tif | pred_pos=0 | gt_pos=43079 | diff=43079 (0.657) | lcc=0.618 | flagged=1
[15:07:48] DEBUG - 94202032_240504a_12~7560_hr4_1598.tif | pred_pos=0 | gt_pos=0 | diff=0 (0.000) | lcc=0.000 | flagged=0
[15:07:48] DEBUG - 94202032_240504a_12~7560_hr4_1669.tif | pred_pos=0 | gt_pos=58270 | diff=58270 (0.889) | lcc=0.889 | flagged=1
[15:07:48] DEBUG - 94202032_240504a_12~7560_hr4_1677.tif | pred_pos=0 | gt_pos=38306 | diff=38306 (0.585) | lcc=0.585 | flagged=1
[15:07:48] DEBUG - 94202032_240504a_12~7560_hr4_1678.tif | pred_pos=0 | gt_pos=65536 | diff=65536 (1.000) | lcc=1.000 | flagged=1
[15:07:48] DEBUG - 94202032_240504a_12~7560_hr4_1737.tif | pred_pos=0 | gt_pos=24324 | diff=24324 (0.371) | lcc=0.371 | flagged=0
[15:07:48] DEBUG - 94202032_240504a_12~7560_hr4_1802.tif | pred_pos=0 | gt_pos=40189 | diff=40189 (0.613) | lcc=0.613 | flagged=1
[15:07:48] DEBUG - 94202032_240504a_12~7560_hr4_1817.tif | pred_pos=0 | gt_pos=35338 | diff=35338 (0.539) | lcc=0.385 | flagged=0
[15:07:48] DEBUG - 94202032_240504a_12~7560_hr4_1963.tif | pred_pos=0 | gt_pos=14336 | diff=14336 (0.219) | lcc=0.219 | flagged=0
[15:07:48] DEBUG - 94202032_240504a_12~7560_hr4_20.tif | pred_pos=0 | gt_pos=18349 | diff=18349 (0.280) | lcc=0.145 | flagged=0
[15:07:48] DEBUG - 94202032_240504a_12~7560_hr4_2050.tif | pred_pos=0 | gt_pos=4260 | diff=4260 (0.065) | lcc=0.065 | flagged=0
[15:07:48] DEBUG - 94202032_240504a_12~7560_hr4_2116.tif | pred_pos=0 | gt_pos=38150 | diff=38150 (0.582) | lcc=0.582 | flagged=1
[15:07:48] DEBUG - 94202032_240504a_12~7560_hr4_2134.tif | pred_pos=0 | gt_pos=1918 | diff=1918 (0.029) | lcc=0.029 | flagged=0
[15:07:48] DEBUG - 94202032_240504a_12~7560_hr4_2135.tif | pred_pos=0 | gt_pos=0 | diff=0 (0.000) | lcc=0.000 | flagged=0
[15:07:48] DEBUG - 94202032_240504a_12~7560_hr4_214.tif | pred_pos=0 | gt_pos=65536 | diff=65536 (1.000) | lcc=1.000 | flagged=1
[15:07:48] DEBUG - 94202032_240504a_12~7560_hr4_2240.tif | pred_pos=0 | gt_pos=23135 | diff=23135 (0.353) | lcc=0.353 | flagged=0
[15:07:48] DEBUG - 94202032_240504a_12~7560_hr4_2243.tif | pred_pos=0 | gt_pos=34916 | diff=34916 (0.533) | lcc=0.533 | flagged=1
[15:07:48] DEBUG - 94202032_240504a_12~7560_hr4_2264.tif | pred_pos=0 | gt_pos=17189 | diff=17189 (0.262) | lcc=0.262 | flagged=0
[15:07:48] DEBUG - 94202032_240504a_12~7560_hr4_2282.tif | pred_pos=0 | gt_pos=6354 | diff=6354 (0.097) | lcc=0.097 | flagged=0
[15:07:48] DEBUG - 94202032_240504a_12~7560_hr4_2314.tif | pred_pos=0 | gt_pos=29170 | diff=29170 (0.445) | lcc=0.445 | flagged=0
[15:07:48] DEBUG - 94202032_240504a_12~7560_hr4_2315.tif | pred_pos=0 | gt_pos=41729 | diff=41729 (0.637) | lcc=0.356 | flagged=0
[15:07:48] DEBUG - 94202032_240504a_12~7560_hr4_2351.tif | pred_pos=0 | gt_pos=46002 | diff=46002 (0.702) | lcc=0.702 | flagged=1
[15:07:48] DEBUG - 94202032_240504a_12~7560_hr4_2355.tif | pred_pos=0 | gt_pos=19404 | diff=19404 (0.296) | lcc=0.296 | flagged=0
[15:07:48] DEBUG - 94202032_240504a_12~7560_hr4_2440.tif | pred_pos=0 | gt_pos=36365 | diff=36365 (0.555) | lcc=0.555 | flagged=1
[15:07:48] DEBUG - 94202032_240504a_12~7560_hr4_2558.tif | pred_pos=0 | gt_pos=17958 | diff=17958 (0.274) | lcc=0.274 | flagged=0
[15:07:48] DEBUG - 94202032_240504a_12~7560_hr4_2560.tif | pred_pos=0 | gt_pos=17666 | diff=17666 (0.270) | lcc=0.270 | flagged=0
[15:07:48] DEBUG - 94202032_240504a_12~7560_hr4_2617.tif | pred_pos=0 | gt_pos=13149 | diff=13149 (0.201) | lcc=0.201 | flagged=0
[15:07:48] DEBUG - 94202032_240504a_12~7560_hr4_2699.tif | pred_pos=0 | gt_pos=22914 | diff=22914 (0.350) | lcc=0.350 | flagged=0
[15:07:48] DEBUG - 94202032_240504a_12~7560_hr4_2709.tif | pred_pos=0 | gt_pos=51348 | diff=51348 (0.784) | lcc=0.784 | flagged=1
[15:07:48] DEBUG - 94202032_240504a_12~7560_hr4_2927.tif | pred_pos=0 | gt_pos=4276 | diff=4276 (0.065) | lcc=0.065 | flagged=0
[15:07:48] DEBUG - 94202032_240504a_12~7560_hr4_2956.tif | pred_pos=0 | gt_pos=26762 | diff=26762 (0.408) | lcc=0.408 | flagged=0
[15:07:48] DEBUG - 94202032_240504a_12~7560_hr4_2957.tif | pred_pos=0 | gt_pos=55249 | diff=55249 (0.843) | lcc=0.843 | flagged=1
[15:07:48] DEBUG - 94202032_240504a_12~7560_hr4_2985.tif | pred_pos=0 | gt_pos=23667 | diff=23667 (0.361) | lcc=0.361 | flagged=0
[15:07:48] DEBUG - 94202032_240504a_12~7560_hr4_3051.tif | pred_pos=0 | gt_pos=31939 | diff=31939 (0.487) | lcc=0.487 | flagged=0
[15:07:48] DEBUG - 94202032_240504a_12~7560_hr4_3097.tif | pred_pos=0 | gt_pos=1229 | diff=1229 (0.019) | lcc=0.019 | flagged=0
[15:07:48] DEBUG - 94202032_240504a_12~7560_hr4_3098.tif | pred_pos=0 | gt_pos=55360 | diff=55360 (0.845) | lcc=0.845 | flagged=1
[15:07:48] DEBUG - 94202032_240504a_12~7560_hr4_3145.tif | pred_pos=0 | gt_pos=17088 | diff=17088 (0.261) | lcc=0.261 | flagged=0
[15:07:48] DEBUG - 94202032_240504a_12~7560_hr4_3149.tif | pred_pos=0 | gt_pos=5990 | diff=5990 (0.091) | lcc=0.091 | flagged=0
[15:07:48] DEBUG - 94202032_240504a_12~7560_hr4_3171.tif | pred_pos=0 | gt_pos=40 | diff=40 (0.001) | lcc=0.001 | flagged=0
[15:07:48] DEBUG - 94202032_240504a_12~7560_hr4_3264.tif | pred_pos=0 | gt_pos=0 | diff=0 (0.000) | lcc=0.000 | flagged=0
[15:07:48] DEBUG - 94202032_240504a_12~7560_hr4_3351.tif | pred_pos=0 | gt_pos=1936 | diff=1936 (0.030) | lcc=0.025 | flagged=0
[15:07:48] DEBUG - 94202032_240504a_12~7560_hr4_3355.tif | pred_pos=0 | gt_pos=21665 | diff=21665 (0.331) | lcc=0.331 | flagged=0
[15:07:48] DEBUG - 94202032_240504a_12~7560_hr4_3511.tif | pred_pos=0 | gt_pos=17259 | diff=17259 (0.263) | lcc=0.263 | flagged=0
[15:07:48] DEBUG - 94202032_240504a_12~7560_hr4_3572.tif | pred_pos=0 | gt_pos=31786 | diff=31786 (0.485) | lcc=0.485 | flagged=0
[15:07:48] DEBUG - 94202032_240504a_12~7560_hr4_3574.tif | pred_pos=0 | gt_pos=30399 | diff=30399 (0.464) | lcc=0.464 | flagged=0
[15:07:48] DEBUG - 94202032_240504a_12~7560_hr4_3652.tif | pred_pos=0 | gt_pos=1895 | diff=1895 (0.029) | lcc=0.029 | flagged=0
[15:07:48] DEBUG - 94202032_240504a_12~7560_hr4_3706.tif | pred_pos=0 | gt_pos=13948 | diff=13948 (0.213) | lcc=0.213 | flagged=0
[15:07:48] DEBUG - 94202032_240504a_12~7560_hr4_3718.tif | pred_pos=0 | gt_pos=14252 | diff=14252 (0.217) | lcc=0.217 | flagged=0
[15:07:48] DEBUG - 94202032_240504a_12~7560_hr4_3722.tif | pred_pos=0 | gt_pos=9418 | diff=9418 (0.144) | lcc=0.144 | flagged=0
[15:07:48] DEBUG - 94202032_240504a_12~7560_hr4_3732.tif | pred_pos=0 | gt_pos=35875 | diff=35875 (0.547) | lcc=0.547 | flagged=1
[15:07:48] DEBUG - 94202032_240504a_12~7560_hr4_3802.tif | pred_pos=0 | gt_pos=27802 | diff=27802 (0.424) | lcc=0.424 | flagged=0
[15:07:48] DEBUG - 94202032_240504a_12~7560_hr4_3805.tif | pred_pos=0 | gt_pos=3690 | diff=3690 (0.056) | lcc=0.056 | flagged=0
[15:07:48] DEBUG - 94202032_240504a_12~7560_hr4_3828.tif | pred_pos=0 | gt_pos=4730 | diff=4730 (0.072) | lcc=0.072 | flagged=0
[15:07:48] DEBUG - 94202032_240504a_12~7560_hr4_3840.tif | pred_pos=0 | gt_pos=37317 | diff=37317 (0.569) | lcc=0.569 | flagged=1
[15:07:48] DEBUG - 94202032_240504a_12~7560_hr4_3882.tif | pred_pos=0 | gt_pos=40758 | diff=40758 (0.622) | lcc=0.622 | flagged=1
[15:07:48] DEBUG - 94202032_240504a_12~7560_hr4_3950.tif | pred_pos=0 | gt_pos=37293 | diff=37293 (0.569) | lcc=0.569 | flagged=1
[15:07:48] DEBUG - 94202032_240504a_12~7560_hr4_3954.tif | pred_pos=0 | gt_pos=18207 | diff=18207 (0.278) | lcc=0.278 | flagged=0
[15:07:48] DEBUG - 94202032_240504a_12~7560_hr4_3966.tif | pred_pos=0 | gt_pos=16627 | diff=16627 (0.254) | lcc=0.254 | flagged=0
[15:07:48] DEBUG - 94202032_240504a_12~7560_hr4_4014.tif | pred_pos=0 | gt_pos=36220 | diff=36220 (0.553) | lcc=0.553 | flagged=1
[15:07:48] DEBUG - 94202032_240504a_12~7560_hr4_408.tif | pred_pos=0 | gt_pos=9361 | diff=9361 (0.143) | lcc=0.143 | flagged=0
[15:07:48] DEBUG - 94202032_240504a_12~7560_hr4_4097.tif | pred_pos=0 | gt_pos=20180 | diff=20180 (0.308) | lcc=0.235 | flagged=0
[15:07:48] DEBUG - 94202032_240504a_12~7560_hr4_41.tif | pred_pos=0 | gt_pos=33242 | diff=33242 (0.507) | lcc=0.493 | flagged=0
[15:07:48] DEBUG - 94202032_240504a_12~7560_hr4_4156.tif | pred_pos=0 | gt_pos=36767 | diff=36767 (0.561) | lcc=0.561 | flagged=1
[15:07:48] DEBUG - 94202032_240504a_12~7560_hr4_4176.tif | pred_pos=0 | gt_pos=1552 | diff=1552 (0.024) | lcc=0.024 | flagged=0
[15:07:48] DEBUG - 94202032_240504a_12~7560_hr4_4182.tif | pred_pos=0 | gt_pos=11178 | diff=11178 (0.171) | lcc=0.096 | flagged=0
[15:07:48] DEBUG - 94202032_240504a_12~7560_hr4_422.tif | pred_pos=0 | gt_pos=21222 | diff=21222 (0.324) | lcc=0.324 | flagged=0
[15:07:48] DEBUG - 94202032_240504a_12~7560_hr4_4229.tif | pred_pos=0 | gt_pos=34428 | diff=34428 (0.525) | lcc=0.525 | flagged=1
[15:07:48] DEBUG - 94202032_240504a_12~7560_hr4_4240.tif | pred_pos=0 | gt_pos=16943 | diff=16943 (0.259) | lcc=0.259 | flagged=0
[15:07:48] DEBUG - 94202032_240504a_12~7560_hr4_4272.tif | pred_pos=0 | gt_pos=22747 | diff=22747 (0.347) | lcc=0.347 | flagged=0
[15:07:48] DEBUG - 94202032_240504a_12~7560_hr4_4276.tif | pred_pos=0 | gt_pos=25290 | diff=25290 (0.386) | lcc=0.386 | flagged=0
[15:07:48] DEBUG - 94202032_240504a_12~7560_hr4_4346.tif | pred_pos=0 | gt_pos=51284 | diff=51284 (0.783) | lcc=0.783 | flagged=1
[15:07:48] DEBUG - 94202032_240504a_12~7560_hr4_4540.tif | pred_pos=0 | gt_pos=16358 | diff=16358 (0.250) | lcc=0.250 | flagged=0
[15:07:48] DEBUG - 94202032_240504a_12~7560_hr4_458.tif | pred_pos=0 | gt_pos=0 | diff=0 (0.000) | lcc=0.000 | flagged=0
[15:07:48] DEBUG - 94202032_240504a_12~7560_hr4_469.tif | pred_pos=0 | gt_pos=5203 | diff=5203 (0.079) | lcc=0.079 | flagged=0
[15:07:48] DEBUG - 94202032_240504a_12~7560_hr4_4770.tif | pred_pos=0 | gt_pos=50258 | diff=50258 (0.767) | lcc=0.767 | flagged=1
[15:07:48] DEBUG - 94202032_240504a_12~7560_hr4_481.tif | pred_pos=0 | gt_pos=3530 | diff=3530 (0.054) | lcc=0.054 | flagged=0
[15:07:48] DEBUG - 94202032_240504a_12~7560_hr4_4884.tif | pred_pos=0 | gt_pos=0 | diff=0 (0.000) | lcc=0.000 | flagged=0
[15:07:48] DEBUG - 94202032_240504a_12~7560_hr4_497.tif | pred_pos=0 | gt_pos=6034 | diff=6034 (0.092) | lcc=0.092 | flagged=0
[15:07:48] DEBUG - 94202032_240504a_12~7560_hr4_51.tif | pred_pos=0 | gt_pos=4712 | diff=4712 (0.072) | lcc=0.072 | flagged=0
[15:07:48] DEBUG - 94202032_240504a_12~7560_hr4_511.tif | pred_pos=0 | gt_pos=5858 | diff=5858 (0.089) | lcc=0.089 | flagged=0
[15:07:48] DEBUG - 94202032_240504a_12~7560_hr4_516.tif | pred_pos=0 | gt_pos=12887 | diff=12887 (0.197) | lcc=0.197 | flagged=0
[15:07:48] DEBUG - 94202032_240504a_12~7560_hr4_5206.tif | pred_pos=0 | gt_pos=27941 | diff=27941 (0.426) | lcc=0.426 | flagged=0
[15:07:48] DEBUG - 94202032_240504a_12~7560_hr4_5220.tif | pred_pos=0 | gt_pos=8984 | diff=8984 (0.137) | lcc=0.137 | flagged=0
[15:07:48] DEBUG - 94202032_240504a_12~7560_hr4_5279.tif | pred_pos=0 | gt_pos=18880 | diff=18880 (0.288) | lcc=0.288 | flagged=0
[15:07:48] DEBUG - 94202032_240504a_12~7560_hr4_5297.tif | pred_pos=0 | gt_pos=17031 | diff=17031 (0.260) | lcc=0.260 | flagged=0
[15:07:48] DEBUG - 94202032_240504a_12~7560_hr4_5403.tif | pred_pos=0 | gt_pos=57909 | diff=57909 (0.884) | lcc=0.884 | flagged=1
[15:07:48] DEBUG - 94202032_240504a_12~7560_hr4_5423.tif | pred_pos=0 | gt_pos=55904 | diff=55904 (0.853) | lcc=0.853 | flagged=1
[15:07:48] DEBUG - 94202032_240504a_12~7560_hr4_544.tif | pred_pos=0 | gt_pos=52818 | diff=52818 (0.806) | lcc=0.806 | flagged=1
[15:07:48] DEBUG - 94202032_240504a_12~7560_hr4_5501.tif | pred_pos=0 | gt_pos=46088 | diff=46088 (0.703) | lcc=0.703 | flagged=1
[15:07:48] DEBUG - 94202032_240504a_12~7560_hr4_5630.tif | pred_pos=0 | gt_pos=11870 | diff=11870 (0.181) | lcc=0.181 | flagged=0
[15:07:48] DEBUG - 94202032_240504a_12~7560_hr4_5652.tif | pred_pos=0 | gt_pos=91 | diff=91 (0.001) | lcc=0.001 | flagged=0
[15:07:48] DEBUG - 94202032_240504a_12~7560_hr4_5670.tif | pred_pos=0 | gt_pos=4579 | diff=4579 (0.070) | lcc=0.070 | flagged=0
[15:07:48] DEBUG - 94202032_240504a_12~7560_hr4_5745.tif | pred_pos=0 | gt_pos=22528 | diff=22528 (0.344) | lcc=0.344 | flagged=0
[15:07:48] DEBUG - 94202032_240504a_12~7560_hr4_5802.tif | pred_pos=0 | gt_pos=478 | diff=478 (0.007) | lcc=0.007 | flagged=0
[15:07:48] DEBUG - 94202032_240504a_12~7560_hr4_589.tif | pred_pos=0 | gt_pos=40326 | diff=40326 (0.615) | lcc=0.615 | flagged=1
[15:07:48] DEBUG - 94202032_240504a_12~7560_hr4_599.tif | pred_pos=0 | gt_pos=30549 | diff=30549 (0.466) | lcc=0.466 | flagged=0
[15:07:48] DEBUG - 94202032_240504a_12~7560_hr4_630.tif | pred_pos=0 | gt_pos=65536 | diff=65536 (1.000) | lcc=1.000 | flagged=1
[15:07:48] DEBUG - 94202032_240504a_12~7560_hr4_677.tif | pred_pos=0 | gt_pos=0 | diff=0 (0.000) | lcc=0.000 | flagged=0
[15:07:52] DEBUG - 94202032_240504a_12~7560_hr4_678.tif | pred_pos=0 | gt_pos=5266 | diff=5266 (0.080) | lcc=0.080 | flagged=0
[15:07:52] DEBUG - 94202032_240504a_12~7560_hr4_703.tif | pred_pos=0 | gt_pos=2311 | diff=2311 (0.035) | lcc=0.035 | flagged=0
[15:07:52] DEBUG - 94202032_240504a_12~7560_hr4_829.tif | pred_pos=0 | gt_pos=23552 | diff=23552 (0.359) | lcc=0.359 | flagged=0
[15:07:52] DEBUG - 94202032_240504a_12~7560_hr4_976.tif | pred_pos=0 | gt_pos=44004 | diff=44004 (0.671) | lcc=0.671 | flagged=1
[15:07:52] DEBUG - 94202033_240504a_13~7813_hr4_1017.tif | pred_pos=0 | gt_pos=32918 | diff=32918 (0.502) | lcc=0.502 | flagged=1
[15:07:52] DEBUG - 94202033_240504a_13~7813_hr4_1020.tif | pred_pos=0 | gt_pos=24340 | diff=24340 (0.371) | lcc=0.344 | flagged=0
[15:07:52] DEBUG - 94202033_240504a_13~7813_hr4_1031.tif | pred_pos=0 | gt_pos=8467 | diff=8467 (0.129) | lcc=0.129 | flagged=0
[15:07:52] DEBUG - 94202033_240504a_13~7813_hr4_1037.tif | pred_pos=0 | gt_pos=12578 | diff=12578 (0.192) | lcc=0.192 | flagged=0
[15:07:52] DEBUG - 94202033_240504a_13~7813_hr4_1087.tif | pred_pos=0 | gt_pos=51185 | diff=51185 (0.781) | lcc=0.781 | flagged=1
[15:07:52] DEBUG - 94202033_240504a_13~7813_hr4_1090.tif | pred_pos=0 | gt_pos=65536 | diff=65536 (1.000) | lcc=1.000 | flagged=1
[15:07:52] DEBUG - 94202033_240504a_13~7813_hr4_1096.tif | pred_pos=0 | gt_pos=14405 | diff=14405 (0.220) | lcc=0.220 | flagged=0
[15:07:52] DEBUG - 94202033_240504a_13~7813_hr4_112.tif | pred_pos=0 | gt_pos=23705 | diff=23705 (0.362) | lcc=0.359 | flagged=0
[15:07:52] DEBUG - 94202033_240504a_13~7813_hr4_1123.tif | pred_pos=0 | gt_pos=35244 | diff=35244 (0.538) | lcc=0.538 | flagged=1
[15:07:52] DEBUG - 94202033_240504a_13~7813_hr4_1164.tif | pred_pos=0 | gt_pos=65536 | diff=65536 (1.000) | lcc=1.000 | flagged=1
[15:07:52] DEBUG - 94202033_240504a_13~7813_hr4_1175.tif | pred_pos=0 | gt_pos=30222 | diff=30222 (0.461) | lcc=0.461 | flagged=0
[15:07:52] DEBUG - 94202033_240504a_13~7813_hr4_1197.tif | pred_pos=0 | gt_pos=55223 | diff=55223 (0.843) | lcc=0.843 | flagged=1
[15:07:52] DEBUG - 94202033_240504a_13~7813_hr4_120.tif | pred_pos=0 | gt_pos=29916 | diff=29916 (0.456) | lcc=0.454 | flagged=0
[15:07:52] DEBUG - 94202033_240504a_13~7813_hr4_1248.tif | pred_pos=0 | gt_pos=56942 | diff=56942 (0.869) | lcc=0.869 | flagged=1
[15:07:52] DEBUG - 94202033_240504a_13~7813_hr4_1257.tif | pred_pos=0 | gt_pos=39926 | diff=39926 (0.609) | lcc=0.609 | flagged=1
[15:07:52] DEBUG - 94202033_240504a_13~7813_hr4_1266.tif | pred_pos=0 | gt_pos=4829 | diff=4829 (0.074) | lcc=0.074 | flagged=0
[15:07:52] DEBUG - 94202033_240504a_13~7813_hr4_127.tif | pred_pos=0 | gt_pos=6872 | diff=6872 (0.105) | lcc=0.105 | flagged=0
[15:07:52] DEBUG - 94202033_240504a_13~7813_hr4_131.tif | pred_pos=0 | gt_pos=1350 | diff=1350 (0.021) | lcc=0.021 | flagged=0
[15:07:52] DEBUG - 94202033_240504a_13~7813_hr4_1315.tif | pred_pos=0 | gt_pos=34388 | diff=34388 (0.525) | lcc=0.525 | flagged=1
[15:07:52] DEBUG - 94202033_240504a_13~7813_hr4_1318.tif | pred_pos=0 | gt_pos=19617 | diff=19617 (0.299) | lcc=0.185 | flagged=0
[15:07:52] DEBUG - 94202033_240504a_13~7813_hr4_1320.tif | pred_pos=0 | gt_pos=27393 | diff=27393 (0.418) | lcc=0.418 | flagged=0
[15:07:52] DEBUG - 94202033_240504a_13~7813_hr4_1330.tif | pred_pos=0 | gt_pos=29507 | diff=29507 (0.450) | lcc=0.450 | flagged=0
[15:07:52] DEBUG - 94202033_240504a_13~7813_hr4_1337.tif | pred_pos=0 | gt_pos=21583 | diff=21583 (0.329) | lcc=0.329 | flagged=0
[15:07:52] DEBUG - 94202033_240504a_13~7813_hr4_1339.tif | pred_pos=0 | gt_pos=65536 | diff=65536 (1.000) | lcc=1.000 | flagged=1
[15:07:52] DEBUG - 94202033_240504a_13~7813_hr4_1364.tif | pred_pos=0 | gt_pos=0 | diff=0 (0.000) | lcc=0.000 | flagged=0
[15:07:52] DEBUG - 94202033_240504a_13~7813_hr4_1384.tif | pred_pos=0 | gt_pos=65359 | diff=65359 (0.997) | lcc=0.997 | flagged=1
[15:07:52] DEBUG - 94202033_240504a_13~7813_hr4_140.tif | pred_pos=0 | gt_pos=34928 | diff=34928 (0.533) | lcc=0.533 | flagged=1
[15:07:52] DEBUG - 94202033_240504a_13~7813_hr4_1401.tif | pred_pos=0 | gt_pos=38539 | diff=38539 (0.588) | lcc=0.588 | flagged=1
[15:07:52] DEBUG - 94202033_240504a_13~7813_hr4_1405.tif | pred_pos=0 | gt_pos=52841 | diff=52841 (0.806) | lcc=0.735 | flagged=1
[15:07:52] DEBUG - 94202033_240504a_13~7813_hr4_1413.tif | pred_pos=0 | gt_pos=41143 | diff=41143 (0.628) | lcc=0.612 | flagged=1
[15:07:52] DEBUG - 94202033_240504a_13~7813_hr4_1455.tif | pred_pos=0 | gt_pos=47564 | diff=47564 (0.726) | lcc=0.726 | flagged=1
[15:07:52] DEBUG - 94202033_240504a_13~7813_hr4_1467.tif | pred_pos=0 | gt_pos=43427 | diff=43427 (0.663) | lcc=0.663 | flagged=1
[15:07:52] DEBUG - 94202033_240504a_13~7813_hr4_1469.tif | pred_pos=0 | gt_pos=22974 | diff=22974 (0.351) | lcc=0.351 | flagged=0
[15:07:52] DEBUG - 94202033_240504a_13~7813_hr4_1472.tif | pred_pos=0 | gt_pos=57820 | diff=57820 (0.882) | lcc=0.882 | flagged=1
[15:07:52] DEBUG - 94202033_240504a_13~7813_hr4_1473.tif | pred_pos=0 | gt_pos=65536 | diff=65536 (1.000) | lcc=1.000 | flagged=1
[15:07:52] DEBUG - 94202033_240504a_13~7813_hr4_1485.tif | pred_pos=0 | gt_pos=10046 | diff=10046 (0.153) | lcc=0.153 | flagged=0
[15:07:52] DEBUG - 94202033_240504a_13~7813_hr4_1494.tif | pred_pos=0 | gt_pos=7469 | diff=7469 (0.114) | lcc=0.114 | flagged=0
[15:07:52] DEBUG - 94202033_240504a_13~7813_hr4_1551.tif | pred_pos=0 | gt_pos=47929 | diff=47929 (0.731) | lcc=0.731 | flagged=1
[15:07:52] DEBUG - 94202033_240504a_13~7813_hr4_1552.tif | pred_pos=0 | gt_pos=65536 | diff=65536 (1.000) | lcc=1.000 | flagged=1
[15:07:52] DEBUG - 94202033_240504a_13~7813_hr4_1611.tif | pred_pos=0 | gt_pos=52887 | diff=52887 (0.807) | lcc=0.807 | flagged=1
[15:07:52] DEBUG - 94202033_240504a_13~7813_hr4_1618.tif | pred_pos=0 | gt_pos=45628 | diff=45628 (0.696) | lcc=0.696 | flagged=1
[15:07:52] DEBUG - 94202033_240504a_13~7813_hr4_1622.tif | pred_pos=0 | gt_pos=3285 | diff=3285 (0.050) | lcc=0.050 | flagged=0
[15:07:52] DEBUG - 94202033_240504a_13~7813_hr4_1633.tif | pred_pos=0 | gt_pos=35799 | diff=35799 (0.546) | lcc=0.546 | flagged=1
[15:07:52] DEBUG - 94202033_240504a_13~7813_hr4_1680.tif | pred_pos=0 | gt_pos=8342 | diff=8342 (0.127) | lcc=0.127 | flagged=0
[15:07:52] DEBUG - 94202033_240504a_13~7813_hr4_1702.tif | pred_pos=0 | gt_pos=0 | diff=0 (0.000) | lcc=0.000 | flagged=0
[15:07:52] DEBUG - 94202033_240504a_13~7813_hr4_1722.tif | pred_pos=0 | gt_pos=40569 | diff=40569 (0.619) | lcc=0.619 | flagged=1
[15:07:52] DEBUG - 94202033_240504a_13~7813_hr4_173.tif | pred_pos=0 | gt_pos=44437 | diff=44437 (0.678) | lcc=0.678 | flagged=1
[15:07:52] DEBUG - 94202033_240504a_13~7813_hr4_1750.tif | pred_pos=0 | gt_pos=60922 | diff=60922 (0.930) | lcc=0.930 | flagged=1
[15:07:52] DEBUG - 94202033_240504a_13~7813_hr4_1756.tif | pred_pos=0 | gt_pos=1 | diff=1 (0.000) | lcc=0.000 | flagged=0
[15:07:52] DEBUG - 94202033_240504a_13~7813_hr4_1796.tif | pred_pos=0 | gt_pos=39841 | diff=39841 (0.608) | lcc=0.608 | flagged=1
[15:07:52] DEBUG - 94202033_240504a_13~7813_hr4_1818.tif | pred_pos=0 | gt_pos=4511 | diff=4511 (0.069) | lcc=0.069 | flagged=0
[15:07:52] DEBUG - 94202033_240504a_13~7813_hr4_1828.tif | pred_pos=0 | gt_pos=45747 | diff=45747 (0.698) | lcc=0.698 | flagged=1
[15:07:52] DEBUG - 94202033_240504a_13~7813_hr4_1829.tif | pred_pos=0 | gt_pos=340 | diff=340 (0.005) | lcc=0.005 | flagged=0
[15:07:52] DEBUG - 94202033_240504a_13~7813_hr4_1841.tif | pred_pos=0 | gt_pos=777 | diff=777 (0.012) | lcc=0.012 | flagged=0
[15:07:52] DEBUG - 94202033_240504a_13~7813_hr4_188.tif | pred_pos=0 | gt_pos=12934 | diff=12934 (0.197) | lcc=0.156 | flagged=0
[15:07:52] DEBUG - 94202033_240504a_13~7813_hr4_1884.tif | pred_pos=0 | gt_pos=12144 | diff=12144 (0.185) | lcc=0.185 | flagged=0
[15:07:52] DEBUG - 94202033_240504a_13~7813_hr4_189.tif | pred_pos=0 | gt_pos=56807 | diff=56807 (0.867) | lcc=0.563 | flagged=1
[15:07:52] DEBUG - 94202033_240504a_13~7813_hr4_1908.tif | pred_pos=0 | gt_pos=1813 | diff=1813 (0.028) | lcc=0.028 | flagged=0
[15:07:52] DEBUG - 94202033_240504a_13~7813_hr4_1939.tif | pred_pos=0 | gt_pos=36063 | diff=36063 (0.550) | lcc=0.550 | flagged=1
[15:07:52] DEBUG - 94202033_240504a_13~7813_hr4_1978.tif | pred_pos=0 | gt_pos=22417 | diff=22417 (0.342) | lcc=0.342 | flagged=0
[15:07:52] DEBUG - 94202033_240504a_13~7813_hr4_2.tif | pred_pos=0 | gt_pos=33379 | diff=33379 (0.509) | lcc=0.488 | flagged=0
[15:07:52] DEBUG - 94202033_240504a_13~7813_hr4_200.tif | pred_pos=0 | gt_pos=20194 | diff=20194 (0.308) | lcc=0.308 | flagged=0
[15:07:52] DEBUG - 94202033_240504a_13~7813_hr4_201.tif | pred_pos=0 | gt_pos=854 | diff=854 (0.013) | lcc=0.013 | flagged=0
[15:07:52] DEBUG - 94202033_240504a_13~7813_hr4_2012.tif | pred_pos=0 | gt_pos=9871 | diff=9871 (0.151) | lcc=0.151 | flagged=0
[15:07:52] DEBUG - 94202033_240504a_13~7813_hr4_2040.tif | pred_pos=0 | gt_pos=16532 | diff=16532 (0.252) | lcc=0.252 | flagged=0
[15:07:52] DEBUG - 94202033_240504a_13~7813_hr4_2083.tif | pred_pos=0 | gt_pos=23119 | diff=23119 (0.353) | lcc=0.353 | flagged=0
[15:07:52] DEBUG - 94202033_240504a_13~7813_hr4_212.tif | pred_pos=0 | gt_pos=31651 | diff=31651 (0.483) | lcc=0.483 | flagged=0
[15:07:52] DEBUG - 94202033_240504a_13~7813_hr4_2135.tif | pred_pos=0 | gt_pos=19604 | diff=19604 (0.299) | lcc=0.299 | flagged=0
[15:07:52] DEBUG - 94202033_240504a_13~7813_hr4_2172.tif | pred_pos=0 | gt_pos=28363 | diff=28363 (0.433) | lcc=0.433 | flagged=0
[15:07:52] DEBUG - 94202033_240504a_13~7813_hr4_2175.tif | pred_pos=0 | gt_pos=4575 | diff=4575 (0.070) | lcc=0.070 | flagged=0
[15:07:52] DEBUG - 94202033_240504a_13~7813_hr4_2199.tif | pred_pos=0 | gt_pos=47452 | diff=47452 (0.724) | lcc=0.525 | flagged=1
[15:07:52] DEBUG - 94202033_240504a_13~7813_hr4_2206.tif | pred_pos=0 | gt_pos=0 | diff=0 (0.000) | lcc=0.000 | flagged=0
[15:07:52] DEBUG - 94202033_240504a_13~7813_hr4_2209.tif | pred_pos=0 | gt_pos=12227 | diff=12227 (0.187) | lcc=0.187 | flagged=0
[15:07:52] DEBUG - 94202033_240504a_13~7813_hr4_2236.tif | pred_pos=0 | gt_pos=17832 | diff=17832 (0.272) | lcc=0.272 | flagged=0
[15:07:52] DEBUG - 94202033_240504a_13~7813_hr4_2270.tif | pred_pos=0 | gt_pos=17150 | diff=17150 (0.262) | lcc=0.262 | flagged=0
[15:07:52] DEBUG - 94202033_240504a_13~7813_hr4_2276.tif | pred_pos=0 | gt_pos=669 | diff=669 (0.010) | lcc=0.010 | flagged=0
[15:07:52] DEBUG - 94202033_240504a_13~7813_hr4_2278.tif | pred_pos=0 | gt_pos=12785 | diff=12785 (0.195) | lcc=0.195 | flagged=0
[15:07:52] DEBUG - 94202033_240504a_13~7813_hr4_2281.tif | pred_pos=0 | gt_pos=16647 | diff=16647 (0.254) | lcc=0.177 | flagged=0
[15:07:52] DEBUG - 94202033_240504a_13~7813_hr4_2283.tif | pred_pos=0 | gt_pos=20867 | diff=20867 (0.318) | lcc=0.287 | flagged=0
[15:07:52] DEBUG - 94202033_240504a_13~7813_hr4_2291.tif | pred_pos=0 | gt_pos=9924 | diff=9924 (0.151) | lcc=0.151 | flagged=0
[15:07:52] DEBUG - 94202033_240504a_13~7813_hr4_232.tif | pred_pos=0 | gt_pos=15513 | diff=15513 (0.237) | lcc=0.237 | flagged=0
[15:07:52] DEBUG - 94202033_240504a_13~7813_hr4_2337.tif | pred_pos=0 | gt_pos=7983 | diff=7983 (0.122) | lcc=0.122 | flagged=0
[15:07:52] DEBUG - 94202033_240504a_13~7813_hr4_2355.tif | pred_pos=0 | gt_pos=5656 | diff=5656 (0.086) | lcc=0.086 | flagged=0
[15:07:52] DEBUG - 94202033_240504a_13~7813_hr4_2374.tif | pred_pos=0 | gt_pos=65536 | diff=65536 (1.000) | lcc=1.000 | flagged=1
[15:07:52] DEBUG - 94202033_240504a_13~7813_hr4_2458.tif | pred_pos=0 | gt_pos=2650 | diff=2650 (0.040) | lcc=0.040 | flagged=0
[15:07:52] DEBUG - 94202033_240504a_13~7813_hr4_2521.tif | pred_pos=0 | gt_pos=37166 | diff=37166 (0.567) | lcc=0.567 | flagged=1
[15:07:52] DEBUG - 94202033_240504a_13~7813_hr4_2557.tif | pred_pos=0 | gt_pos=41218 | diff=41218 (0.629) | lcc=0.629 | flagged=1
[15:07:52] DEBUG - 94202033_240504a_13~7813_hr4_2564.tif | pred_pos=0 | gt_pos=60731 | diff=60731 (0.927) | lcc=0.927 | flagged=1
[15:07:52] DEBUG - 94202033_240504a_13~7813_hr4_2586.tif | pred_pos=0 | gt_pos=14236 | diff=14236 (0.217) | lcc=0.217 | flagged=0
[15:07:52] DEBUG - 94202033_240504a_13~7813_hr4_2654.tif | pred_pos=0 | gt_pos=60259 | diff=60259 (0.919) | lcc=0.919 | flagged=1
[15:07:52] DEBUG - 94202033_240504a_13~7813_hr4_2655.tif | pred_pos=0 | gt_pos=47303 | diff=47303 (0.722) | lcc=0.722 | flagged=1
[15:07:52] DEBUG - 94202033_240504a_13~7813_hr4_2662.tif | pred_pos=0 | gt_pos=29257 | diff=29257 (0.446) | lcc=0.407 | flagged=0
[15:07:52] DEBUG - 94202033_240504a_13~7813_hr4_2714.tif | pred_pos=0 | gt_pos=217 | diff=217 (0.003) | lcc=0.003 | flagged=0
[15:07:52] DEBUG - 94202033_240504a_13~7813_hr4_2729.tif | pred_pos=0 | gt_pos=9425 | diff=9425 (0.144) | lcc=0.144 | flagged=0
[15:07:52] DEBUG - 94202033_240504a_13~7813_hr4_2737.tif | pred_pos=0 | gt_pos=10833 | diff=10833 (0.165) | lcc=0.165 | flagged=0
[15:07:52] DEBUG - 94202033_240504a_13~7813_hr4_2758.tif | pred_pos=0 | gt_pos=38513 | diff=38513 (0.588) | lcc=0.588 | flagged=1
[15:07:52] DEBUG - 94202033_240504a_13~7813_hr4_2810.tif | pred_pos=0 | gt_pos=26955 | diff=26955 (0.411) | lcc=0.358 | flagged=0
[15:07:52] DEBUG - 94202033_240504a_13~7813_hr4_295.tif | pred_pos=0 | gt_pos=35480 | diff=35480 (0.541) | lcc=0.536 | flagged=1
[15:07:52] DEBUG - 94202033_240504a_13~7813_hr4_2979.tif | pred_pos=0 | gt_pos=0 | diff=0 (0.000) | lcc=0.000 | flagged=0
[15:07:53] DEBUG - 94202033_240504a_13~7813_hr4_3008.tif | pred_pos=0 | gt_pos=18132 | diff=18132 (0.277) | lcc=0.277 | flagged=0
[15:07:53] DEBUG - 94202033_240504a_13~7813_hr4_3044.tif | pred_pos=0 | gt_pos=50392 | diff=50392 (0.769) | lcc=0.769 | flagged=1
[15:07:53] DEBUG - 94202033_240504a_13~7813_hr4_321.tif | pred_pos=0 | gt_pos=34442 | diff=34442 (0.526) | lcc=0.526 | flagged=1
[15:07:53] DEBUG - 94202033_240504a_13~7813_hr4_3234.tif | pred_pos=0 | gt_pos=857 | diff=857 (0.013) | lcc=0.013 | flagged=0
[15:07:53] DEBUG - 94202033_240504a_13~7813_hr4_3290.tif | pred_pos=0 | gt_pos=31749 | diff=31749 (0.484) | lcc=0.484 | flagged=0
[15:07:53] DEBUG - 94202033_240504a_13~7813_hr4_3293.tif | pred_pos=0 | gt_pos=19966 | diff=19966 (0.305) | lcc=0.305 | flagged=0
[15:07:53] DEBUG - 94202033_240504a_13~7813_hr4_3305.tif | pred_pos=0 | gt_pos=22231 | diff=22231 (0.339) | lcc=0.339 | flagged=0
[15:07:53] DEBUG - 94202033_240504a_13~7813_hr4_3380.tif | pred_pos=0 | gt_pos=1190 | diff=1190 (0.018) | lcc=0.018 | flagged=0
[15:07:53] DEBUG - 94202033_240504a_13~7813_hr4_3389.tif | pred_pos=0 | gt_pos=39416 | diff=39416 (0.601) | lcc=0.601 | flagged=1
[15:07:53] DEBUG - 94202033_240504a_13~7813_hr4_3452.tif | pred_pos=0 | gt_pos=34426 | diff=34426 (0.525) | lcc=0.525 | flagged=1
[15:07:53] DEBUG - 94202033_240504a_13~7813_hr4_353.tif | pred_pos=0 | gt_pos=722 | diff=722 (0.011) | lcc=0.011 | flagged=0
[15:07:53] DEBUG - 94202033_240504a_13~7813_hr4_3540.tif | pred_pos=0 | gt_pos=16341 | diff=16341 (0.249) | lcc=0.249 | flagged=0
[15:07:53] DEBUG - 94202033_240504a_13~7813_hr4_3545.tif | pred_pos=0 | gt_pos=4518 | diff=4518 (0.069) | lcc=0.069 | flagged=0
[15:07:53] DEBUG - 94202033_240504a_13~7813_hr4_360.tif | pred_pos=0 | gt_pos=363 | diff=363 (0.006) | lcc=0.006 | flagged=0
[15:07:53] DEBUG - 94202033_240504a_13~7813_hr4_3609.tif | pred_pos=0 | gt_pos=11087 | diff=11087 (0.169) | lcc=0.169 | flagged=0
[15:07:53] DEBUG - 94202033_240504a_13~7813_hr4_3614.tif | pred_pos=0 | gt_pos=16606 | diff=16606 (0.253) | lcc=0.253 | flagged=0
[15:07:53] DEBUG - 94202033_240504a_13~7813_hr4_3678.tif | pred_pos=0 | gt_pos=51407 | diff=51407 (0.784) | lcc=0.784 | flagged=1
[15:07:53] DEBUG - 94202033_240504a_13~7813_hr4_3689.tif | pred_pos=0 | gt_pos=3907 | diff=3907 (0.060) | lcc=0.060 | flagged=0
[15:07:53] DEBUG - 94202033_240504a_13~7813_hr4_3746.tif | pred_pos=0 | gt_pos=60100 | diff=60100 (0.917) | lcc=0.917 | flagged=1
[15:07:53] DEBUG - 94202033_240504a_13~7813_hr4_3764.tif | pred_pos=0 | gt_pos=28976 | diff=28976 (0.442) | lcc=0.372 | flagged=0
[15:07:53] DEBUG - 94202033_240504a_13~7813_hr4_3784.tif | pred_pos=0 | gt_pos=18693 | diff=18693 (0.285) | lcc=0.285 | flagged=0
[15:07:53] DEBUG - 94202033_240504a_13~7813_hr4_3820.tif | pred_pos=0 | gt_pos=43998 | diff=43998 (0.671) | lcc=0.671 | flagged=1
[15:07:53] DEBUG - 94202033_240504a_13~7813_hr4_3824.tif | pred_pos=0 | gt_pos=30806 | diff=30806 (0.470) | lcc=0.470 | flagged=0
[15:07:53] DEBUG - 94202033_240504a_13~7813_hr4_384.tif | pred_pos=0 | gt_pos=0 | diff=0 (0.000) | lcc=0.000 | flagged=0
[15:07:53] DEBUG - 94202033_240504a_13~7813_hr4_3841.tif | pred_pos=0 | gt_pos=19785 | diff=19785 (0.302) | lcc=0.302 | flagged=0
[15:08:00] DEBUG - 94202033_240504a_13~7813_hr4_3858.tif | pred_pos=0 | gt_pos=3602 | diff=3602 (0.055) | lcc=0.055 | flagged=0
[15:08:00] DEBUG - 94202033_240504a_13~7813_hr4_3899.tif | pred_pos=0 | gt_pos=65536 | diff=65536 (1.000) | lcc=1.000 | flagged=1
[15:08:00] DEBUG - 94202033_240504a_13~7813_hr4_3900.tif | pred_pos=0 | gt_pos=10870 | diff=10870 (0.166) | lcc=0.157 | flagged=0
[15:08:00] DEBUG - 94202033_240504a_13~7813_hr4_3905.tif | pred_pos=0 | gt_pos=49117 | diff=49117 (0.749) | lcc=0.749 | flagged=1
[15:08:00] DEBUG - 94202033_240504a_13~7813_hr4_3908.tif | pred_pos=0 | gt_pos=3390 | diff=3390 (0.052) | lcc=0.052 | flagged=0
[15:08:00] DEBUG - 94202033_240504a_13~7813_hr4_3934.tif | pred_pos=0 | gt_pos=1520 | diff=1520 (0.023) | lcc=0.023 | flagged=0
[15:08:00] DEBUG - 94202033_240504a_13~7813_hr4_3989.tif | pred_pos=0 | gt_pos=24291 | diff=24291 (0.371) | lcc=0.371 | flagged=0
[15:08:00] DEBUG - 94202033_240504a_13~7813_hr4_4082.tif | pred_pos=0 | gt_pos=786 | diff=786 (0.012) | lcc=0.012 | flagged=0
[15:08:00] DEBUG - 94202033_240504a_13~7813_hr4_4089.tif | pred_pos=0 | gt_pos=0 | diff=0 (0.000) | lcc=0.000 | flagged=0
[15:08:00] DEBUG - 94202033_240504a_13~7813_hr4_4128.tif | pred_pos=0 | gt_pos=3336 | diff=3336 (0.051) | lcc=0.051 | flagged=0
[15:08:00] DEBUG - 94202033_240504a_13~7813_hr4_4143.tif | pred_pos=0 | gt_pos=65536 | diff=65536 (1.000) | lcc=1.000 | flagged=1
[15:08:00] DEBUG - 94202033_240504a_13~7813_hr4_4203.tif | pred_pos=0 | gt_pos=12600 | diff=12600 (0.192) | lcc=0.192 | flagged=0
[15:08:00] DEBUG - 94202033_240504a_13~7813_hr4_4263.tif | pred_pos=0 | gt_pos=45705 | diff=45705 (0.697) | lcc=0.697 | flagged=1
[15:08:00] DEBUG - 94202033_240504a_13~7813_hr4_4278.tif | pred_pos=0 | gt_pos=57744 | diff=57744 (0.881) | lcc=0.881 | flagged=1
[15:08:00] DEBUG - 94202033_240504a_13~7813_hr4_432.tif | pred_pos=0 | gt_pos=32039 | diff=32039 (0.489) | lcc=0.489 | flagged=0
[15:08:00] DEBUG - 94202033_240504a_13~7813_hr4_4332.tif | pred_pos=0 | gt_pos=18055 | diff=18055 (0.275) | lcc=0.275 | flagged=0
[15:08:00] DEBUG - 94202033_240504a_13~7813_hr4_439.tif | pred_pos=0 | gt_pos=380 | diff=380 (0.006) | lcc=0.006 | flagged=0
[15:08:00] DEBUG - 94202033_240504a_13~7813_hr4_440.tif | pred_pos=0 | gt_pos=17830 | diff=17830 (0.272) | lcc=0.272 | flagged=0
[15:08:00] DEBUG - 94202033_240504a_13~7813_hr4_4404.tif | pred_pos=0 | gt_pos=31358 | diff=31358 (0.478) | lcc=0.478 | flagged=0
[15:08:00] DEBUG - 94202033_240504a_13~7813_hr4_4477.tif | pred_pos=0 | gt_pos=64572 | diff=64572 (0.985) | lcc=0.985 | flagged=1
[15:08:00] DEBUG - 94202033_240504a_13~7813_hr4_4480.tif | pred_pos=0 | gt_pos=65536 | diff=65536 (1.000) | lcc=1.000 | flagged=1
[15:08:00] DEBUG - 94202033_240504a_13~7813_hr4_4481.tif | pred_pos=0 | gt_pos=423 | diff=423 (0.006) | lcc=0.006 | flagged=0
[15:08:00] DEBUG - 94202033_240504a_13~7813_hr4_4550.tif | pred_pos=0 | gt_pos=38576 | diff=38576 (0.589) | lcc=0.352 | flagged=0
[15:08:00] DEBUG - 94202033_240504a_13~7813_hr4_4551.tif | pred_pos=0 | gt_pos=65536 | diff=65536 (1.000) | lcc=1.000 | flagged=1
[15:08:00] DEBUG - 94202033_240504a_13~7813_hr4_4575.tif | pred_pos=0 | gt_pos=0 | diff=0 (0.000) | lcc=0.000 | flagged=0
[15:08:00] DEBUG - 94202033_240504a_13~7813_hr4_4686.tif | pred_pos=0 | gt_pos=0 | diff=0 (0.000) | lcc=0.000 | flagged=0
[15:08:00] DEBUG - 94202033_240504a_13~7813_hr4_4697.tif | pred_pos=0 | gt_pos=6 | diff=6 (0.000) | lcc=0.000 | flagged=0
[15:08:00] DEBUG - 94202033_240504a_13~7813_hr4_4707.tif | pred_pos=0 | gt_pos=1644 | diff=1644 (0.025) | lcc=0.025 | flagged=0
[15:08:00] DEBUG - 94202033_240504a_13~7813_hr4_4708.tif | pred_pos=0 | gt_pos=26632 | diff=26632 (0.406) | lcc=0.406 | flagged=0
[15:08:00] DEBUG - 94202033_240504a_13~7813_hr4_4715.tif | pred_pos=0 | gt_pos=48088 | diff=48088 (0.734) | lcc=0.734 | flagged=1
[15:08:00] DEBUG - 94202033_240504a_13~7813_hr4_4776.tif | pred_pos=0 | gt_pos=33770 | diff=33770 (0.515) | lcc=0.515 | flagged=1
[15:08:00] DEBUG - 94202033_240504a_13~7813_hr4_4943.tif | pred_pos=0 | gt_pos=41815 | diff=41815 (0.638) | lcc=0.638 | flagged=1
[15:08:00] DEBUG - 94202033_240504a_13~7813_hr4_5.tif | pred_pos=0 | gt_pos=6810 | diff=6810 (0.104) | lcc=0.104 | flagged=0
[15:08:00] DEBUG - 94202033_240504a_13~7813_hr4_5005.tif | pred_pos=0 | gt_pos=29814 | diff=29814 (0.455) | lcc=0.455 | flagged=0
[15:08:00] DEBUG - 94202033_240504a_13~7813_hr4_5086.tif | pred_pos=0 | gt_pos=11303 | diff=11303 (0.172) | lcc=0.172 | flagged=0
[15:08:00] DEBUG - 94202033_240504a_13~7813_hr4_5155.tif | pred_pos=0 | gt_pos=9095 | diff=9095 (0.139) | lcc=0.139 | flagged=0
[15:08:00] DEBUG - 94202033_240504a_13~7813_hr4_5158.tif | pred_pos=0 | gt_pos=24015 | diff=24015 (0.366) | lcc=0.366 | flagged=0
[15:08:00] DEBUG - 94202033_240504a_13~7813_hr4_5159.tif | pred_pos=0 | gt_pos=24533 | diff=24533 (0.374) | lcc=0.374 | flagged=0
[15:08:00] DEBUG - 94202033_240504a_13~7813_hr4_5164.tif | pred_pos=0 | gt_pos=31882 | diff=31882 (0.486) | lcc=0.486 | flagged=0
[15:08:00] DEBUG - 94202033_240504a_13~7813_hr4_517.tif | pred_pos=0 | gt_pos=54832 | diff=54832 (0.837) | lcc=0.837 | flagged=1
[15:08:00] DEBUG - 94202033_240504a_13~7813_hr4_5233.tif | pred_pos=0 | gt_pos=6017 | diff=6017 (0.092) | lcc=0.092 | flagged=0
[15:08:00] DEBUG - 94202033_240504a_13~7813_hr4_5238.tif | pred_pos=0 | gt_pos=31860 | diff=31860 (0.486) | lcc=0.486 | flagged=0
[15:08:00] DEBUG - 94202033_240504a_13~7813_hr4_5239.tif | pred_pos=0 | gt_pos=15932 | diff=15932 (0.243) | lcc=0.243 | flagged=0
[15:08:00] DEBUG - 94202033_240504a_13~7813_hr4_524.tif | pred_pos=0 | gt_pos=3183 | diff=3183 (0.049) | lcc=0.049 | flagged=0
[15:08:00] DEBUG - 94202033_240504a_13~7813_hr4_541.tif | pred_pos=0 | gt_pos=6990 | diff=6990 (0.107) | lcc=0.107 | flagged=0
[15:08:00] DEBUG - 94202033_240504a_13~7813_hr4_5470.tif | pred_pos=0 | gt_pos=25489 | diff=25489 (0.389) | lcc=0.389 | flagged=0
[15:08:00] DEBUG - 94202033_240504a_13~7813_hr4_5480.tif | pred_pos=0 | gt_pos=21043 | diff=21043 (0.321) | lcc=0.321 | flagged=0
[15:08:00] DEBUG - 94202033_240504a_13~7813_hr4_5534.tif | pred_pos=0 | gt_pos=48155 | diff=48155 (0.735) | lcc=0.735 | flagged=1
[15:08:00] DEBUG - 94202033_240504a_13~7813_hr4_5608.tif | pred_pos=0 | gt_pos=4397 | diff=4397 (0.067) | lcc=0.067 | flagged=0
[15:08:00] DEBUG - 94202033_240504a_13~7813_hr4_5653.tif | pred_pos=0 | gt_pos=21926 | diff=21926 (0.335) | lcc=0.335 | flagged=0
[15:08:00] DEBUG - 94202033_240504a_13~7813_hr4_5691.tif | pred_pos=0 | gt_pos=65536 | diff=65536 (1.000) | lcc=1.000 | flagged=1
[15:08:00] DEBUG - 94202033_240504a_13~7813_hr4_5756.tif | pred_pos=0 | gt_pos=0 | diff=0 (0.000) | lcc=0.000 | flagged=0
[15:08:00] DEBUG - 94202033_240504a_13~7813_hr4_577.tif | pred_pos=0 | gt_pos=11936 | diff=11936 (0.182) | lcc=0.182 | flagged=0
[15:08:00] DEBUG - 94202033_240504a_13~7813_hr4_583.tif | pred_pos=0 | gt_pos=65536 | diff=65536 (1.000) | lcc=1.000 | flagged=1
[15:08:00] DEBUG - 94202033_240504a_13~7813_hr4_5838.tif | pred_pos=0 | gt_pos=16560 | diff=16560 (0.253) | lcc=0.253 | flagged=0
[15:08:00] DEBUG - 94202033_240504a_13~7813_hr4_590.tif | pred_pos=0 | gt_pos=51075 | diff=51075 (0.779) | lcc=0.639 | flagged=1
[15:08:00] DEBUG - 94202033_240504a_13~7813_hr4_592.tif | pred_pos=0 | gt_pos=45991 | diff=45991 (0.702) | lcc=0.702 | flagged=1
[15:08:00] DEBUG - 94202033_240504a_13~7813_hr4_629.tif | pred_pos=0 | gt_pos=44312 | diff=44312 (0.676) | lcc=0.676 | flagged=1
[15:08:00] DEBUG - 94202033_240504a_13~7813_hr4_634.tif | pred_pos=0 | gt_pos=63881 | diff=63881 (0.975) | lcc=0.975 | flagged=1
[15:08:00] DEBUG - 94202033_240504a_13~7813_hr4_640.tif | pred_pos=0 | gt_pos=5 | diff=5 (0.000) | lcc=0.000 | flagged=0
[15:08:00] DEBUG - 94202033_240504a_13~7813_hr4_647.tif | pred_pos=0 | gt_pos=370 | diff=370 (0.006) | lcc=0.006 | flagged=0
[15:08:00] DEBUG - 94202033_240504a_13~7813_hr4_670.tif | pred_pos=0 | gt_pos=0 | diff=0 (0.000) | lcc=0.000 | flagged=0
[15:08:00] DEBUG - 94202033_240504a_13~7813_hr4_724.tif | pred_pos=0 | gt_pos=58239 | diff=58239 (0.889) | lcc=0.889 | flagged=1
[15:08:00] DEBUG - 94202033_240504a_13~7813_hr4_730.tif | pred_pos=0 | gt_pos=25020 | diff=25020 (0.382) | lcc=0.382 | flagged=0
[15:08:01] DEBUG - 94202033_240504a_13~7813_hr4_76.tif | pred_pos=0 | gt_pos=64405 | diff=64405 (0.983) | lcc=0.954 | flagged=1
[15:08:01] DEBUG - 94202033_240504a_13~7813_hr4_813.tif | pred_pos=0 | gt_pos=18702 | diff=18702 (0.285) | lcc=0.285 | flagged=0
[15:08:01] DEBUG - 94202033_240504a_13~7813_hr4_818.tif | pred_pos=0 | gt_pos=0 | diff=0 (0.000) | lcc=0.000 | flagged=0
[15:08:01] DEBUG - 94202033_240504a_13~7813_hr4_859.tif | pred_pos=0 | gt_pos=60107 | diff=60107 (0.917) | lcc=0.917 | flagged=1
[15:08:01] DEBUG - 94202033_240504a_13~7813_hr4_889.tif | pred_pos=0 | gt_pos=12861 | diff=12861 (0.196) | lcc=0.196 | flagged=0
[15:08:01] DEBUG - 94202033_240504a_13~7813_hr4_930.tif | pred_pos=0 | gt_pos=13714 | diff=13714 (0.209) | lcc=0.209 | flagged=0
[15:08:01] DEBUG - 94202033_240504a_13~7813_hr4_938.tif | pred_pos=0 | gt_pos=3260 | diff=3260 (0.050) | lcc=0.050 | flagged=0
[15:08:01] DEBUG - 94202033_240504a_13~7813_hr4_943.tif | pred_pos=0 | gt_pos=14710 | diff=14710 (0.224) | lcc=0.224 | flagged=0
[15:08:01] DEBUG - 94202034_240504a_14~8070_hr4_0.tif | pred_pos=0 | gt_pos=25763 | diff=25763 (0.393) | lcc=0.393 | flagged=0
[15:08:01] DEBUG - 94202034_240504a_14~8070_hr4_1010.tif | pred_pos=0 | gt_pos=0 | diff=0 (0.000) | lcc=0.000 | flagged=0
[15:08:01] DEBUG - 94202034_240504a_14~8070_hr4_1118.tif | pred_pos=0 | gt_pos=31970 | diff=31970 (0.488) | lcc=0.488 | flagged=0
[15:08:01] DEBUG - 94202034_240504a_14~8070_hr4_1135.tif | pred_pos=0 | gt_pos=19683 | diff=19683 (0.300) | lcc=0.167 | flagged=0
[15:08:01] DEBUG - 94202034_240504a_14~8070_hr4_1189.tif | pred_pos=0 | gt_pos=40348 | diff=40348 (0.616) | lcc=0.616 | flagged=1
[15:08:01] DEBUG - 94202034_240504a_14~8070_hr4_1261.tif | pred_pos=0 | gt_pos=2120 | diff=2120 (0.032) | lcc=0.032 | flagged=0
[15:08:01] DEBUG - 94202034_240504a_14~8070_hr4_1265.tif | pred_pos=0 | gt_pos=65536 | diff=65536 (1.000) | lcc=1.000 | flagged=1
[15:08:01] DEBUG - 94202034_240504a_14~8070_hr4_1271.tif | pred_pos=0 | gt_pos=4389 | diff=4389 (0.067) | lcc=0.067 | flagged=0
[15:08:01] DEBUG - 94202034_240504a_14~8070_hr4_1284.tif | pred_pos=0 | gt_pos=17671 | diff=17671 (0.270) | lcc=0.270 | flagged=0
[15:08:01] DEBUG - 94202034_240504a_14~8070_hr4_1340.tif | pred_pos=0 | gt_pos=42707 | diff=42707 (0.652) | lcc=0.606 | flagged=1
[15:08:01] DEBUG - 94202034_240504a_14~8070_hr4_1347.tif | pred_pos=0 | gt_pos=37225 | diff=37225 (0.568) | lcc=0.294 | flagged=0
[15:08:01] DEBUG - 94202034_240504a_14~8070_hr4_1410.tif | pred_pos=0 | gt_pos=46629 | diff=46629 (0.712) | lcc=0.712 | flagged=1
[15:08:01] DEBUG - 94202034_240504a_14~8070_hr4_1489.tif | pred_pos=0 | gt_pos=758 | diff=758 (0.012) | lcc=0.012 | flagged=0
[15:08:01] DEBUG - 94202034_240504a_14~8070_hr4_15.tif | pred_pos=0 | gt_pos=30363 | diff=30363 (0.463) | lcc=0.212 | flagged=0
[15:08:01] DEBUG - 94202034_240504a_14~8070_hr4_1504.tif | pred_pos=0 | gt_pos=25259 | diff=25259 (0.385) | lcc=0.385 | flagged=0
[15:08:01] DEBUG - 94202034_240504a_14~8070_hr4_1506.tif | pred_pos=0 | gt_pos=206 | diff=206 (0.003) | lcc=0.003 | flagged=0
[15:08:01] DEBUG - 94202034_240504a_14~8070_hr4_1507.tif | pred_pos=0 | gt_pos=13044 | diff=13044 (0.199) | lcc=0.199 | flagged=0
[15:08:01] DEBUG - 94202034_240504a_14~8070_hr4_154.tif | pred_pos=0 | gt_pos=42415 | diff=42415 (0.647) | lcc=0.647 | flagged=1
[15:08:01] DEBUG - 94202034_240504a_14~8070_hr4_1555.tif | pred_pos=0 | gt_pos=3126 | diff=3126 (0.048) | lcc=0.048 | flagged=0
[15:08:01] DEBUG - 94202034_240504a_14~8070_hr4_1572.tif | pred_pos=0 | gt_pos=46018 | diff=46018 (0.702) | lcc=0.702 | flagged=1
[15:08:01] DEBUG - 94202034_240504a_14~8070_hr4_1582.tif | pred_pos=0 | gt_pos=24792 | diff=24792 (0.378) | lcc=0.378 | flagged=0
[15:08:01] DEBUG - 94202034_240504a_14~8070_hr4_1640.tif | pred_pos=0 | gt_pos=27001 | diff=27001 (0.412) | lcc=0.250 | flagged=0
[15:08:01] DEBUG - 94202034_240504a_14~8070_hr4_165.tif | pred_pos=0 | gt_pos=59656 | diff=59656 (0.910) | lcc=0.910 | flagged=1
[15:08:01] DEBUG - 94202034_240504a_14~8070_hr4_1690.tif | pred_pos=0 | gt_pos=0 | diff=0 (0.000) | lcc=0.000 | flagged=0
[15:08:01] DEBUG - 94202034_240504a_14~8070_hr4_1714.tif | pred_pos=0 | gt_pos=38465 | diff=38465 (0.587) | lcc=0.367 | flagged=0
[15:08:01] DEBUG - 94202034_240504a_14~8070_hr4_1782.tif | pred_pos=0 | gt_pos=6423 | diff=6423 (0.098) | lcc=0.098 | flagged=0
[15:08:01] DEBUG - 94202034_240504a_14~8070_hr4_1797.tif | pred_pos=0 | gt_pos=53869 | diff=53869 (0.822) | lcc=0.609 | flagged=1
[15:08:01] DEBUG - 94202034_240504a_14~8070_hr4_18.tif | pred_pos=0 | gt_pos=2057 | diff=2057 (0.031) | lcc=0.031 | flagged=0
[15:08:01] DEBUG - 94202034_240504a_14~8070_hr4_1862.tif | pred_pos=0 | gt_pos=20977 | diff=20977 (0.320) | lcc=0.302 | flagged=0
[15:08:01] DEBUG - 94202034_240504a_14~8070_hr4_1870.tif | pred_pos=0 | gt_pos=50825 | diff=50825 (0.776) | lcc=0.776 | flagged=1
[15:08:01] DEBUG - 94202034_240504a_14~8070_hr4_1877.tif | pred_pos=0 | gt_pos=8330 | diff=8330 (0.127) | lcc=0.127 | flagged=0
[15:08:01] DEBUG - 94202034_240504a_14~8070_hr4_1940.tif | pred_pos=0 | gt_pos=4291 | diff=4291 (0.065) | lcc=0.065 | flagged=0
[15:08:01] DEBUG - 94202034_240504a_14~8070_hr4_1941.tif | pred_pos=0 | gt_pos=2070 | diff=2070 (0.032) | lcc=0.020 | flagged=0
[15:08:01] DEBUG - 94202034_240504a_14~8070_hr4_2006.tif | pred_pos=0 | gt_pos=22834 | diff=22834 (0.348) | lcc=0.321 | flagged=0
[15:08:01] DEBUG - 94202034_240504a_14~8070_hr4_2009.tif | pred_pos=0 | gt_pos=35819 | diff=35819 (0.547) | lcc=0.342 | flagged=0
[15:08:01] DEBUG - 94202034_240504a_14~8070_hr4_2170.tif | pred_pos=0 | gt_pos=11586 | diff=11586 (0.177) | lcc=0.177 | flagged=0
[15:08:01] DEBUG - 94202034_240504a_14~8070_hr4_2302.tif | pred_pos=0 | gt_pos=22276 | diff=22276 (0.340) | lcc=0.336 | flagged=0
[15:08:01] DEBUG - 94202034_240504a_14~8070_hr4_2304.tif | pred_pos=0 | gt_pos=49189 | diff=49189 (0.751) | lcc=0.751 | flagged=1
[15:08:01] DEBUG - 94202034_240504a_14~8070_hr4_2325.tif | pred_pos=0 | gt_pos=0 | diff=0 (0.000) | lcc=0.000 | flagged=0
[15:08:01] DEBUG - 94202034_240504a_14~8070_hr4_236.tif | pred_pos=0 | gt_pos=28113 | diff=28113 (0.429) | lcc=0.429 | flagged=0
[15:08:01] DEBUG - 94202034_240504a_14~8070_hr4_2369.tif | pred_pos=0 | gt_pos=14606 | diff=14606 (0.223) | lcc=0.223 | flagged=0
[15:08:01] DEBUG - 94202034_240504a_14~8070_hr4_243.tif | pred_pos=0 | gt_pos=42793 | diff=42793 (0.653) | lcc=0.422 | flagged=0
[15:08:01] DEBUG - 94202034_240504a_14~8070_hr4_2438.tif | pred_pos=0 | gt_pos=0 | diff=0 (0.000) | lcc=0.000 | flagged=0
[15:08:01] DEBUG - 94202034_240504a_14~8070_hr4_2465.tif | pred_pos=0 | gt_pos=16266 | diff=16266 (0.248) | lcc=0.248 | flagged=0
[15:08:01] DEBUG - 94202034_240504a_14~8070_hr4_2605.tif | pred_pos=0 | gt_pos=10812 | diff=10812 (0.165) | lcc=0.165 | flagged=0
[15:08:01] DEBUG - 94202034_240504a_14~8070_hr4_2736.tif | pred_pos=0 | gt_pos=0 | diff=0 (0.000) | lcc=0.000 | flagged=0
[15:08:01] DEBUG - 94202034_240504a_14~8070_hr4_2822.tif | pred_pos=0 | gt_pos=12526 | diff=12526 (0.191) | lcc=0.191 | flagged=0
[15:08:01] DEBUG - 94202034_240504a_14~8070_hr4_2828.tif | pred_pos=0 | gt_pos=32396 | diff=32396 (0.494) | lcc=0.453 | flagged=0
[15:08:01] DEBUG - 94202034_240504a_14~8070_hr4_3051.tif | pred_pos=0 | gt_pos=33771 | diff=33771 (0.515) | lcc=0.515 | flagged=1
[15:08:01] DEBUG - 94202034_240504a_14~8070_hr4_307.tif | pred_pos=0 | gt_pos=26888 | diff=26888 (0.410) | lcc=0.410 | flagged=0
[15:08:01] DEBUG - 94202034_240504a_14~8070_hr4_313.tif | pred_pos=0 | gt_pos=27454 | diff=27454 (0.419) | lcc=0.419 | flagged=0
[15:08:01] DEBUG - 94202034_240504a_14~8070_hr4_3203.tif | pred_pos=0 | gt_pos=24812 | diff=24812 (0.379) | lcc=0.379 | flagged=0
[15:08:01] DEBUG - 94202034_240504a_14~8070_hr4_3279.tif | pred_pos=0 | gt_pos=9415 | diff=9415 (0.144) | lcc=0.144 | flagged=0
[15:08:01] DEBUG - 94202034_240504a_14~8070_hr4_3354.tif | pred_pos=0 | gt_pos=34606 | diff=34606 (0.528) | lcc=0.528 | flagged=1
[15:08:01] DEBUG - 94202034_240504a_14~8070_hr4_3485.tif | pred_pos=0 | gt_pos=14617 | diff=14617 (0.223) | lcc=0.223 | flagged=0
[15:08:01] DEBUG - 94202034_240504a_14~8070_hr4_3526.tif | pred_pos=0 | gt_pos=0 | diff=0 (0.000) | lcc=0.000 | flagged=0
[15:08:04] DEBUG - 94202034_240504a_14~8070_hr4_3649.tif | pred_pos=0 | gt_pos=25186 | diff=25186 (0.384) | lcc=0.384 | flagged=0
[15:08:04] DEBUG - 94202034_240504a_14~8070_hr4_3721.tif | pred_pos=0 | gt_pos=567 | diff=567 (0.009) | lcc=0.009 | flagged=0
[15:08:04] DEBUG - 94202034_240504a_14~8070_hr4_3722.tif | pred_pos=0 | gt_pos=44428 | diff=44428 (0.678) | lcc=0.678 | flagged=1
[15:08:04] DEBUG - 94202034_240504a_14~8070_hr4_378.tif | pred_pos=0 | gt_pos=4407 | diff=4407 (0.067) | lcc=0.067 | flagged=0
[15:08:04] DEBUG - 94202034_240504a_14~8070_hr4_3791.tif | pred_pos=0 | gt_pos=34206 | diff=34206 (0.522) | lcc=0.522 | flagged=1
[15:08:04] DEBUG - 94202034_240504a_14~8070_hr4_3794.tif | pred_pos=0 | gt_pos=27776 | diff=27776 (0.424) | lcc=0.424 | flagged=0
[15:08:04] DEBUG - 94202034_240504a_14~8070_hr4_3854.tif | pred_pos=0 | gt_pos=63482 | diff=63482 (0.969) | lcc=0.969 | flagged=1
[15:08:04] DEBUG - 94202034_240504a_14~8070_hr4_4081.tif | pred_pos=0 | gt_pos=65536 | diff=65536 (1.000) | lcc=1.000 | flagged=1
[15:08:04] DEBUG - 94202034_240504a_14~8070_hr4_4094.tif | pred_pos=0 | gt_pos=9262 | diff=9262 (0.141) | lcc=0.141 | flagged=0
[15:08:04] DEBUG - 94202034_240504a_14~8070_hr4_4148.tif | pred_pos=0 | gt_pos=9524 | diff=9524 (0.145) | lcc=0.145 | flagged=0
[15:08:04] DEBUG - 94202034_240504a_14~8070_hr4_4154.tif | pred_pos=0 | gt_pos=4799 | diff=4799 (0.073) | lcc=0.073 | flagged=0
[15:08:04] DEBUG - 94202034_240504a_14~8070_hr4_4218.tif | pred_pos=0 | gt_pos=11711 | diff=11711 (0.179) | lcc=0.154 | flagged=0
[15:08:04] DEBUG - 94202034_240504a_14~8070_hr4_4232.tif | pred_pos=0 | gt_pos=0 | diff=0 (0.000) | lcc=0.000 | flagged=0
[15:08:04] DEBUG - 94202034_240504a_14~8070_hr4_4239.tif | pred_pos=0 | gt_pos=51924 | diff=51924 (0.792) | lcc=0.792 | flagged=1
[15:08:04] DEBUG - 94202034_240504a_14~8070_hr4_4295.tif | pred_pos=0 | gt_pos=54563 | diff=54563 (0.833) | lcc=0.833 | flagged=1
[15:08:04] DEBUG - 94202034_240504a_14~8070_hr4_4296.tif | pred_pos=0 | gt_pos=11476 | diff=11476 (0.175) | lcc=0.175 | flagged=0
[15:08:04] DEBUG - 94202034_240504a_14~8070_hr4_4365.tif | pred_pos=0 | gt_pos=0 | diff=0 (0.000) | lcc=0.000 | flagged=0
[15:08:04] DEBUG - 94202034_240504a_14~8070_hr4_4375.tif | pred_pos=0 | gt_pos=21909 | diff=21909 (0.334) | lcc=0.334 | flagged=0
[15:08:04] DEBUG - 94202034_240504a_14~8070_hr4_4387.tif | pred_pos=0 | gt_pos=25567 | diff=25567 (0.390) | lcc=0.390 | flagged=0
[15:08:04] DEBUG - 94202034_240504a_14~8070_hr4_4441.tif | pred_pos=0 | gt_pos=65536 | diff=65536 (1.000) | lcc=1.000 | flagged=1
[15:08:04] DEBUG - 94202034_240504a_14~8070_hr4_4460.tif | pred_pos=0 | gt_pos=13850 | diff=13850 (0.211) | lcc=0.211 | flagged=0
[15:08:04] DEBUG - 94202034_240504a_14~8070_hr4_4531.tif | pred_pos=0 | gt_pos=17124 | diff=17124 (0.261) | lcc=0.261 | flagged=0
[15:08:04] DEBUG - 94202034_240504a_14~8070_hr4_4534.tif | pred_pos=0 | gt_pos=2486 | diff=2486 (0.038) | lcc=0.038 | flagged=0
[15:08:04] DEBUG - 94202034_240504a_14~8070_hr4_456.tif | pred_pos=0 | gt_pos=20477 | diff=20477 (0.312) | lcc=0.312 | flagged=0
[15:08:04] DEBUG - 94202034_240504a_14~8070_hr4_4600.tif | pred_pos=0 | gt_pos=4813 | diff=4813 (0.073) | lcc=0.073 | flagged=0
[15:08:04] DEBUG - 94202034_240504a_14~8070_hr4_4610.tif | pred_pos=0 | gt_pos=65536 | diff=65536 (1.000) | lcc=1.000 | flagged=1
[15:08:04] DEBUG - 94202034_240504a_14~8070_hr4_4687.tif | pred_pos=0 | gt_pos=150 | diff=150 (0.002) | lcc=0.002 | flagged=0
[15:08:04] DEBUG - 94202034_240504a_14~8070_hr4_4736.tif | pred_pos=0 | gt_pos=23049 | diff=23049 (0.352) | lcc=0.352 | flagged=0
[15:08:04] DEBUG - 94202034_240504a_14~8070_hr4_4758.tif | pred_pos=0 | gt_pos=37847 | diff=37847 (0.577) | lcc=0.577 | flagged=1
[15:08:04] DEBUG - 94202034_240504a_14~8070_hr4_4823.tif | pred_pos=0 | gt_pos=9777 | diff=9777 (0.149) | lcc=0.149 | flagged=0
[15:08:04] DEBUG - 94202034_240504a_14~8070_hr4_4831.tif | pred_pos=0 | gt_pos=34150 | diff=34150 (0.521) | lcc=0.521 | flagged=1
[15:08:04] DEBUG - 94202034_240504a_14~8070_hr4_4836.tif | pred_pos=0 | gt_pos=65148 | diff=65148 (0.994) | lcc=0.994 | flagged=1
[15:08:04] DEBUG - 94202034_240504a_14~8070_hr4_4886.tif | pred_pos=0 | gt_pos=35713 | diff=35713 (0.545) | lcc=0.545 | flagged=1
[15:08:04] DEBUG - 94202034_240504a_14~8070_hr4_4889.tif | pred_pos=0 | gt_pos=20468 | diff=20468 (0.312) | lcc=0.312 | flagged=0
[15:08:04] DEBUG - 94202034_240504a_14~8070_hr4_4894.tif | pred_pos=0 | gt_pos=25030 | diff=25030 (0.382) | lcc=0.382 | flagged=0
[15:08:04] DEBUG - 94202034_240504a_14~8070_hr4_4910.tif | pred_pos=0 | gt_pos=43431 | diff=43431 (0.663) | lcc=0.626 | flagged=1
[15:08:04] DEBUG - 94202034_240504a_14~8070_hr4_4977.tif | pred_pos=0 | gt_pos=43035 | diff=43035 (0.657) | lcc=0.657 | flagged=1
[15:08:04] DEBUG - 94202034_240504a_14~8070_hr4_4982.tif | pred_pos=0 | gt_pos=36255 | diff=36255 (0.553) | lcc=0.552 | flagged=1
[15:08:04] DEBUG - 94202034_240504a_14~8070_hr4_5.tif | pred_pos=0 | gt_pos=35025 | diff=35025 (0.534) | lcc=0.441 | flagged=0
[15:08:04] DEBUG - 94202034_240504a_14~8070_hr4_5043.tif | pred_pos=0 | gt_pos=25557 | diff=25557 (0.390) | lcc=0.390 | flagged=0
[15:08:04] DEBUG - 94202034_240504a_14~8070_hr4_5118.tif | pred_pos=0 | gt_pos=59680 | diff=59680 (0.911) | lcc=0.911 | flagged=1
[15:08:04] DEBUG - 94202034_240504a_14~8070_hr4_5126.tif | pred_pos=0 | gt_pos=39467 | diff=39467 (0.602) | lcc=0.602 | flagged=1
[15:08:04] DEBUG - 94202034_240504a_14~8070_hr4_5128.tif | pred_pos=0 | gt_pos=5265 | diff=5265 (0.080) | lcc=0.048 | flagged=0
[15:08:04] DEBUG - 94202034_240504a_14~8070_hr4_513.tif | pred_pos=0 | gt_pos=0 | diff=0 (0.000) | lcc=0.000 | flagged=0
[15:08:04] DEBUG - 94202034_240504a_14~8070_hr4_5130.tif | pred_pos=0 | gt_pos=49363 | diff=49363 (0.753) | lcc=0.735 | flagged=1
[15:08:04] DEBUG - 94202034_240504a_14~8070_hr4_5214.tif | pred_pos=0 | gt_pos=49480 | diff=49480 (0.755) | lcc=0.755 | flagged=1
[15:08:04] DEBUG - 94202034_240504a_14~8070_hr4_5254.tif | pred_pos=0 | gt_pos=18816 | diff=18816 (0.287) | lcc=0.252 | flagged=0
[15:08:04] DEBUG - 94202034_240504a_14~8070_hr4_5260.tif | pred_pos=0 | gt_pos=31592 | diff=31592 (0.482) | lcc=0.482 | flagged=0
[15:08:04] DEBUG - 94202034_240504a_14~8070_hr4_5262.tif | pred_pos=0 | gt_pos=1183 | diff=1183 (0.018) | lcc=0.018 | flagged=0
[15:08:04] DEBUG - 94202034_240504a_14~8070_hr4_5279.tif | pred_pos=0 | gt_pos=50243 | diff=50243 (0.767) | lcc=0.767 | flagged=1
[15:08:04] DEBUG - 94202034_240504a_14~8070_hr4_5281.tif | pred_pos=0 | gt_pos=150 | diff=150 (0.002) | lcc=0.002 | flagged=0
[15:08:04] DEBUG - 94202034_240504a_14~8070_hr4_530.tif | pred_pos=0 | gt_pos=31968 | diff=31968 (0.488) | lcc=0.488 | flagged=0
[15:08:04] DEBUG - 94202034_240504a_14~8070_hr4_5352.tif | pred_pos=0 | gt_pos=31368 | diff=31368 (0.479) | lcc=0.479 | flagged=0
[15:08:04] DEBUG - 94202034_240504a_14~8070_hr4_5410.tif | pred_pos=0 | gt_pos=42223 | diff=42223 (0.644) | lcc=0.644 | flagged=1
[15:08:04] DEBUG - 94202034_240504a_14~8070_hr4_5420.tif | pred_pos=0 | gt_pos=4833 | diff=4833 (0.074) | lcc=0.074 | flagged=0
[15:08:04] DEBUG - 94202034_240504a_14~8070_hr4_5423.tif | pred_pos=0 | gt_pos=13935 | diff=13935 (0.213) | lcc=0.213 | flagged=0
[15:08:04] DEBUG - 94202034_240504a_14~8070_hr4_5503.tif | pred_pos=0 | gt_pos=43682 | diff=43682 (0.667) | lcc=0.667 | flagged=1
[15:08:04] DEBUG - 94202034_240504a_14~8070_hr4_5514.tif | pred_pos=0 | gt_pos=32745 | diff=32745 (0.500) | lcc=0.500 | flagged=0
[15:08:04] DEBUG - 94202034_240504a_14~8070_hr4_5517.tif | pred_pos=0 | gt_pos=22389 | diff=22389 (0.342) | lcc=0.262 | flagged=0
[15:08:04] DEBUG - 94202034_240504a_14~8070_hr4_5556.tif | pred_pos=0 | gt_pos=63432 | diff=63432 (0.968) | lcc=0.968 | flagged=1
[15:08:04] DEBUG - 94202034_240504a_14~8070_hr4_5560.tif | pred_pos=0 | gt_pos=52704 | diff=52704 (0.804) | lcc=0.804 | flagged=1
[15:08:04] DEBUG - 94202034_240504a_14~8070_hr4_5569.tif | pred_pos=0 | gt_pos=51601 | diff=51601 (0.787) | lcc=0.739 | flagged=1
[15:08:04] DEBUG - 94202034_240504a_14~8070_hr4_5586.tif | pred_pos=0 | gt_pos=18589 | diff=18589 (0.284) | lcc=0.284 | flagged=0
[15:08:04] DEBUG - 94202034_240504a_14~8070_hr4_5629.tif | pred_pos=0 | gt_pos=48742 | diff=48742 (0.744) | lcc=0.744 | flagged=1
[15:08:05] DEBUG - 94202034_240504a_14~8070_hr4_5636.tif | pred_pos=0 | gt_pos=36571 | diff=36571 (0.558) | lcc=0.558 | flagged=1
[15:08:05] DEBUG - 94202034_240504a_14~8070_hr4_5663.tif | pred_pos=0 | gt_pos=61121 | diff=61121 (0.933) | lcc=0.933 | flagged=1
[15:08:05] DEBUG - 94202034_240504a_14~8070_hr4_5664.tif | pred_pos=0 | gt_pos=49874 | diff=49874 (0.761) | lcc=0.642 | flagged=1
[15:08:05] DEBUG - 94202034_240504a_14~8070_hr4_5701.tif | pred_pos=0 | gt_pos=60267 | diff=60267 (0.920) | lcc=0.920 | flagged=1
[15:08:05] DEBUG - 94202034_240504a_14~8070_hr4_5706.tif | pred_pos=0 | gt_pos=65536 | diff=65536 (1.000) | lcc=1.000 | flagged=1
[15:08:05] DEBUG - 94202034_240504a_14~8070_hr4_5709.tif | pred_pos=0 | gt_pos=148 | diff=148 (0.002) | lcc=0.002 | flagged=0
[15:08:05] DEBUG - 94202034_240504a_14~8070_hr4_5716.tif | pred_pos=0 | gt_pos=57469 | diff=57469 (0.877) | lcc=0.877 | flagged=1
[15:08:05] DEBUG - 94202034_240504a_14~8070_hr4_5721.tif | pred_pos=0 | gt_pos=9749 | diff=9749 (0.149) | lcc=0.149 | flagged=0
[15:08:05] DEBUG - 94202034_240504a_14~8070_hr4_5775.tif | pred_pos=0 | gt_pos=26640 | diff=26640 (0.406) | lcc=0.406 | flagged=0
[15:08:05] DEBUG - 94202034_240504a_14~8070_hr4_5790.tif | pred_pos=0 | gt_pos=40890 | diff=40890 (0.624) | lcc=0.624 | flagged=1
[15:08:05] DEBUG - 94202034_240504a_14~8070_hr4_5809.tif | pred_pos=0 | gt_pos=28843 | diff=28843 (0.440) | lcc=0.440 | flagged=0
[15:08:05] DEBUG - 94202034_240504a_14~8070_hr4_5813.tif | pred_pos=0 | gt_pos=1243 | diff=1243 (0.019) | lcc=0.019 | flagged=0
[15:08:05] DEBUG - 94202034_240504a_14~8070_hr4_5815.tif | pred_pos=0 | gt_pos=55249 | diff=55249 (0.843) | lcc=0.843 | flagged=1
[15:08:05] DEBUG - 94202034_240504a_14~8070_hr4_615.tif | pred_pos=0 | gt_pos=65536 | diff=65536 (1.000) | lcc=1.000 | flagged=1
[15:08:05] DEBUG - 94202034_240504a_14~8070_hr4_679.tif | pred_pos=0 | gt_pos=3377 | diff=3377 (0.052) | lcc=0.052 | flagged=0
[15:08:05] DEBUG - 94202034_240504a_14~8070_hr4_689.tif | pred_pos=0 | gt_pos=65536 | diff=65536 (1.000) | lcc=1.000 | flagged=1
[15:08:05] DEBUG - 94202034_240504a_14~8070_hr4_749.tif | pred_pos=0 | gt_pos=15162 | diff=15162 (0.231) | lcc=0.149 | flagged=0
[15:08:05] DEBUG - 94202034_240504a_14~8070_hr4_882.tif | pred_pos=0 | gt_pos=0 | diff=0 (0.000) | lcc=0.000 | flagged=0
[15:08:05] DEBUG - 94202034_240504a_14~8070_hr4_897.tif | pred_pos=0 | gt_pos=20247 | diff=20247 (0.309) | lcc=0.309 | flagged=0
[15:08:05] DEBUG - 94202034_240504a_14~8070_hr4_898.tif | pred_pos=0 | gt_pos=37292 | diff=37292 (0.569) | lcc=0.569 | flagged=1
[15:08:05] DEBUG - 94202034_240504a_14~8070_hr4_963.tif | pred_pos=0 | gt_pos=65536 | diff=65536 (1.000) | lcc=1.000 | flagged=1
[15:08:05] DEBUG - 94202034_240504a_14~8070_hr4_968.tif | pred_pos=0 | gt_pos=34432 | diff=34432 (0.525) | lcc=0.525 | flagged=1
[15:08:05] DEBUG - 94202034_240504a_14~8070_hr4_986.tif | pred_pos=0 | gt_pos=28463 | diff=28463 (0.434) | lcc=0.417 | flagged=0
[15:08:05] DEBUG - 94202034_240504a_14~8070_hr4_987.tif | pred_pos=0 | gt_pos=543 | diff=543 (0.008) | lcc=0.005 | flagged=0
[15:08:05] DEBUG - 94202034_240504a_14~8070_hr4_988.tif | pred_pos=0 | gt_pos=2571 | diff=2571 (0.039) | lcc=0.039 | flagged=0
[15:08:05] DEBUG - 94202035_240504a_15~8340_hr4_128.tif | pred_pos=0 | gt_pos=0 | diff=0 (0.000) | lcc=0.000 | flagged=0
[15:08:05] DEBUG - 94202035_240504a_15~8340_hr4_1561.tif | pred_pos=0 | gt_pos=0 | diff=0 (0.000) | lcc=0.000 | flagged=0
[15:08:05] DEBUG - 94202035_240504a_15~8340_hr4_1645.tif | pred_pos=0 | gt_pos=0 | diff=0 (0.000) | lcc=0.000 | flagged=0
[15:08:05] DEBUG - 94202035_240504a_15~8340_hr4_2200.tif | pred_pos=0 | gt_pos=0 | diff=0 (0.000) | lcc=0.000 | flagged=0
[15:08:05] DEBUG - 94202035_240504a_15~8340_hr4_2836.tif | pred_pos=0 | gt_pos=0 | diff=0 (0.000) | lcc=0.000 | flagged=0
[15:08:05] DEBUG - 94202035_240504a_15~8340_hr4_2942.tif | pred_pos=0 | gt_pos=0 | diff=0 (0.000) | lcc=0.000 | flagged=0
[15:08:05] DEBUG - 94202035_240504a_15~8340_hr4_3365.tif | pred_pos=0 | gt_pos=0 | diff=0 (0.000) | lcc=0.000 | flagged=0
[15:08:05] DEBUG - 94202035_240504a_15~8340_hr4_3416.tif | pred_pos=0 | gt_pos=0 | diff=0 (0.000) | lcc=0.000 | flagged=0
[15:08:05] DEBUG - 94202035_240504a_15~8340_hr4_4351.tif | pred_pos=0 | gt_pos=0 | diff=0 (0.000) | lcc=0.000 | flagged=0
[15:08:05] DEBUG - 94202035_240504a_15~8340_hr4_4661.tif | pred_pos=0 | gt_pos=2439 | diff=2439 (0.037) | lcc=0.037 | flagged=0
[15:08:05] DEBUG - 94202035_240504a_15~8340_hr4_4712.tif | pred_pos=0 | gt_pos=62323 | diff=62323 (0.951) | lcc=0.951 | flagged=1
[15:08:05] DEBUG - 94202035_240504a_15~8340_hr4_4782.tif | pred_pos=0 | gt_pos=20413 | diff=20413 (0.311) | lcc=0.311 | flagged=0
[15:08:05] DEBUG - 94202035_240504a_15~8340_hr4_4792.tif | pred_pos=0 | gt_pos=18379 | diff=18379 (0.280) | lcc=0.170 | flagged=0
[15:08:05] DEBUG - 94202035_240504a_15~8340_hr4_4806.tif | pred_pos=0 | gt_pos=10380 | diff=10380 (0.158) | lcc=0.158 | flagged=0
[15:08:05] DEBUG - 94202035_240504a_15~8340_hr4_4808.tif | pred_pos=0 | gt_pos=16013 | diff=16013 (0.244) | lcc=0.244 | flagged=0
[15:08:05] DEBUG - 94202035_240504a_15~8340_hr4_4809.tif | pred_pos=0 | gt_pos=0 | diff=0 (0.000) | lcc=0.000 | flagged=0
[15:08:05] DEBUG - 94202035_240504a_15~8340_hr4_4853.tif | pred_pos=0 | gt_pos=37276 | diff=37276 (0.569) | lcc=0.569 | flagged=1
[15:08:05] DEBUG - 94202035_240504a_15~8340_hr4_5011.tif | pred_pos=0 | gt_pos=19210 | diff=19210 (0.293) | lcc=0.293 | flagged=0
[15:08:05] DEBUG - 94202035_240504a_15~8340_hr4_5058.tif | pred_pos=0 | gt_pos=0 | diff=0 (0.000) | lcc=0.000 | flagged=0
[15:08:05] DEBUG - 94202035_240504a_15~8340_hr4_5088.tif | pred_pos=0 | gt_pos=17049 | diff=17049 (0.260) | lcc=0.260 | flagged=0
[15:08:05] DEBUG - 94202035_240504a_15~8340_hr4_5179.tif | pred_pos=0 | gt_pos=11143 | diff=11143 (0.170) | lcc=0.170 | flagged=0
[15:08:05] DEBUG - 94202035_240504a_15~8340_hr4_5248.tif | pred_pos=0 | gt_pos=4426 | diff=4426 (0.068) | lcc=0.068 | flagged=0
[15:08:05] DEBUG - 94202035_240504a_15~8340_hr4_5323.tif | pred_pos=0 | gt_pos=31398 | diff=31398 (0.479) | lcc=0.479 | flagged=0
[15:08:05] DEBUG - 94202035_240504a_15~8340_hr4_5354.tif | pred_pos=0 | gt_pos=39896 | diff=39896 (0.609) | lcc=0.609 | flagged=1
[15:08:05] DEBUG - 94202035_240504a_15~8340_hr4_5395.tif | pred_pos=0 | gt_pos=37284 | diff=37284 (0.569) | lcc=0.569 | flagged=1
[15:08:05] DEBUG - 94202035_240504a_15~8340_hr4_5429.tif | pred_pos=0 | gt_pos=16324 | diff=16324 (0.249) | lcc=0.248 | flagged=0
[15:08:05] DEBUG - 94202035_240504a_15~8340_hr4_5433.tif | pred_pos=0 | gt_pos=0 | diff=0 (0.000) | lcc=0.000 | flagged=0
[15:08:05] DEBUG - 94202035_240504a_15~8340_hr4_5456.tif | pred_pos=0 | gt_pos=0 | diff=0 (0.000) | lcc=0.000 | flagged=0
[15:08:05] DEBUG - 94202035_240504a_15~8340_hr4_5644.tif | pred_pos=0 | gt_pos=23828 | diff=23828 (0.364) | lcc=0.364 | flagged=0
[15:08:05] DEBUG - 94202035_240504a_15~8340_hr4_5739.tif | pred_pos=0 | gt_pos=1338 | diff=1338 (0.020) | lcc=0.020 | flagged=0
[15:08:05] DEBUG - 94202035_240504a_15~8340_hr4_5773.tif | pred_pos=0 | gt_pos=3792 | diff=3792 (0.058) | lcc=0.058 | flagged=0
[15:08:05] DEBUG - 94202035_240504a_15~8340_hr4_5811.tif | pred_pos=0 | gt_pos=0 | diff=0 (0.000) | lcc=0.000 | flagged=0
[15:08:05] DEBUG - 94202035_240504a_15~8340_hr4_5816.tif | pred_pos=0 | gt_pos=1912 | diff=1912 (0.029) | lcc=0.029 | flagged=0
[15:08:05] DEBUG - 94202036_240504a_16~8631_hr4_1030.tif | pred_pos=0 | gt_pos=0 | diff=0 (0.000) | lcc=0.000 | flagged=0
[15:08:05] DEBUG - 94202036_240504a_16~8631_hr4_1405.tif | pred_pos=0 | gt_pos=0 | diff=0 (0.000) | lcc=0.000 | flagged=0
[15:08:05] DEBUG - 94202036_240504a_16~8631_hr4_1789.tif | pred_pos=0 | gt_pos=0 | diff=0 (0.000) | lcc=0.000 | flagged=0
[15:08:05] DEBUG - 94202036_240504a_16~8631_hr4_2229.tif | pred_pos=0 | gt_pos=0 | diff=0 (0.000) | lcc=0.000 | flagged=0
[15:08:05] DEBUG - 94202036_240504a_16~8631_hr4_3052.tif | pred_pos=0 | gt_pos=0 | diff=0 (0.000) | lcc=0.000 | flagged=0
[15:08:05] DEBUG - 94202036_240504a_16~8631_hr4_3394.tif | pred_pos=0 | gt_pos=0 | diff=0 (0.000) | lcc=0.000 | flagged=0
[15:08:08] DEBUG - 94202036_240504a_16~8631_hr4_3551.tif | pred_pos=0 | gt_pos=0 | diff=0 (0.000) | lcc=0.000 | flagged=0
[15:08:08] DEBUG - 94202036_240504a_16~8631_hr4_3622.tif | pred_pos=0 | gt_pos=0 | diff=0 (0.000) | lcc=0.000 | flagged=0
[15:08:08] DEBUG - 94202036_240504a_16~8631_hr4_4288.tif | pred_pos=0 | gt_pos=0 | diff=0 (0.000) | lcc=0.000 | flagged=0
[15:08:08] DEBUG - 94202036_240504a_16~8631_hr4_4959.tif | pred_pos=0 | gt_pos=0 | diff=0 (0.000) | lcc=0.000 | flagged=0
[15:08:08] DEBUG - 94202036_240504a_16~8631_hr4_4965.tif | pred_pos=0 | gt_pos=27192 | diff=27192 (0.415) | lcc=0.415 | flagged=0
[15:08:08] DEBUG - 94202036_240504a_16~8631_hr4_5019.tif | pred_pos=0 | gt_pos=0 | diff=0 (0.000) | lcc=0.000 | flagged=0
[15:08:08] DEBUG - 94202036_240504a_16~8631_hr4_5113.tif | pred_pos=0 | gt_pos=2461 | diff=2461 (0.038) | lcc=0.038 | flagged=0
[15:08:08] DEBUG - 94202036_240504a_16~8631_hr4_5172.tif | pred_pos=0 | gt_pos=0 | diff=0 (0.000) | lcc=0.000 | flagged=0
[15:08:08] DEBUG - 94202036_240504a_16~8631_hr4_5255.tif | pred_pos=0 | gt_pos=52336 | diff=52336 (0.799) | lcc=0.799 | flagged=1
[15:08:08] DEBUG - 94202036_240504a_16~8631_hr4_5330.tif | pred_pos=0 | gt_pos=30105 | diff=30105 (0.459) | lcc=0.459 | flagged=0
[15:08:08] DEBUG - 94202036_240504a_16~8631_hr4_5450.tif | pred_pos=0 | gt_pos=0 | diff=0 (0.000) | lcc=0.000 | flagged=0
[15:08:08] DEBUG - 94202036_240504a_16~8631_hr4_5610.tif | pred_pos=0 | gt_pos=0 | diff=0 (0.000) | lcc=0.000 | flagged=0
[15:08:08] DEBUG - 94202036_240504a_16~8631_hr4_603.tif | pred_pos=0 | gt_pos=0 | diff=0 (0.000) | lcc=0.000 | flagged=0
[15:08:08] DEBUG - 94202036_240504a_16~8631_hr4_615.tif | pred_pos=0 | gt_pos=0 | diff=0 (0.000) | lcc=0.000 | flagged=0
[15:08:08] DEBUG - 94202036_240504a_16~8631_hr4_954.tif | pred_pos=0 | gt_pos=0 | diff=0 (0.000) | lcc=0.000 | flagged=0
[15:08:08] DEBUG - 94202041_240504a_11~7335_hr4_1551.tif | pred_pos=0 | gt_pos=7132 | diff=7132 (0.109) | lcc=0.109 | flagged=0
[15:08:08] DEBUG - 94202041_240504a_11~7335_hr4_1765.tif | pred_pos=0 | gt_pos=0 | diff=0 (0.000) | lcc=0.000 | flagged=0
[15:08:08] DEBUG - 94202041_240504a_11~7335_hr4_2648.tif | pred_pos=0 | gt_pos=0 | diff=0 (0.000) | lcc=0.000 | flagged=0
[15:08:08] DEBUG - 94202041_240504a_11~7335_hr4_293.tif | pred_pos=0 | gt_pos=10768 | diff=10768 (0.164) | lcc=0.164 | flagged=0
[15:08:08] DEBUG - 94202041_240504a_11~7335_hr4_3357.tif | pred_pos=0 | gt_pos=0 | diff=0 (0.000) | lcc=0.000 | flagged=0
[15:08:08] DEBUG - 94202041_240504a_11~7335_hr4_3476.tif | pred_pos=0 | gt_pos=64945 | diff=64945 (0.991) | lcc=0.991 | flagged=1
[15:08:08] DEBUG - 94202041_240504a_11~7335_hr4_4003.tif | pred_pos=0 | gt_pos=0 | diff=0 (0.000) | lcc=0.000 | flagged=0
[15:08:08] DEBUG - 94202041_240504a_11~7335_hr4_4478.tif | pred_pos=0 | gt_pos=0 | diff=0 (0.000) | lcc=0.000 | flagged=0
[15:08:08] DEBUG - 94202041_240504a_11~7335_hr4_512.tif | pred_pos=0 | gt_pos=27876 | diff=27876 (0.425) | lcc=0.425 | flagged=0
[15:08:08] DEBUG - 94202041_240504a_11~7335_hr4_5489.tif | pred_pos=0 | gt_pos=0 | diff=0 (0.000) | lcc=0.000 | flagged=0
[15:08:08] DEBUG - 94202041_240504a_11~7335_hr4_5747.tif | pred_pos=0 | gt_pos=0 | diff=0 (0.000) | lcc=0.000 | flagged=0
[15:08:08] DEBUG - 94202041_240504a_11~7335_hr4_670.tif | pred_pos=0 | gt_pos=0 | diff=0 (0.000) | lcc=0.000 | flagged=0
[15:08:08] DEBUG - 94202041_240504a_11~7335_hr4_694.tif | pred_pos=0 | gt_pos=0 | diff=0 (0.000) | lcc=0.000 | flagged=0
[15:08:08] DEBUG - 94202041_240504a_11~7335_hr4_808.tif | pred_pos=0 | gt_pos=32792 | diff=32792 (0.500) | lcc=0.500 | flagged=1
[15:08:08] DEBUG - 94202041_240504a_11~7335_hr4_881.tif | pred_pos=0 | gt_pos=23420 | diff=23420 (0.357) | lcc=0.357 | flagged=0
[15:08:08] DEBUG - 94202042_240504a_12~7564_hr4_113.tif | pred_pos=0 | gt_pos=35021 | diff=35021 (0.534) | lcc=0.534 | flagged=1
[15:08:08] DEBUG - 94202042_240504a_12~7564_hr4_1180.tif | pred_pos=0 | gt_pos=3 | diff=3 (0.000) | lcc=0.000 | flagged=0
[15:08:08] DEBUG - 94202042_240504a_12~7564_hr4_1244.tif | pred_pos=0 | gt_pos=58056 | diff=58056 (0.886) | lcc=0.886 | flagged=1
[15:08:08] DEBUG - 94202042_240504a_12~7564_hr4_1314.tif | pred_pos=0 | gt_pos=64872 | diff=64872 (0.990) | lcc=0.990 | flagged=1
[15:08:08] DEBUG - 94202042_240504a_12~7564_hr4_1317.tif | pred_pos=0 | gt_pos=47527 | diff=47527 (0.725) | lcc=0.725 | flagged=1
[15:08:08] DEBUG - 94202042_240504a_12~7564_hr4_1388.tif | pred_pos=0 | gt_pos=38629 | diff=38629 (0.589) | lcc=0.589 | flagged=1
[15:08:08] DEBUG - 94202042_240504a_12~7564_hr4_1404.tif | pred_pos=0 | gt_pos=3259 | diff=3259 (0.050) | lcc=0.050 | flagged=0
[15:08:08] DEBUG - 94202042_240504a_12~7564_hr4_1405.tif | pred_pos=0 | gt_pos=60204 | diff=60204 (0.919) | lcc=0.919 | flagged=1
[15:08:08] DEBUG - 94202042_240504a_12~7564_hr4_1469.tif | pred_pos=0 | gt_pos=16119 | diff=16119 (0.246) | lcc=0.246 | flagged=0
[15:08:08] DEBUG - 94202042_240504a_12~7564_hr4_1472.tif | pred_pos=0 | gt_pos=234 | diff=234 (0.004) | lcc=0.004 | flagged=0
[15:08:08] DEBUG - 94202042_240504a_12~7564_hr4_1478.tif | pred_pos=0 | gt_pos=14038 | diff=14038 (0.214) | lcc=0.214 | flagged=0
[15:08:08] DEBUG - 94202042_240504a_12~7564_hr4_1479.tif | pred_pos=0 | gt_pos=65536 | diff=65536 (1.000) | lcc=1.000 | flagged=1
[15:08:08] DEBUG - 94202042_240504a_12~7564_hr4_149.tif | pred_pos=0 | gt_pos=30225 | diff=30225 (0.461) | lcc=0.461 | flagged=0
[15:08:08] DEBUG - 94202042_240504a_12~7564_hr4_1534.tif | pred_pos=0 | gt_pos=9252 | diff=9252 (0.141) | lcc=0.140 | flagged=0
[15:08:08] DEBUG - 94202042_240504a_12~7564_hr4_1536.tif | pred_pos=0 | gt_pos=9912 | diff=9912 (0.151) | lcc=0.151 | flagged=0
[15:08:08] DEBUG - 94202042_240504a_12~7564_hr4_1553.tif | pred_pos=0 | gt_pos=59615 | diff=59615 (0.910) | lcc=0.910 | flagged=1
[15:08:08] DEBUG - 94202042_240504a_12~7564_hr4_1592.tif | pred_pos=0 | gt_pos=3678 | diff=3678 (0.056) | lcc=0.056 | flagged=0
[15:08:08] DEBUG - 94202042_240504a_12~7564_hr4_174.tif | pred_pos=0 | gt_pos=5790 | diff=5790 (0.088) | lcc=0.088 | flagged=0
[15:08:08] DEBUG - 94202042_240504a_12~7564_hr4_1834.tif | pred_pos=0 | gt_pos=45463 | diff=45463 (0.694) | lcc=0.694 | flagged=1
[15:08:08] DEBUG - 94202042_240504a_12~7564_hr4_2042.tif | pred_pos=0 | gt_pos=4335 | diff=4335 (0.066) | lcc=0.066 | flagged=0
[15:08:08] DEBUG - 94202042_240504a_12~7564_hr4_2107.tif | pred_pos=0 | gt_pos=4458 | diff=4458 (0.068) | lcc=0.068 | flagged=0
[15:08:08] DEBUG - 94202042_240504a_12~7564_hr4_2138.tif | pred_pos=0 | gt_pos=0 | diff=0 (0.000) | lcc=0.000 | flagged=0
[15:08:08] DEBUG - 94202042_240504a_12~7564_hr4_2245.tif | pred_pos=0 | gt_pos=260 | diff=260 (0.004) | lcc=0.004 | flagged=0
[15:08:08] DEBUG - 94202042_240504a_12~7564_hr4_2297.tif | pred_pos=0 | gt_pos=1883 | diff=1883 (0.029) | lcc=0.029 | flagged=0
[15:08:08] DEBUG - 94202042_240504a_12~7564_hr4_2400.tif | pred_pos=0 | gt_pos=0 | diff=0 (0.000) | lcc=0.000 | flagged=0
[15:08:08] DEBUG - 94202042_240504a_12~7564_hr4_2403.tif | pred_pos=0 | gt_pos=0 | diff=0 (0.000) | lcc=0.000 | flagged=0
[15:08:08] DEBUG - 94202042_240504a_12~7564_hr4_2406.tif | pred_pos=0 | gt_pos=5836 | diff=5836 (0.089) | lcc=0.089 | flagged=0
[15:08:08] DEBUG - 94202042_240504a_12~7564_hr4_2407.tif | pred_pos=0 | gt_pos=30429 | diff=30429 (0.464) | lcc=0.464 | flagged=0
[15:08:08] DEBUG - 94202042_240504a_12~7564_hr4_2438.tif | pred_pos=0 | gt_pos=4001 | diff=4001 (0.061) | lcc=0.061 | flagged=0
[15:08:08] DEBUG - 94202042_240504a_12~7564_hr4_2444.tif | pred_pos=0 | gt_pos=21511 | diff=21511 (0.328) | lcc=0.328 | flagged=0
[15:08:08] DEBUG - 94202042_240504a_12~7564_hr4_2445.tif | pred_pos=0 | gt_pos=1243 | diff=1243 (0.019) | lcc=0.019 | flagged=0
[15:08:08] DEBUG - 94202042_240504a_12~7564_hr4_2609.tif | pred_pos=0 | gt_pos=3039 | diff=3039 (0.046) | lcc=0.046 | flagged=0
[15:08:08] DEBUG - 94202042_240504a_12~7564_hr4_2647.tif | pred_pos=0 | gt_pos=31267 | diff=31267 (0.477) | lcc=0.477 | flagged=0
[15:08:08] DEBUG - 94202042_240504a_12~7564_hr4_2681.tif | pred_pos=0 | gt_pos=2832 | diff=2832 (0.043) | lcc=0.043 | flagged=0
[15:08:09] DEBUG - 94202042_240504a_12~7564_hr4_2692.tif | pred_pos=0 | gt_pos=32192 | diff=32192 (0.491) | lcc=0.491 | flagged=0
[15:08:09] DEBUG - 94202042_240504a_12~7564_hr4_2736.tif | pred_pos=0 | gt_pos=4673 | diff=4673 (0.071) | lcc=0.071 | flagged=0
[15:08:09] DEBUG - 94202042_240504a_12~7564_hr4_2759.tif | pred_pos=0 | gt_pos=56403 | diff=56403 (0.861) | lcc=0.861 | flagged=1
[15:08:09] DEBUG - 94202042_240504a_12~7564_hr4_279.tif | pred_pos=0 | gt_pos=0 | diff=0 (0.000) | lcc=0.000 | flagged=0
[15:08:09] DEBUG - 94202042_240504a_12~7564_hr4_2837.tif | pred_pos=0 | gt_pos=27 | diff=27 (0.000) | lcc=0.000 | flagged=0
[15:08:09] DEBUG - 94202042_240504a_12~7564_hr4_2902.tif | pred_pos=0 | gt_pos=5203 | diff=5203 (0.079) | lcc=0.079 | flagged=0
[15:08:09] DEBUG - 94202042_240504a_12~7564_hr4_2903.tif | pred_pos=0 | gt_pos=50630 | diff=50630 (0.773) | lcc=0.773 | flagged=1
[15:08:09] DEBUG - 94202042_240504a_12~7564_hr4_2935.tif | pred_pos=0 | gt_pos=30445 | diff=30445 (0.465) | lcc=0.465 | flagged=0
[15:08:09] DEBUG - 94202042_240504a_12~7564_hr4_2950.tif | pred_pos=0 | gt_pos=241 | diff=241 (0.004) | lcc=0.004 | flagged=0
[15:08:09] DEBUG - 94202042_240504a_12~7564_hr4_3012.tif | pred_pos=0 | gt_pos=23781 | diff=23781 (0.363) | lcc=0.363 | flagged=0
[15:08:09] DEBUG - 94202042_240504a_12~7564_hr4_3057.tif | pred_pos=0 | gt_pos=235 | diff=235 (0.004) | lcc=0.004 | flagged=0
[15:08:09] DEBUG - 94202042_240504a_12~7564_hr4_3144.tif | pred_pos=0 | gt_pos=37764 | diff=37764 (0.576) | lcc=0.576 | flagged=1
[15:08:09] DEBUG - 94202042_240504a_12~7564_hr4_3204.tif | pred_pos=0 | gt_pos=14 | diff=14 (0.000) | lcc=0.000 | flagged=0
[15:08:09] DEBUG - 94202042_240504a_12~7564_hr4_3209.tif | pred_pos=0 | gt_pos=44499 | diff=44499 (0.679) | lcc=0.679 | flagged=1
[15:08:09] DEBUG - 94202042_240504a_12~7564_hr4_3234.tif | pred_pos=0 | gt_pos=9970 | diff=9970 (0.152) | lcc=0.152 | flagged=0
[15:08:09] DEBUG - 94202042_240504a_12~7564_hr4_3235.tif | pred_pos=0 | gt_pos=0 | diff=0 (0.000) | lcc=0.000 | flagged=0
[15:08:09] DEBUG - 94202042_240504a_12~7564_hr4_3283.tif | pred_pos=0 | gt_pos=40547 | diff=40547 (0.619) | lcc=0.616 | flagged=1
[15:08:09] DEBUG - 94202042_240504a_12~7564_hr4_3284.tif | pred_pos=0 | gt_pos=7669 | diff=7669 (0.117) | lcc=0.117 | flagged=0
[15:08:09] DEBUG - 94202042_240504a_12~7564_hr4_3335.tif | pred_pos=0 | gt_pos=63017 | diff=63017 (0.962) | lcc=0.962 | flagged=1
[15:08:09] DEBUG - 94202042_240504a_12~7564_hr4_3357.tif | pred_pos=0 | gt_pos=21 | diff=21 (0.000) | lcc=0.000 | flagged=0
[15:08:09] DEBUG - 94202042_240504a_12~7564_hr4_3378.tif | pred_pos=0 | gt_pos=16383 | diff=16383 (0.250) | lcc=0.250 | flagged=0
[15:08:09] DEBUG - 94202042_240504a_12~7564_hr4_3451.tif | pred_pos=0 | gt_pos=50043 | diff=50043 (0.764) | lcc=0.499 | flagged=0
[15:08:09] DEBUG - 94202042_240504a_12~7564_hr4_3535.tif | pred_pos=0 | gt_pos=16796 | diff=16796 (0.256) | lcc=0.256 | flagged=0
[15:08:09] DEBUG - 94202042_240504a_12~7564_hr4_3551.tif | pred_pos=0 | gt_pos=0 | diff=0 (0.000) | lcc=0.000 | flagged=0
[15:08:09] DEBUG - 94202042_240504a_12~7564_hr4_3606.tif | pred_pos=0 | gt_pos=6016 | diff=6016 (0.092) | lcc=0.092 | flagged=0
[15:08:09] DEBUG - 94202042_240504a_12~7564_hr4_3609.tif | pred_pos=0 | gt_pos=8051 | diff=8051 (0.123) | lcc=0.123 | flagged=0
[15:08:09] DEBUG - 94202042_240504a_12~7564_hr4_3697.tif | pred_pos=0 | gt_pos=0 | diff=0 (0.000) | lcc=0.000 | flagged=0
[15:08:09] DEBUG - 94202042_240504a_12~7564_hr4_3818.tif | pred_pos=0 | gt_pos=51460 | diff=51460 (0.785) | lcc=0.609 | flagged=1
[15:08:09] DEBUG - 94202042_240504a_12~7564_hr4_3885.tif | pred_pos=0 | gt_pos=8561 | diff=8561 (0.131) | lcc=0.131 | flagged=0
[15:08:09] DEBUG - 94202042_240504a_12~7564_hr4_3962.tif | pred_pos=0 | gt_pos=16866 | diff=16866 (0.257) | lcc=0.257 | flagged=0
[15:08:09] DEBUG - 94202042_240504a_12~7564_hr4_3982.tif | pred_pos=0 | gt_pos=31250 | diff=31250 (0.477) | lcc=0.477 | flagged=0
[15:08:09] DEBUG - 94202042_240504a_12~7564_hr4_4107.tif | pred_pos=0 | gt_pos=7678 | diff=7678 (0.117) | lcc=0.117 | flagged=0
[15:08:09] DEBUG - 94202042_240504a_12~7564_hr4_4126.tif | pred_pos=0 | gt_pos=3423 | diff=3423 (0.052) | lcc=0.052 | flagged=0
[15:08:09] DEBUG - 94202042_240504a_12~7564_hr4_4129.tif | pred_pos=0 | gt_pos=28884 | diff=28884 (0.441) | lcc=0.441 | flagged=0
[15:08:09] DEBUG - 94202042_240504a_12~7564_hr4_4130.tif | pred_pos=0 | gt_pos=27184 | diff=27184 (0.415) | lcc=0.415 | flagged=0
[15:08:09] DEBUG - 94202042_240504a_12~7564_hr4_440.tif | pred_pos=0 | gt_pos=2513 | diff=2513 (0.038) | lcc=0.038 | flagged=0
[15:08:09] DEBUG - 94202042_240504a_12~7564_hr4_4417.tif | pred_pos=0 | gt_pos=31495 | diff=31495 (0.481) | lcc=0.481 | flagged=0
[15:08:09] DEBUG - 94202042_240504a_12~7564_hr4_4432.tif | pred_pos=0 | gt_pos=50172 | diff=50172 (0.766) | lcc=0.423 | flagged=0
[15:08:09] DEBUG - 94202042_240504a_12~7564_hr4_451.tif | pred_pos=0 | gt_pos=14067 | diff=14067 (0.215) | lcc=0.215 | flagged=0
[15:08:09] DEBUG - 94202042_240504a_12~7564_hr4_4526.tif | pred_pos=0 | gt_pos=0 | diff=0 (0.000) | lcc=0.000 | flagged=0
[15:08:09] DEBUG - 94202042_240504a_12~7564_hr4_4581.tif | pred_pos=0 | gt_pos=55211 | diff=55211 (0.842) | lcc=0.842 | flagged=1
[15:08:09] DEBUG - 94202042_240504a_12~7564_hr4_4643.tif | pred_pos=0 | gt_pos=0 | diff=0 (0.000) | lcc=0.000 | flagged=0
[15:08:09] DEBUG - 94202042_240504a_12~7564_hr4_4645.tif | pred_pos=0 | gt_pos=44944 | diff=44944 (0.686) | lcc=0.686 | flagged=1
[15:08:09] DEBUG - 94202042_240504a_12~7564_hr4_4660.tif | pred_pos=0 | gt_pos=18463 | diff=18463 (0.282) | lcc=0.282 | flagged=0
[15:08:09] DEBUG - 94202042_240504a_12~7564_hr4_4735.tif | pred_pos=0 | gt_pos=765 | diff=765 (0.012) | lcc=0.012 | flagged=0
[15:08:09] DEBUG - 94202042_240504a_12~7564_hr4_4793.tif | pred_pos=0 | gt_pos=54218 | diff=54218 (0.827) | lcc=0.827 | flagged=1
[15:08:09] DEBUG - 94202042_240504a_12~7564_hr4_4810.tif | pred_pos=0 | gt_pos=0 | diff=0 (0.000) | lcc=0.000 | flagged=0
[15:08:09] DEBUG - 94202042_240504a_12~7564_hr4_4867.tif | pred_pos=0 | gt_pos=11294 | diff=11294 (0.172) | lcc=0.172 | flagged=0
[15:08:09] DEBUG - 94202042_240504a_12~7564_hr4_4873.tif | pred_pos=0 | gt_pos=15287 | diff=15287 (0.233) | lcc=0.233 | flagged=0
[15:08:09] DEBUG - 94202042_240504a_12~7564_hr4_4881.tif | pred_pos=0 | gt_pos=24598 | diff=24598 (0.375) | lcc=0.375 | flagged=0
[15:08:09] DEBUG - 94202042_240504a_12~7564_hr4_490.tif | pred_pos=0 | gt_pos=12002 | diff=12002 (0.183) | lcc=0.183 | flagged=0
[15:08:09] DEBUG - 94202042_240504a_12~7564_hr4_5031.tif | pred_pos=0 | gt_pos=20772 | diff=20772 (0.317) | lcc=0.317 | flagged=0
[15:08:09] DEBUG - 94202042_240504a_12~7564_hr4_5095.tif | pred_pos=0 | gt_pos=45141 | diff=45141 (0.689) | lcc=0.689 | flagged=1
[15:08:09] DEBUG - 94202042_240504a_12~7564_hr4_517.tif | pred_pos=0 | gt_pos=13815 | diff=13815 (0.211) | lcc=0.211 | flagged=0
[15:08:09] DEBUG - 94202042_240504a_12~7564_hr4_5241.tif | pred_pos=0 | gt_pos=11532 | diff=11532 (0.176) | lcc=0.176 | flagged=0
[15:08:09] DEBUG - 94202042_240504a_12~7564_hr4_5321.tif | pred_pos=0 | gt_pos=43077 | diff=43077 (0.657) | lcc=0.654 | flagged=1
[15:08:09] DEBUG - 94202042_240504a_12~7564_hr4_5388.tif | pred_pos=0 | gt_pos=21320 | diff=21320 (0.325) | lcc=0.325 | flagged=0
[15:08:09] DEBUG - 94202042_240504a_12~7564_hr4_5400.tif | pred_pos=0 | gt_pos=20967 | diff=20967 (0.320) | lcc=0.320 | flagged=0
[15:08:09] DEBUG - 94202042_240504a_12~7564_hr4_547.tif | pred_pos=0 | gt_pos=23983 | diff=23983 (0.366) | lcc=0.366 | flagged=0
[15:08:09] DEBUG - 94202042_240504a_12~7564_hr4_5536.tif | pred_pos=0 | gt_pos=18120 | diff=18120 (0.276) | lcc=0.276 | flagged=0
[15:08:09] DEBUG - 94202042_240504a_12~7564_hr4_5537.tif | pred_pos=0 | gt_pos=1439 | diff=1439 (0.022) | lcc=0.022 | flagged=0
[15:08:09] DEBUG - 94202042_240504a_12~7564_hr4_565.tif | pred_pos=0 | gt_pos=12998 | diff=12998 (0.198) | lcc=0.198 | flagged=0
[15:08:09] DEBUG - 94202042_240504a_12~7564_hr4_566.tif | pred_pos=0 | gt_pos=5792 | diff=5792 (0.088) | lcc=0.088 | flagged=0
[15:08:09] DEBUG - 94202042_240504a_12~7564_hr4_5834.tif | pred_pos=0 | gt_pos=16220 | diff=16220 (0.247) | lcc=0.247 | flagged=0
[15:08:12] DEBUG - 94202042_240504a_12~7564_hr4_593.tif | pred_pos=0 | gt_pos=49258 | diff=49258 (0.752) | lcc=0.687 | flagged=1
[15:08:12] DEBUG - 94202042_240504a_12~7564_hr4_667.tif | pred_pos=0 | gt_pos=65536 | diff=65536 (1.000) | lcc=1.000 | flagged=1
[15:08:12] DEBUG - 94202042_240504a_12~7564_hr4_738.tif | pred_pos=0 | gt_pos=3209 | diff=3209 (0.049) | lcc=0.049 | flagged=0
[15:08:12] DEBUG - 94202042_240504a_12~7564_hr4_787.tif | pred_pos=0 | gt_pos=15217 | diff=15217 (0.232) | lcc=0.232 | flagged=0
[15:08:12] DEBUG - 94202042_240504a_12~7564_hr4_814.tif | pred_pos=0 | gt_pos=149 | diff=149 (0.002) | lcc=0.002 | flagged=0
[15:08:12] DEBUG - 94202042_240504a_12~7564_hr4_819.tif | pred_pos=0 | gt_pos=47168 | diff=47168 (0.720) | lcc=0.720 | flagged=1
[15:08:12] DEBUG - 94202042_240504a_12~7564_hr4_846.tif | pred_pos=0 | gt_pos=8379 | diff=8379 (0.128) | lcc=0.128 | flagged=0
[15:08:12] DEBUG - 94202042_240504a_12~7564_hr4_920.tif | pred_pos=0 | gt_pos=30692 | diff=30692 (0.468) | lcc=0.468 | flagged=0
[15:08:12] DEBUG - 94202042_240504a_12~7564_hr4_945.tif | pred_pos=0 | gt_pos=20418 | diff=20418 (0.312) | lcc=0.312 | flagged=0
[15:08:12] DEBUG - 94202042_240504a_12~7564_hr4_957.tif | pred_pos=0 | gt_pos=17929 | diff=17929 (0.274) | lcc=0.274 | flagged=0
[15:08:12] DEBUG - 94202043_240504a_13~7817_hr4_1008.tif | pred_pos=0 | gt_pos=52746 | diff=52746 (0.805) | lcc=0.805 | flagged=1
[15:08:12] DEBUG - 94202043_240504a_13~7817_hr4_1013.tif | pred_pos=0 | gt_pos=18048 | diff=18048 (0.275) | lcc=0.275 | flagged=0
[15:08:12] DEBUG - 94202043_240504a_13~7817_hr4_1016.tif | pred_pos=0 | gt_pos=32563 | diff=32563 (0.497) | lcc=0.497 | flagged=0
[15:08:12] DEBUG - 94202043_240504a_13~7817_hr4_1040.tif | pred_pos=0 | gt_pos=10491 | diff=10491 (0.160) | lcc=0.160 | flagged=0
[15:08:12] DEBUG - 94202043_240504a_13~7817_hr4_1106.tif | pred_pos=0 | gt_pos=63817 | diff=63817 (0.974) | lcc=0.974 | flagged=1
[15:08:12] DEBUG - 94202043_240504a_13~7817_hr4_1109.tif | pred_pos=0 | gt_pos=3368 | diff=3368 (0.051) | lcc=0.051 | flagged=0
[15:08:12] DEBUG - 94202043_240504a_13~7817_hr4_1127.tif | pred_pos=0 | gt_pos=1491 | diff=1491 (0.023) | lcc=0.023 | flagged=0
[15:08:12] DEBUG - 94202043_240504a_13~7817_hr4_1129.tif | pred_pos=0 | gt_pos=38876 | diff=38876 (0.593) | lcc=0.593 | flagged=1
[15:08:12] DEBUG - 94202043_240504a_13~7817_hr4_1151.tif | pred_pos=0 | gt_pos=7192 | diff=7192 (0.110) | lcc=0.110 | flagged=0
[15:08:12] DEBUG - 94202043_240504a_13~7817_hr4_1161.tif | pred_pos=0 | gt_pos=6386 | diff=6386 (0.097) | lcc=0.097 | flagged=0
[15:08:12] DEBUG - 94202043_240504a_13~7817_hr4_1167.tif | pred_pos=0 | gt_pos=6123 | diff=6123 (0.093) | lcc=0.093 | flagged=0
[15:08:12] DEBUG - 94202043_240504a_13~7817_hr4_1241.tif | pred_pos=0 | gt_pos=15952 | diff=15952 (0.243) | lcc=0.243 | flagged=0
[15:08:12] DEBUG - 94202043_240504a_13~7817_hr4_1254.tif | pred_pos=0 | gt_pos=4044 | diff=4044 (0.062) | lcc=0.062 | flagged=0
[15:08:12] DEBUG - 94202043_240504a_13~7817_hr4_133.tif | pred_pos=0 | gt_pos=14054 | diff=14054 (0.214) | lcc=0.214 | flagged=0
[15:08:12] DEBUG - 94202043_240504a_13~7817_hr4_1390.tif | pred_pos=0 | gt_pos=18388 | diff=18388 (0.281) | lcc=0.278 | flagged=0
[15:08:12] DEBUG - 94202043_240504a_13~7817_hr4_140.tif | pred_pos=0 | gt_pos=45179 | diff=45179 (0.689) | lcc=0.689 | flagged=1
[15:08:12] DEBUG - 94202043_240504a_13~7817_hr4_1414.tif | pred_pos=0 | gt_pos=65536 | diff=65536 (1.000) | lcc=1.000 | flagged=1
[15:08:12] DEBUG - 94202043_240504a_13~7817_hr4_1452.tif | pred_pos=0 | gt_pos=1831 | diff=1831 (0.028) | lcc=0.028 | flagged=0
[15:08:12] DEBUG - 94202043_240504a_13~7817_hr4_1478.tif | pred_pos=0 | gt_pos=25683 | diff=25683 (0.392) | lcc=0.392 | flagged=0
[15:08:12] DEBUG - 94202043_240504a_13~7817_hr4_1505.tif | pred_pos=0 | gt_pos=35561 | diff=35561 (0.543) | lcc=0.543 | flagged=1
[15:08:12] DEBUG - 94202043_240504a_13~7817_hr4_1577.tif | pred_pos=0 | gt_pos=215 | diff=215 (0.003) | lcc=0.003 | flagged=0
[15:08:12] DEBUG - 94202043_240504a_13~7817_hr4_1624.tif | pred_pos=0 | gt_pos=379 | diff=379 (0.006) | lcc=0.006 | flagged=0
[15:08:12] DEBUG - 94202043_240504a_13~7817_hr4_1639.tif | pred_pos=0 | gt_pos=65536 | diff=65536 (1.000) | lcc=1.000 | flagged=1
[15:08:12] DEBUG - 94202043_240504a_13~7817_hr4_1708.tif | pred_pos=0 | gt_pos=5961 | diff=5961 (0.091) | lcc=0.091 | flagged=0
[15:08:12] DEBUG - 94202043_240504a_13~7817_hr4_1735.tif | pred_pos=0 | gt_pos=41063 | diff=41063 (0.627) | lcc=0.627 | flagged=1
[15:08:12] DEBUG - 94202043_240504a_13~7817_hr4_1744.tif | pred_pos=0 | gt_pos=32289 | diff=32289 (0.493) | lcc=0.493 | flagged=0
[15:08:12] DEBUG - 94202043_240504a_13~7817_hr4_1769.tif | pred_pos=0 | gt_pos=11668 | diff=11668 (0.178) | lcc=0.178 | flagged=0
[15:08:12] DEBUG - 94202043_240504a_13~7817_hr4_1771.tif | pred_pos=0 | gt_pos=9117 | diff=9117 (0.139) | lcc=0.139 | flagged=0
[15:08:12] DEBUG - 94202043_240504a_13~7817_hr4_1829.tif | pred_pos=0 | gt_pos=37286 | diff=37286 (0.569) | lcc=0.569 | flagged=1
[15:08:12] DEBUG - 94202043_240504a_13~7817_hr4_1834.tif | pred_pos=0 | gt_pos=10138 | diff=10138 (0.155) | lcc=0.155 | flagged=0
[15:08:12] DEBUG - 94202043_240504a_13~7817_hr4_1892.tif | pred_pos=0 | gt_pos=17906 | diff=17906 (0.273) | lcc=0.273 | flagged=0
[15:08:12] DEBUG - 94202043_240504a_13~7817_hr4_1910.tif | pred_pos=0 | gt_pos=26073 | diff=26073 (0.398) | lcc=0.398 | flagged=0
[15:08:12] DEBUG - 94202043_240504a_13~7817_hr4_1911.tif | pred_pos=0 | gt_pos=6195 | diff=6195 (0.095) | lcc=0.095 | flagged=0
[15:08:12] DEBUG - 94202043_240504a_13~7817_hr4_1940.tif | pred_pos=0 | gt_pos=0 | diff=0 (0.000) | lcc=0.000 | flagged=0
[15:08:12] DEBUG - 94202043_240504a_13~7817_hr4_2041.tif | pred_pos=0 | gt_pos=3354 | diff=3354 (0.051) | lcc=0.051 | flagged=0
[15:08:12] DEBUG - 94202043_240504a_13~7817_hr4_207.tif | pred_pos=0 | gt_pos=13309 | diff=13309 (0.203) | lcc=0.203 | flagged=0
[15:08:12] DEBUG - 94202043_240504a_13~7817_hr4_2088.tif | pred_pos=0 | gt_pos=13047 | diff=13047 (0.199) | lcc=0.199 | flagged=0
[15:08:12] DEBUG - 94202043_240504a_13~7817_hr4_211.tif | pred_pos=0 | gt_pos=24064 | diff=24064 (0.367) | lcc=0.367 | flagged=0
[15:08:12] DEBUG - 94202043_240504a_13~7817_hr4_2115.tif | pred_pos=0 | gt_pos=35575 | diff=35575 (0.543) | lcc=0.543 | flagged=1
[15:08:12] DEBUG - 94202043_240504a_13~7817_hr4_2116.tif | pred_pos=0 | gt_pos=43762 | diff=43762 (0.668) | lcc=0.668 | flagged=1
[15:08:12] DEBUG - 94202043_240504a_13~7817_hr4_2190.tif | pred_pos=0 | gt_pos=7667 | diff=7667 (0.117) | lcc=0.117 | flagged=0
[15:08:12] DEBUG - 94202043_240504a_13~7817_hr4_2335.tif | pred_pos=0 | gt_pos=5223 | diff=5223 (0.080) | lcc=0.080 | flagged=0
[15:08:12] DEBUG - 94202043_240504a_13~7817_hr4_2348.tif | pred_pos=0 | gt_pos=39933 | diff=39933 (0.609) | lcc=0.609 | flagged=1
[15:08:12] DEBUG - 94202043_240504a_13~7817_hr4_2394.tif | pred_pos=0 | gt_pos=3065 | diff=3065 (0.047) | lcc=0.047 | flagged=0
[15:08:12] DEBUG - 94202043_240504a_13~7817_hr4_247.tif | pred_pos=0 | gt_pos=30044 | diff=30044 (0.458) | lcc=0.458 | flagged=0
[15:08:12] DEBUG - 94202043_240504a_13~7817_hr4_2485.tif | pred_pos=0 | gt_pos=38035 | diff=38035 (0.580) | lcc=0.580 | flagged=1
[15:08:12] DEBUG - 94202043_240504a_13~7817_hr4_2558.tif | pred_pos=0 | gt_pos=64510 | diff=64510 (0.984) | lcc=0.984 | flagged=1
[15:08:12] DEBUG - 94202043_240504a_13~7817_hr4_2614.tif | pred_pos=0 | gt_pos=0 | diff=0 (0.000) | lcc=0.000 | flagged=0
[15:08:12] DEBUG - 94202043_240504a_13~7817_hr4_2733.tif | pred_pos=0 | gt_pos=23242 | diff=23242 (0.355) | lcc=0.355 | flagged=0
[15:08:12] DEBUG - 94202043_240504a_13~7817_hr4_2765.tif | pred_pos=0 | gt_pos=37624 | diff=37624 (0.574) | lcc=0.574 | flagged=1
[15:08:12] DEBUG - 94202043_240504a_13~7817_hr4_2769.tif | pred_pos=0 | gt_pos=1651 | diff=1651 (0.025) | lcc=0.025 | flagged=0
[15:08:12] DEBUG - 94202043_240504a_13~7817_hr4_2791.tif | pred_pos=0 | gt_pos=802 | diff=802 (0.012) | lcc=0.012 | flagged=0
[15:08:12] DEBUG - 94202043_240504a_13~7817_hr4_2868.tif | pred_pos=0 | gt_pos=6462 | diff=6462 (0.099) | lcc=0.099 | flagged=0
[15:08:12] DEBUG - 94202043_240504a_13~7817_hr4_291.tif | pred_pos=0 | gt_pos=57806 | diff=57806 (0.882) | lcc=0.818 | flagged=1
[15:08:13] DEBUG - 94202043_240504a_13~7817_hr4_2992.tif | pred_pos=0 | gt_pos=2595 | diff=2595 (0.040) | lcc=0.032 | flagged=0
[15:08:13] DEBUG - 94202043_240504a_13~7817_hr4_3020.tif | pred_pos=0 | gt_pos=13833 | diff=13833 (0.211) | lcc=0.211 | flagged=0
[15:08:13] DEBUG - 94202043_240504a_13~7817_hr4_3034.tif | pred_pos=0 | gt_pos=30370 | diff=30370 (0.463) | lcc=0.463 | flagged=0
[15:08:13] DEBUG - 94202043_240504a_13~7817_hr4_3074.tif | pred_pos=0 | gt_pos=39412 | diff=39412 (0.601) | lcc=0.601 | flagged=1
[15:08:13] DEBUG - 94202043_240504a_13~7817_hr4_3213.tif | pred_pos=0 | gt_pos=18233 | diff=18233 (0.278) | lcc=0.278 | flagged=0
[15:08:13] DEBUG - 94202043_240504a_13~7817_hr4_3244.tif | pred_pos=0 | gt_pos=28267 | diff=28267 (0.431) | lcc=0.431 | flagged=0
[15:08:13] DEBUG - 94202043_240504a_13~7817_hr4_3246.tif | pred_pos=0 | gt_pos=13033 | diff=13033 (0.199) | lcc=0.199 | flagged=0
[15:08:13] DEBUG - 94202043_240504a_13~7817_hr4_3255.tif | pred_pos=0 | gt_pos=40967 | diff=40967 (0.625) | lcc=0.625 | flagged=1
[15:08:13] DEBUG - 94202043_240504a_13~7817_hr4_3318.tif | pred_pos=0 | gt_pos=24027 | diff=24027 (0.367) | lcc=0.367 | flagged=0
[15:08:13] DEBUG - 94202043_240504a_13~7817_hr4_3327.tif | pred_pos=0 | gt_pos=27490 | diff=27490 (0.419) | lcc=0.419 | flagged=0
[15:08:13] DEBUG - 94202043_240504a_13~7817_hr4_3442.tif | pred_pos=0 | gt_pos=21343 | diff=21343 (0.326) | lcc=0.326 | flagged=0
[15:08:13] DEBUG - 94202043_240504a_13~7817_hr4_3467.tif | pred_pos=0 | gt_pos=12177 | diff=12177 (0.186) | lcc=0.186 | flagged=0
[15:08:13] DEBUG - 94202043_240504a_13~7817_hr4_3505.tif | pred_pos=0 | gt_pos=7283 | diff=7283 (0.111) | lcc=0.111 | flagged=0
[15:08:13] DEBUG - 94202043_240504a_13~7817_hr4_3542.tif | pred_pos=0 | gt_pos=21602 | diff=21602 (0.330) | lcc=0.330 | flagged=0
[15:08:13] DEBUG - 94202043_240504a_13~7817_hr4_3562.tif | pred_pos=0 | gt_pos=0 | diff=0 (0.000) | lcc=0.000 | flagged=0
[15:08:13] DEBUG - 94202043_240504a_13~7817_hr4_3596.tif | pred_pos=0 | gt_pos=6545 | diff=6545 (0.100) | lcc=0.100 | flagged=0
[15:08:13] DEBUG - 94202043_240504a_13~7817_hr4_3620.tif | pred_pos=0 | gt_pos=0 | diff=0 (0.000) | lcc=0.000 | flagged=0
[15:08:13] DEBUG - 94202043_240504a_13~7817_hr4_37.tif | pred_pos=0 | gt_pos=32549 | diff=32549 (0.497) | lcc=0.497 | flagged=0
[15:08:13] DEBUG - 94202043_240504a_13~7817_hr4_3733.tif | pred_pos=0 | gt_pos=0 | diff=0 (0.000) | lcc=0.000 | flagged=0
[15:08:13] DEBUG - 94202043_240504a_13~7817_hr4_3739.tif | pred_pos=0 | gt_pos=3328 | diff=3328 (0.051) | lcc=0.051 | flagged=0
[15:08:13] DEBUG - 94202043_240504a_13~7817_hr4_3893.tif | pred_pos=0 | gt_pos=143 | diff=143 (0.002) | lcc=0.002 | flagged=0
[15:08:13] DEBUG - 94202043_240504a_13~7817_hr4_3906.tif | pred_pos=0 | gt_pos=0 | diff=0 (0.000) | lcc=0.000 | flagged=0
[15:08:13] DEBUG - 94202043_240504a_13~7817_hr4_3979.tif | pred_pos=0 | gt_pos=7306 | diff=7306 (0.111) | lcc=0.111 | flagged=0
[15:08:13] DEBUG - 94202043_240504a_13~7817_hr4_3980.tif | pred_pos=0 | gt_pos=0 | diff=0 (0.000) | lcc=0.000 | flagged=0
[15:08:13] DEBUG - 94202043_240504a_13~7817_hr4_400.tif | pred_pos=0 | gt_pos=8995 | diff=8995 (0.137) | lcc=0.137 | flagged=0
[15:08:13] DEBUG - 94202043_240504a_13~7817_hr4_4042.tif | pred_pos=0 | gt_pos=52324 | diff=52324 (0.798) | lcc=0.798 | flagged=1
[15:08:13] DEBUG - 94202043_240504a_13~7817_hr4_4125.tif | pred_pos=0 | gt_pos=65536 | diff=65536 (1.000) | lcc=1.000 | flagged=1
[15:08:13] DEBUG - 94202043_240504a_13~7817_hr4_4142.tif | pred_pos=0 | gt_pos=23529 | diff=23529 (0.359) | lcc=0.359 | flagged=0
[15:08:13] DEBUG - 94202043_240504a_13~7817_hr4_4197.tif | pred_pos=0 | gt_pos=4953 | diff=4953 (0.076) | lcc=0.076 | flagged=0
[15:08:13] DEBUG - 94202043_240504a_13~7817_hr4_4214.tif | pred_pos=0 | gt_pos=9101 | diff=9101 (0.139) | lcc=0.139 | flagged=0
[15:08:13] DEBUG - 94202043_240504a_13~7817_hr4_4222.tif | pred_pos=0 | gt_pos=32810 | diff=32810 (0.501) | lcc=0.501 | flagged=1
[15:08:13] DEBUG - 94202043_240504a_13~7817_hr4_4360.tif | pred_pos=0 | gt_pos=27994 | diff=27994 (0.427) | lcc=0.362 | flagged=0
[15:08:13] DEBUG - 94202043_240504a_13~7817_hr4_4414.tif | pred_pos=0 | gt_pos=11814 | diff=11814 (0.180) | lcc=0.180 | flagged=0
[15:08:13] DEBUG - 94202043_240504a_13~7817_hr4_4434.tif | pred_pos=0 | gt_pos=23177 | diff=23177 (0.354) | lcc=0.354 | flagged=0
[15:08:13] DEBUG - 94202043_240504a_13~7817_hr4_4438.tif | pred_pos=0 | gt_pos=2853 | diff=2853 (0.044) | lcc=0.044 | flagged=0
[15:08:13] DEBUG - 94202043_240504a_13~7817_hr4_4515.tif | pred_pos=0 | gt_pos=22166 | diff=22166 (0.338) | lcc=0.338 | flagged=0
[15:08:13] DEBUG - 94202043_240504a_13~7817_hr4_4521.tif | pred_pos=0 | gt_pos=1640 | diff=1640 (0.025) | lcc=0.025 | flagged=0
[15:08:13] DEBUG - 94202043_240504a_13~7817_hr4_4524.tif | pred_pos=0 | gt_pos=38162 | diff=38162 (0.582) | lcc=0.582 | flagged=1
[15:08:13] DEBUG - 94202043_240504a_13~7817_hr4_4552.tif | pred_pos=0 | gt_pos=33045 | diff=33045 (0.504) | lcc=0.503 | flagged=1
[15:08:13] DEBUG - 94202043_240504a_13~7817_hr4_4625.tif | pred_pos=0 | gt_pos=14541 | diff=14541 (0.222) | lcc=0.222 | flagged=0
[15:08:13] DEBUG - 94202043_240504a_13~7817_hr4_4626.tif | pred_pos=0 | gt_pos=43174 | diff=43174 (0.659) | lcc=0.502 | flagged=1
[15:08:13] DEBUG - 94202043_240504a_13~7817_hr4_4722.tif | pred_pos=0 | gt_pos=16307 | diff=16307 (0.249) | lcc=0.249 | flagged=0
[15:08:13] DEBUG - 94202043_240504a_13~7817_hr4_4728.tif | pred_pos=0 | gt_pos=16327 | diff=16327 (0.249) | lcc=0.249 | flagged=0
[15:08:13] DEBUG - 94202043_240504a_13~7817_hr4_4793.tif | pred_pos=0 | gt_pos=44074 | diff=44074 (0.673) | lcc=0.673 | flagged=1
[15:08:13] DEBUG - 94202043_240504a_13~7817_hr4_4868.tif | pred_pos=0 | gt_pos=47805 | diff=47805 (0.729) | lcc=0.668 | flagged=1
[15:08:13] DEBUG - 94202043_240504a_13~7817_hr4_4869.tif | pred_pos=0 | gt_pos=46953 | diff=46953 (0.716) | lcc=0.613 | flagged=1
[15:08:13] DEBUG - 94202043_240504a_13~7817_hr4_4878.tif | pred_pos=0 | gt_pos=0 | diff=0 (0.000) | lcc=0.000 | flagged=0
[15:08:13] DEBUG - 94202043_240504a_13~7817_hr4_4933.tif | pred_pos=0 | gt_pos=10145 | diff=10145 (0.155) | lcc=0.155 | flagged=0
[15:08:13] DEBUG - 94202043_240504a_13~7817_hr4_4939.tif | pred_pos=0 | gt_pos=8815 | diff=8815 (0.135) | lcc=0.083 | flagged=0
[15:08:13] DEBUG - 94202043_240504a_13~7817_hr4_4942.tif | pred_pos=0 | gt_pos=30097 | diff=30097 (0.459) | lcc=0.262 | flagged=0
[15:08:13] DEBUG - 94202043_240504a_13~7817_hr4_4956.tif | pred_pos=0 | gt_pos=35428 | diff=35428 (0.541) | lcc=0.541 | flagged=1
[15:08:13] DEBUG - 94202043_240504a_13~7817_hr4_4981.tif | pred_pos=0 | gt_pos=198 | diff=198 (0.003) | lcc=0.003 | flagged=0
[15:08:13] DEBUG - 94202043_240504a_13~7817_hr4_5024.tif | pred_pos=0 | gt_pos=38717 | diff=38717 (0.591) | lcc=0.591 | flagged=1
[15:08:13] DEBUG - 94202043_240504a_13~7817_hr4_503.tif | pred_pos=0 | gt_pos=0 | diff=0 (0.000) | lcc=0.000 | flagged=0
[15:08:13] DEBUG - 94202043_240504a_13~7817_hr4_5084.tif | pred_pos=0 | gt_pos=55383 | diff=55383 (0.845) | lcc=0.845 | flagged=1
[15:08:13] DEBUG - 94202043_240504a_13~7817_hr4_5120.tif | pred_pos=0 | gt_pos=711 | diff=711 (0.011) | lcc=0.011 | flagged=0
[15:08:13] DEBUG - 94202043_240504a_13~7817_hr4_5126.tif | pred_pos=0 | gt_pos=21553 | diff=21553 (0.329) | lcc=0.329 | flagged=0
[15:08:13] DEBUG - 94202043_240504a_13~7817_hr4_5136.tif | pred_pos=0 | gt_pos=36069 | diff=36069 (0.550) | lcc=0.550 | flagged=1
[15:08:13] DEBUG - 94202043_240504a_13~7817_hr4_5149.tif | pred_pos=0 | gt_pos=18980 | diff=18980 (0.290) | lcc=0.290 | flagged=0
[15:08:13] DEBUG - 94202043_240504a_13~7817_hr4_5160.tif | pred_pos=0 | gt_pos=9933 | diff=9933 (0.152) | lcc=0.152 | flagged=0
[15:08:13] DEBUG - 94202043_240504a_13~7817_hr4_5174.tif | pred_pos=0 | gt_pos=29475 | diff=29475 (0.450) | lcc=0.450 | flagged=0
[15:08:13] DEBUG - 94202043_240504a_13~7817_hr4_5228.tif | pred_pos=0 | gt_pos=21442 | diff=21442 (0.327) | lcc=0.327 | flagged=0
[15:08:13] DEBUG - 94202043_240504a_13~7817_hr4_5270.tif | pred_pos=0 | gt_pos=24938 | diff=24938 (0.381) | lcc=0.381 | flagged=0
[15:08:13] DEBUG - 94202043_240504a_13~7817_hr4_5296.tif | pred_pos=0 | gt_pos=51475 | diff=51475 (0.785) | lcc=0.785 | flagged=1
[15:08:16] DEBUG - 94202043_240504a_13~7817_hr4_5376.tif | pred_pos=0 | gt_pos=11095 | diff=11095 (0.169) | lcc=0.169 | flagged=0
[15:08:16] DEBUG - 94202043_240504a_13~7817_hr4_5431.tif | pred_pos=0 | gt_pos=0 | diff=0 (0.000) | lcc=0.000 | flagged=0
[15:08:16] DEBUG - 94202043_240504a_13~7817_hr4_5460.tif | pred_pos=0 | gt_pos=27370 | diff=27370 (0.418) | lcc=0.418 | flagged=0
[15:08:16] DEBUG - 94202043_240504a_13~7817_hr4_5533.tif | pred_pos=0 | gt_pos=21106 | diff=21106 (0.322) | lcc=0.304 | flagged=0
[15:08:16] DEBUG - 94202043_240504a_13~7817_hr4_5544.tif | pred_pos=0 | gt_pos=29957 | diff=29957 (0.457) | lcc=0.457 | flagged=0
[15:08:16] DEBUG - 94202043_240504a_13~7817_hr4_559.tif | pred_pos=0 | gt_pos=50229 | diff=50229 (0.766) | lcc=0.766 | flagged=1
[15:08:16] DEBUG - 94202043_240504a_13~7817_hr4_5594.tif | pred_pos=0 | gt_pos=38691 | diff=38691 (0.590) | lcc=0.590 | flagged=1
[15:08:16] DEBUG - 94202043_240504a_13~7817_hr4_5636.tif | pred_pos=0 | gt_pos=29609 | diff=29609 (0.452) | lcc=0.452 | flagged=0
[15:08:16] DEBUG - 94202043_240504a_13~7817_hr4_5692.tif | pred_pos=0 | gt_pos=53792 | diff=53792 (0.821) | lcc=0.821 | flagged=1
[15:08:16] DEBUG - 94202043_240504a_13~7817_hr4_5708.tif | pred_pos=0 | gt_pos=10065 | diff=10065 (0.154) | lcc=0.154 | flagged=0
[15:08:16] DEBUG - 94202043_240504a_13~7817_hr4_5783.tif | pred_pos=0 | gt_pos=72 | diff=72 (0.001) | lcc=0.001 | flagged=0
[15:08:16] DEBUG - 94202043_240504a_13~7817_hr4_58.tif | pred_pos=0 | gt_pos=33711 | diff=33711 (0.514) | lcc=0.514 | flagged=1
[15:08:16] DEBUG - 94202043_240504a_13~7817_hr4_5818.tif | pred_pos=0 | gt_pos=0 | diff=0 (0.000) | lcc=0.000 | flagged=0
[15:08:16] DEBUG - 94202043_240504a_13~7817_hr4_598.tif | pred_pos=0 | gt_pos=20785 | diff=20785 (0.317) | lcc=0.317 | flagged=0
[15:08:16] DEBUG - 94202043_240504a_13~7817_hr4_625.tif | pred_pos=0 | gt_pos=49906 | diff=49906 (0.762) | lcc=0.762 | flagged=1
[15:08:16] DEBUG - 94202043_240504a_13~7817_hr4_634.tif | pred_pos=0 | gt_pos=9872 | diff=9872 (0.151) | lcc=0.151 | flagged=0
[15:08:16] DEBUG - 94202043_240504a_13~7817_hr4_637.tif | pred_pos=0 | gt_pos=0 | diff=0 (0.000) | lcc=0.000 | flagged=0
[15:08:16] DEBUG - 94202043_240504a_13~7817_hr4_649.tif | pred_pos=0 | gt_pos=52864 | diff=52864 (0.807) | lcc=0.807 | flagged=1
[15:08:16] DEBUG - 94202043_240504a_13~7817_hr4_66.tif | pred_pos=0 | gt_pos=42051 | diff=42051 (0.642) | lcc=0.642 | flagged=1
[15:08:16] DEBUG - 94202043_240504a_13~7817_hr4_663.tif | pred_pos=0 | gt_pos=51179 | diff=51179 (0.781) | lcc=0.781 | flagged=1
[15:08:16] DEBUG - 94202043_240504a_13~7817_hr4_701.tif | pred_pos=0 | gt_pos=34821 | diff=34821 (0.531) | lcc=0.531 | flagged=1
[15:08:16] DEBUG - 94202043_240504a_13~7817_hr4_773.tif | pred_pos=0 | gt_pos=40835 | diff=40835 (0.623) | lcc=0.623 | flagged=1
[15:08:16] DEBUG - 94202043_240504a_13~7817_hr4_775.tif | pred_pos=0 | gt_pos=36094 | diff=36094 (0.551) | lcc=0.551 | flagged=1
[15:08:16] DEBUG - 94202043_240504a_13~7817_hr4_802.tif | pred_pos=0 | gt_pos=9951 | diff=9951 (0.152) | lcc=0.152 | flagged=0
[15:08:16] DEBUG - 94202043_240504a_13~7817_hr4_807.tif | pred_pos=0 | gt_pos=4231 | diff=4231 (0.065) | lcc=0.065 | flagged=0
[15:08:16] DEBUG - 94202043_240504a_13~7817_hr4_813.tif | pred_pos=0 | gt_pos=33910 | diff=33910 (0.517) | lcc=0.517 | flagged=1
[15:08:16] DEBUG - 94202043_240504a_13~7817_hr4_819.tif | pred_pos=0 | gt_pos=4830 | diff=4830 (0.074) | lcc=0.065 | flagged=0
[15:08:16] DEBUG - 94202043_240504a_13~7817_hr4_821.tif | pred_pos=0 | gt_pos=2452 | diff=2452 (0.037) | lcc=0.037 | flagged=0
[15:08:16] DEBUG - 94202043_240504a_13~7817_hr4_849.tif | pred_pos=0 | gt_pos=34816 | diff=34816 (0.531) | lcc=0.531 | flagged=1
[15:08:16] DEBUG - 94202043_240504a_13~7817_hr4_958.tif | pred_pos=0 | gt_pos=23711 | diff=23711 (0.362) | lcc=0.362 | flagged=0
[15:08:16] DEBUG - 94202043_240504a_13~7817_hr4_965.tif | pred_pos=0 | gt_pos=45258 | diff=45258 (0.691) | lcc=0.691 | flagged=1
[15:08:16] DEBUG - 94202043_240504a_13~7817_hr4_969.tif | pred_pos=0 | gt_pos=571 | diff=571 (0.009) | lcc=0.009 | flagged=0
[15:08:16] DEBUG - 94202044_240504a_14~8074_hr4_10.tif | pred_pos=0 | gt_pos=44055 | diff=44055 (0.672) | lcc=0.672 | flagged=1
[15:08:16] DEBUG - 94202044_240504a_14~8074_hr4_1030.tif | pred_pos=0 | gt_pos=43711 | diff=43711 (0.667) | lcc=0.667 | flagged=1
[15:08:16] DEBUG - 94202044_240504a_14~8074_hr4_1051.tif | pred_pos=0 | gt_pos=12776 | diff=12776 (0.195) | lcc=0.192 | flagged=0
[15:08:16] DEBUG - 94202044_240504a_14~8074_hr4_1097.tif | pred_pos=0 | gt_pos=10199 | diff=10199 (0.156) | lcc=0.156 | flagged=0
[15:08:16] DEBUG - 94202044_240504a_14~8074_hr4_1106.tif | pred_pos=0 | gt_pos=26952 | diff=26952 (0.411) | lcc=0.411 | flagged=0
[15:08:16] DEBUG - 94202044_240504a_14~8074_hr4_1128.tif | pred_pos=0 | gt_pos=546 | diff=546 (0.008) | lcc=0.008 | flagged=0
[15:08:16] DEBUG - 94202044_240504a_14~8074_hr4_1130.tif | pred_pos=0 | gt_pos=49791 | diff=49791 (0.760) | lcc=0.760 | flagged=1
[15:08:16] DEBUG - 94202044_240504a_14~8074_hr4_1131.tif | pred_pos=0 | gt_pos=65536 | diff=65536 (1.000) | lcc=1.000 | flagged=1
[15:08:16] DEBUG - 94202044_240504a_14~8074_hr4_1153.tif | pred_pos=0 | gt_pos=23714 | diff=23714 (0.362) | lcc=0.362 | flagged=0
[15:08:16] DEBUG - 94202044_240504a_14~8074_hr4_116.tif | pred_pos=0 | gt_pos=15711 | diff=15711 (0.240) | lcc=0.240 | flagged=0
[15:08:16] DEBUG - 94202044_240504a_14~8074_hr4_1186.tif | pred_pos=0 | gt_pos=22171 | diff=22171 (0.338) | lcc=0.338 | flagged=0
[15:08:16] DEBUG - 94202044_240504a_14~8074_hr4_1204.tif | pred_pos=0 | gt_pos=59781 | diff=59781 (0.912) | lcc=0.912 | flagged=1
[15:08:16] DEBUG - 94202044_240504a_14~8074_hr4_1218.tif | pred_pos=0 | gt_pos=33828 | diff=33828 (0.516) | lcc=0.516 | flagged=1
[15:08:16] DEBUG - 94202044_240504a_14~8074_hr4_1247.tif | pred_pos=0 | gt_pos=4882 | diff=4882 (0.074) | lcc=0.074 | flagged=0
[15:08:16] DEBUG - 94202044_240504a_14~8074_hr4_1287.tif | pred_pos=0 | gt_pos=32319 | diff=32319 (0.493) | lcc=0.493 | flagged=0
[15:08:16] DEBUG - 94202044_240504a_14~8074_hr4_1289.tif | pred_pos=0 | gt_pos=460 | diff=460 (0.007) | lcc=0.007 | flagged=0
[15:08:16] DEBUG - 94202044_240504a_14~8074_hr4_1320.tif | pred_pos=0 | gt_pos=109 | diff=109 (0.002) | lcc=0.002 | flagged=0
[15:08:16] DEBUG - 94202044_240504a_14~8074_hr4_1321.tif | pred_pos=0 | gt_pos=32860 | diff=32860 (0.501) | lcc=0.501 | flagged=1
[15:08:16] DEBUG - 94202044_240504a_14~8074_hr4_1324.tif | pred_pos=0 | gt_pos=8491 | diff=8491 (0.130) | lcc=0.130 | flagged=0
[15:08:16] DEBUG - 94202044_240504a_14~8074_hr4_1332.tif | pred_pos=0 | gt_pos=15637 | diff=15637 (0.239) | lcc=0.239 | flagged=0
[15:08:16] DEBUG - 94202044_240504a_14~8074_hr4_1411.tif | pred_pos=0 | gt_pos=28950 | diff=28950 (0.442) | lcc=0.442 | flagged=0
[15:08:16] DEBUG - 94202044_240504a_14~8074_hr4_1414.tif | pred_pos=0 | gt_pos=27479 | diff=27479 (0.419) | lcc=0.419 | flagged=0
[15:08:16] DEBUG - 94202044_240504a_14~8074_hr4_1433.tif | pred_pos=0 | gt_pos=4334 | diff=4334 (0.066) | lcc=0.066 | flagged=0
[15:08:16] DEBUG - 94202044_240504a_14~8074_hr4_150.tif | pred_pos=0 | gt_pos=33484 | diff=33484 (0.511) | lcc=0.371 | flagged=0
[15:08:16] DEBUG - 94202044_240504a_14~8074_hr4_1503.tif | pred_pos=0 | gt_pos=6 | diff=6 (0.000) | lcc=0.000 | flagged=0
[15:08:16] DEBUG - 94202044_240504a_14~8074_hr4_151.tif | pred_pos=0 | gt_pos=44603 | diff=44603 (0.681) | lcc=0.557 | flagged=1
[15:08:16] DEBUG - 94202044_240504a_14~8074_hr4_153.tif | pred_pos=0 | gt_pos=2484 | diff=2484 (0.038) | lcc=0.038 | flagged=0
[15:08:16] DEBUG - 94202044_240504a_14~8074_hr4_155.tif | pred_pos=0 | gt_pos=4754 | diff=4754 (0.073) | lcc=0.073 | flagged=0
[15:08:16] DEBUG - 94202044_240504a_14~8074_hr4_1554.tif | pred_pos=0 | gt_pos=2632 | diff=2632 (0.040) | lcc=0.029 | flagged=0
[15:08:16] DEBUG - 94202044_240504a_14~8074_hr4_1565.tif | pred_pos=0 | gt_pos=27 | diff=27 (0.000) | lcc=0.000 | flagged=0
[15:08:16] DEBUG - 94202044_240504a_14~8074_hr4_1579.tif | pred_pos=0 | gt_pos=12246 | diff=12246 (0.187) | lcc=0.187 | flagged=0
[15:08:16] DEBUG - 94202044_240504a_14~8074_hr4_16.tif | pred_pos=0 | gt_pos=52967 | diff=52967 (0.808) | lcc=0.808 | flagged=1
[15:08:17] DEBUG - 94202044_240504a_14~8074_hr4_1686.tif | pred_pos=0 | gt_pos=56857 | diff=56857 (0.868) | lcc=0.868 | flagged=1
[15:08:17] DEBUG - 94202044_240504a_14~8074_hr4_1713.tif | pred_pos=0 | gt_pos=41385 | diff=41385 (0.631) | lcc=0.631 | flagged=1
[15:08:17] DEBUG - 94202044_240504a_14~8074_hr4_1739.tif | pred_pos=0 | gt_pos=9601 | diff=9601 (0.146) | lcc=0.146 | flagged=0
[15:08:17] DEBUG - 94202044_240504a_14~8074_hr4_1762.tif | pred_pos=0 | gt_pos=20161 | diff=20161 (0.308) | lcc=0.308 | flagged=0
[15:08:17] DEBUG - 94202044_240504a_14~8074_hr4_1779.tif | pred_pos=0 | gt_pos=61922 | diff=61922 (0.945) | lcc=0.945 | flagged=1
[15:08:17] DEBUG - 94202044_240504a_14~8074_hr4_1787.tif | pred_pos=0 | gt_pos=37728 | diff=37728 (0.576) | lcc=0.576 | flagged=1
[15:08:17] DEBUG - 94202044_240504a_14~8074_hr4_1803.tif | pred_pos=0 | gt_pos=5778 | diff=5778 (0.088) | lcc=0.088 | flagged=0
[15:08:17] DEBUG - 94202044_240504a_14~8074_hr4_1805.tif | pred_pos=0 | gt_pos=48332 | diff=48332 (0.737) | lcc=0.372 | flagged=0
[15:08:17] DEBUG - 94202044_240504a_14~8074_hr4_1836.tif | pred_pos=0 | gt_pos=14402 | diff=14402 (0.220) | lcc=0.220 | flagged=0
[15:08:17] DEBUG - 94202044_240504a_14~8074_hr4_186.tif | pred_pos=0 | gt_pos=46165 | diff=46165 (0.704) | lcc=0.704 | flagged=1
[15:08:17] DEBUG - 94202044_240504a_14~8074_hr4_1871.tif | pred_pos=0 | gt_pos=10 | diff=10 (0.000) | lcc=0.000 | flagged=0
[15:08:17] DEBUG - 94202044_240504a_14~8074_hr4_1878.tif | pred_pos=0 | gt_pos=65536 | diff=65536 (1.000) | lcc=1.000 | flagged=1
[15:08:17] DEBUG - 94202044_240504a_14~8074_hr4_188.tif | pred_pos=0 | gt_pos=12922 | diff=12922 (0.197) | lcc=0.197 | flagged=0
[15:08:17] DEBUG - 94202044_240504a_14~8074_hr4_1951.tif | pred_pos=0 | gt_pos=51305 | diff=51305 (0.783) | lcc=0.783 | flagged=1
[15:08:17] DEBUG - 94202044_240504a_14~8074_hr4_1974.tif | pred_pos=0 | gt_pos=40450 | diff=40450 (0.617) | lcc=0.617 | flagged=1
[15:08:17] DEBUG - 94202044_240504a_14~8074_hr4_1984.tif | pred_pos=0 | gt_pos=21579 | diff=21579 (0.329) | lcc=0.289 | flagged=0
[15:08:17] DEBUG - 94202044_240504a_14~8074_hr4_2010.tif | pred_pos=0 | gt_pos=49131 | diff=49131 (0.750) | lcc=0.750 | flagged=1
[15:08:17] DEBUG - 94202044_240504a_14~8074_hr4_2049.tif | pred_pos=0 | gt_pos=157 | diff=157 (0.002) | lcc=0.002 | flagged=0
[15:08:17] DEBUG - 94202044_240504a_14~8074_hr4_2080.tif | pred_pos=0 | gt_pos=1493 | diff=1493 (0.023) | lcc=0.023 | flagged=0
[15:08:17] DEBUG - 94202044_240504a_14~8074_hr4_2094.tif | pred_pos=0 | gt_pos=24864 | diff=24864 (0.379) | lcc=0.379 | flagged=0
[15:08:17] DEBUG - 94202044_240504a_14~8074_hr4_2171.tif | pred_pos=0 | gt_pos=33104 | diff=33104 (0.505) | lcc=0.505 | flagged=1
[15:08:17] DEBUG - 94202044_240504a_14~8074_hr4_2192.tif | pred_pos=0 | gt_pos=39645 | diff=39645 (0.605) | lcc=0.605 | flagged=1
[15:08:17] DEBUG - 94202044_240504a_14~8074_hr4_2205.tif | pred_pos=0 | gt_pos=18929 | diff=18929 (0.289) | lcc=0.289 | flagged=0
[15:08:17] DEBUG - 94202044_240504a_14~8074_hr4_222.tif | pred_pos=0 | gt_pos=65536 | diff=65536 (1.000) | lcc=1.000 | flagged=1
[15:08:17] DEBUG - 94202044_240504a_14~8074_hr4_2249.tif | pred_pos=0 | gt_pos=39399 | diff=39399 (0.601) | lcc=0.601 | flagged=1
[15:08:17] DEBUG - 94202044_240504a_14~8074_hr4_226.tif | pred_pos=0 | gt_pos=17926 | diff=17926 (0.274) | lcc=0.274 | flagged=0
[15:08:17] DEBUG - 94202044_240504a_14~8074_hr4_2265.tif | pred_pos=0 | gt_pos=65536 | diff=65536 (1.000) | lcc=1.000 | flagged=1
[15:08:17] DEBUG - 94202044_240504a_14~8074_hr4_2283.tif | pred_pos=0 | gt_pos=55769 | diff=55769 (0.851) | lcc=0.851 | flagged=1
[15:08:17] DEBUG - 94202044_240504a_14~8074_hr4_230.tif | pred_pos=0 | gt_pos=65536 | diff=65536 (1.000) | lcc=1.000 | flagged=1
[15:08:17] DEBUG - 94202044_240504a_14~8074_hr4_2304.tif | pred_pos=0 | gt_pos=9440 | diff=9440 (0.144) | lcc=0.102 | flagged=0
[15:08:17] DEBUG - 94202044_240504a_14~8074_hr4_2305.tif | pred_pos=0 | gt_pos=65536 | diff=65536 (1.000) | lcc=1.000 | flagged=1
[15:08:17] DEBUG - 94202044_240504a_14~8074_hr4_2307.tif | pred_pos=0 | gt_pos=29639 | diff=29639 (0.452) | lcc=0.292 | flagged=0
[15:08:17] DEBUG - 94202044_240504a_14~8074_hr4_231.tif | pred_pos=0 | gt_pos=65536 | diff=65536 (1.000) | lcc=1.000 | flagged=1
[15:08:17] DEBUG - 94202044_240504a_14~8074_hr4_232.tif | pred_pos=0 | gt_pos=65536 | diff=65536 (1.000) | lcc=1.000 | flagged=1
[15:08:17] DEBUG - 94202044_240504a_14~8074_hr4_2376.tif | pred_pos=0 | gt_pos=26484 | diff=26484 (0.404) | lcc=0.404 | flagged=0
[15:08:17] DEBUG - 94202044_240504a_14~8074_hr4_2381.tif | pred_pos=0 | gt_pos=23201 | diff=23201 (0.354) | lcc=0.354 | flagged=0
[15:08:17] DEBUG - 94202044_240504a_14~8074_hr4_2388.tif | pred_pos=0 | gt_pos=65536 | diff=65536 (1.000) | lcc=1.000 | flagged=1
[15:08:17] DEBUG - 94202044_240504a_14~8074_hr4_243.tif | pred_pos=0 | gt_pos=8295 | diff=8295 (0.127) | lcc=0.127 | flagged=0
[15:08:17] DEBUG - 94202044_240504a_14~8074_hr4_2463.tif | pred_pos=0 | gt_pos=13128 | diff=13128 (0.200) | lcc=0.200 | flagged=0
[15:08:17] DEBUG - 94202044_240504a_14~8074_hr4_2475.tif | pred_pos=0 | gt_pos=38565 | diff=38565 (0.588) | lcc=0.588 | flagged=1
[15:08:17] DEBUG - 94202044_240504a_14~8074_hr4_2498.tif | pred_pos=0 | gt_pos=970 | diff=970 (0.015) | lcc=0.015 | flagged=0
[15:08:17] DEBUG - 94202044_240504a_14~8074_hr4_2499.tif | pred_pos=0 | gt_pos=23641 | diff=23641 (0.361) | lcc=0.361 | flagged=0
[15:08:17] DEBUG - 94202044_240504a_14~8074_hr4_2547.tif | pred_pos=0 | gt_pos=28185 | diff=28185 (0.430) | lcc=0.430 | flagged=0
[15:08:17] DEBUG - 94202044_240504a_14~8074_hr4_2549.tif | pred_pos=0 | gt_pos=27603 | diff=27603 (0.421) | lcc=0.421 | flagged=0
[15:08:17] DEBUG - 94202044_240504a_14~8074_hr4_256.tif | pred_pos=0 | gt_pos=24238 | diff=24238 (0.370) | lcc=0.370 | flagged=0
[15:08:17] DEBUG - 94202044_240504a_14~8074_hr4_2574.tif | pred_pos=0 | gt_pos=62766 | diff=62766 (0.958) | lcc=0.958 | flagged=1
[15:08:17] DEBUG - 94202044_240504a_14~8074_hr4_2593.tif | pred_pos=0 | gt_pos=44135 | diff=44135 (0.673) | lcc=0.673 | flagged=1
[15:08:17] DEBUG - 94202044_240504a_14~8074_hr4_2614.tif | pred_pos=0 | gt_pos=65536 | diff=65536 (1.000) | lcc=1.000 | flagged=1
[15:08:17] DEBUG - 94202044_240504a_14~8074_hr4_263.tif | pred_pos=0 | gt_pos=47234 | diff=47234 (0.721) | lcc=0.721 | flagged=1
[15:08:17] DEBUG - 94202044_240504a_14~8074_hr4_2639.tif | pred_pos=0 | gt_pos=2745 | diff=2745 (0.042) | lcc=0.042 | flagged=0
[15:08:17] DEBUG - 94202044_240504a_14~8074_hr4_2645.tif | pred_pos=0 | gt_pos=46458 | diff=46458 (0.709) | lcc=0.709 | flagged=1
[15:08:17] DEBUG - 94202044_240504a_14~8074_hr4_2646.tif | pred_pos=0 | gt_pos=52313 | diff=52313 (0.798) | lcc=0.798 | flagged=1
[15:08:17] DEBUG - 94202044_240504a_14~8074_hr4_2668.tif | pred_pos=0 | gt_pos=5841 | diff=5841 (0.089) | lcc=0.089 | flagged=0
[15:08:17] DEBUG - 94202044_240504a_14~8074_hr4_2692.tif | pred_pos=0 | gt_pos=53215 | diff=53215 (0.812) | lcc=0.812 | flagged=1
[15:08:17] DEBUG - 94202044_240504a_14~8074_hr4_2758.tif | pred_pos=0 | gt_pos=56929 | diff=56929 (0.869) | lcc=0.869 | flagged=1
[15:08:17] DEBUG - 94202044_240504a_14~8074_hr4_2760.tif | pred_pos=0 | gt_pos=26981 | diff=26981 (0.412) | lcc=0.412 | flagged=0
[15:08:17] DEBUG - 94202044_240504a_14~8074_hr4_2761.tif | pred_pos=0 | gt_pos=16934 | diff=16934 (0.258) | lcc=0.258 | flagged=0
[15:08:17] DEBUG - 94202044_240504a_14~8074_hr4_2786.tif | pred_pos=0 | gt_pos=1988 | diff=1988 (0.030) | lcc=0.030 | flagged=0
[15:08:17] DEBUG - 94202044_240504a_14~8074_hr4_2789.tif | pred_pos=0 | gt_pos=60285 | diff=60285 (0.920) | lcc=0.920 | flagged=1
[15:08:17] DEBUG - 94202044_240504a_14~8074_hr4_2820.tif | pred_pos=0 | gt_pos=24552 | diff=24552 (0.375) | lcc=0.375 | flagged=0
[15:08:17] DEBUG - 94202044_240504a_14~8074_hr4_2848.tif | pred_pos=0 | gt_pos=17068 | diff=17068 (0.260) | lcc=0.260 | flagged=0
[15:08:17] DEBUG - 94202044_240504a_14~8074_hr4_2872.tif | pred_pos=0 | gt_pos=3 | diff=3 (0.000) | lcc=0.000 | flagged=0
[15:08:17] DEBUG - 94202044_240504a_14~8074_hr4_2877.tif | pred_pos=0 | gt_pos=32553 | diff=32553 (0.497) | lcc=0.497 | flagged=0
[15:08:17] DEBUG - 94202044_240504a_14~8074_hr4_2900.tif | pred_pos=0 | gt_pos=43446 | diff=43446 (0.663) | lcc=0.663 | flagged=1
[15:08:20] DEBUG - 94202044_240504a_14~8074_hr4_2906.tif | pred_pos=0 | gt_pos=55928 | diff=55928 (0.853) | lcc=0.853 | flagged=1
[15:08:20] DEBUG - 94202044_240504a_14~8074_hr4_3015.tif | pred_pos=0 | gt_pos=17703 | diff=17703 (0.270) | lcc=0.270 | flagged=0
[15:08:20] DEBUG - 94202044_240504a_14~8074_hr4_3047.tif | pred_pos=0 | gt_pos=6039 | diff=6039 (0.092) | lcc=0.092 | flagged=0
[15:08:20] DEBUG - 94202044_240504a_14~8074_hr4_3079.tif | pred_pos=0 | gt_pos=15861 | diff=15861 (0.242) | lcc=0.242 | flagged=0
[15:08:20] DEBUG - 94202044_240504a_14~8074_hr4_3080.tif | pred_pos=0 | gt_pos=65536 | diff=65536 (1.000) | lcc=1.000 | flagged=1
[15:08:20] DEBUG - 94202044_240504a_14~8074_hr4_3094.tif | pred_pos=0 | gt_pos=27051 | diff=27051 (0.413) | lcc=0.413 | flagged=0
[15:08:20] DEBUG - 94202044_240504a_14~8074_hr4_3122.tif | pred_pos=0 | gt_pos=8727 | diff=8727 (0.133) | lcc=0.133 | flagged=0
[15:08:20] DEBUG - 94202044_240504a_14~8074_hr4_3123.tif | pred_pos=0 | gt_pos=3169 | diff=3169 (0.048) | lcc=0.048 | flagged=0
[15:08:20] DEBUG - 94202044_240504a_14~8074_hr4_3135.tif | pred_pos=0 | gt_pos=41615 | diff=41615 (0.635) | lcc=0.635 | flagged=1
[15:08:20] DEBUG - 94202044_240504a_14~8074_hr4_3154.tif | pred_pos=0 | gt_pos=65536 | diff=65536 (1.000) | lcc=1.000 | flagged=1
[15:08:20] DEBUG - 94202044_240504a_14~8074_hr4_3164.tif | pred_pos=0 | gt_pos=18529 | diff=18529 (0.283) | lcc=0.279 | flagged=0
[15:08:20] DEBUG - 94202044_240504a_14~8074_hr4_3189.tif | pred_pos=0 | gt_pos=28928 | diff=28928 (0.441) | lcc=0.441 | flagged=0
[15:08:20] DEBUG - 94202044_240504a_14~8074_hr4_3205.tif | pred_pos=0 | gt_pos=9650 | diff=9650 (0.147) | lcc=0.147 | flagged=0
[15:08:20] DEBUG - 94202044_240504a_14~8074_hr4_3225.tif | pred_pos=0 | gt_pos=19767 | diff=19767 (0.302) | lcc=0.302 | flagged=0
[15:08:20] DEBUG - 94202044_240504a_14~8074_hr4_323.tif | pred_pos=0 | gt_pos=57597 | diff=57597 (0.879) | lcc=0.877 | flagged=1
[15:08:20] DEBUG - 94202044_240504a_14~8074_hr4_3247.tif | pred_pos=0 | gt_pos=44754 | diff=44754 (0.683) | lcc=0.683 | flagged=1
[15:08:20] DEBUG - 94202044_240504a_14~8074_hr4_3251.tif | pred_pos=0 | gt_pos=38571 | diff=38571 (0.589) | lcc=0.589 | flagged=1
[15:08:20] DEBUG - 94202044_240504a_14~8074_hr4_3260.tif | pred_pos=0 | gt_pos=12973 | diff=12973 (0.198) | lcc=0.198 | flagged=0
[15:08:20] DEBUG - 94202044_240504a_14~8074_hr4_3271.tif | pred_pos=0 | gt_pos=21923 | diff=21923 (0.335) | lcc=0.335 | flagged=0
[15:08:20] DEBUG - 94202044_240504a_14~8074_hr4_3272.tif | pred_pos=0 | gt_pos=23614 | diff=23614 (0.360) | lcc=0.360 | flagged=0
[15:08:20] DEBUG - 94202044_240504a_14~8074_hr4_3294.tif | pred_pos=0 | gt_pos=14920 | diff=14920 (0.228) | lcc=0.228 | flagged=0
[15:08:20] DEBUG - 94202044_240504a_14~8074_hr4_33.tif | pred_pos=0 | gt_pos=37435 | diff=37435 (0.571) | lcc=0.571 | flagged=1
[15:08:20] DEBUG - 94202044_240504a_14~8074_hr4_3305.tif | pred_pos=0 | gt_pos=35654 | diff=35654 (0.544) | lcc=0.544 | flagged=1
[15:08:20] DEBUG - 94202044_240504a_14~8074_hr4_3311.tif | pred_pos=0 | gt_pos=45524 | diff=45524 (0.695) | lcc=0.695 | flagged=1
[15:08:20] DEBUG - 94202044_240504a_14~8074_hr4_3372.tif | pred_pos=0 | gt_pos=51509 | diff=51509 (0.786) | lcc=0.786 | flagged=1
[15:08:20] DEBUG - 94202044_240504a_14~8074_hr4_3386.tif | pred_pos=0 | gt_pos=10382 | diff=10382 (0.158) | lcc=0.158 | flagged=0
[15:08:20] DEBUG - 94202044_240504a_14~8074_hr4_3442.tif | pred_pos=0 | gt_pos=46787 | diff=46787 (0.714) | lcc=0.710 | flagged=1
[15:08:20] DEBUG - 94202044_240504a_14~8074_hr4_3454.tif | pred_pos=0 | gt_pos=9062 | diff=9062 (0.138) | lcc=0.138 | flagged=0
[15:08:20] DEBUG - 94202044_240504a_14~8074_hr4_3497.tif | pred_pos=0 | gt_pos=26609 | diff=26609 (0.406) | lcc=0.406 | flagged=0
[15:08:20] DEBUG - 94202044_240504a_14~8074_hr4_3499.tif | pred_pos=0 | gt_pos=35099 | diff=35099 (0.536) | lcc=0.536 | flagged=1
[15:08:20] DEBUG - 94202044_240504a_14~8074_hr4_3500.tif | pred_pos=0 | gt_pos=4098 | diff=4098 (0.063) | lcc=0.063 | flagged=0
[15:08:20] DEBUG - 94202044_240504a_14~8074_hr4_3509.tif | pred_pos=0 | gt_pos=27923 | diff=27923 (0.426) | lcc=0.426 | flagged=0
[15:08:20] DEBUG - 94202044_240504a_14~8074_hr4_3511.tif | pred_pos=0 | gt_pos=5175 | diff=5175 (0.079) | lcc=0.079 | flagged=0
[15:08:20] DEBUG - 94202044_240504a_14~8074_hr4_3526.tif | pred_pos=0 | gt_pos=6707 | diff=6707 (0.102) | lcc=0.102 | flagged=0
[15:08:20] DEBUG - 94202044_240504a_14~8074_hr4_3528.tif | pred_pos=0 | gt_pos=496 | diff=496 (0.008) | lcc=0.008 | flagged=0
[15:08:20] DEBUG - 94202044_240504a_14~8074_hr4_3529.tif | pred_pos=0 | gt_pos=9844 | diff=9844 (0.150) | lcc=0.150 | flagged=0
[15:08:20] DEBUG - 94202044_240504a_14~8074_hr4_3530.tif | pred_pos=0 | gt_pos=1018 | diff=1018 (0.016) | lcc=0.016 | flagged=0
[15:08:20] DEBUG - 94202044_240504a_14~8074_hr4_3564.tif | pred_pos=0 | gt_pos=4448 | diff=4448 (0.068) | lcc=0.036 | flagged=0
[15:08:20] DEBUG - 94202044_240504a_14~8074_hr4_3591.tif | pred_pos=0 | gt_pos=2872 | diff=2872 (0.044) | lcc=0.044 | flagged=0
[15:08:20] DEBUG - 94202044_240504a_14~8074_hr4_3601.tif | pred_pos=0 | gt_pos=41712 | diff=41712 (0.636) | lcc=0.636 | flagged=1
[15:08:20] DEBUG - 94202044_240504a_14~8074_hr4_3607.tif | pred_pos=0 | gt_pos=1545 | diff=1545 (0.024) | lcc=0.024 | flagged=0
[15:08:20] DEBUG - 94202044_240504a_14~8074_hr4_3612.tif | pred_pos=0 | gt_pos=26982 | diff=26982 (0.412) | lcc=0.412 | flagged=0
[15:08:20] DEBUG - 94202044_240504a_14~8074_hr4_3674.tif | pred_pos=0 | gt_pos=16200 | diff=16200 (0.247) | lcc=0.247 | flagged=0
[15:08:20] DEBUG - 94202044_240504a_14~8074_hr4_3712.tif | pred_pos=0 | gt_pos=58907 | diff=58907 (0.899) | lcc=0.899 | flagged=1
[15:08:20] DEBUG - 94202044_240504a_14~8074_hr4_3713.tif | pred_pos=0 | gt_pos=36 | diff=36 (0.001) | lcc=0.001 | flagged=0
[15:08:20] DEBUG - 94202044_240504a_14~8074_hr4_3798.tif | pred_pos=0 | gt_pos=18431 | diff=18431 (0.281) | lcc=0.182 | flagged=0
[15:08:20] DEBUG - 94202044_240504a_14~8074_hr4_3819.tif | pred_pos=0 | gt_pos=40700 | diff=40700 (0.621) | lcc=0.621 | flagged=1
[15:08:20] DEBUG - 94202044_240504a_14~8074_hr4_3828.tif | pred_pos=0 | gt_pos=20341 | diff=20341 (0.310) | lcc=0.310 | flagged=0
[15:08:20] DEBUG - 94202044_240504a_14~8074_hr4_3865.tif | pred_pos=0 | gt_pos=13649 | diff=13649 (0.208) | lcc=0.208 | flagged=0
[15:08:20] DEBUG - 94202044_240504a_14~8074_hr4_3891.tif | pred_pos=0 | gt_pos=10210 | diff=10210 (0.156) | lcc=0.156 | flagged=0
[15:08:20] DEBUG - 94202044_240504a_14~8074_hr4_3899.tif | pred_pos=0 | gt_pos=51380 | diff=51380 (0.784) | lcc=0.784 | flagged=1
[15:08:20] DEBUG - 94202044_240504a_14~8074_hr4_397.tif | pred_pos=0 | gt_pos=58903 | diff=58903 (0.899) | lcc=0.896 | flagged=1
[15:08:20] DEBUG - 94202044_240504a_14~8074_hr4_400.tif | pred_pos=0 | gt_pos=19970 | diff=19970 (0.305) | lcc=0.305 | flagged=0
[15:08:20] DEBUG - 94202044_240504a_14~8074_hr4_4019.tif | pred_pos=0 | gt_pos=27175 | diff=27175 (0.415) | lcc=0.415 | flagged=0
[15:08:20] DEBUG - 94202044_240504a_14~8074_hr4_4037.tif | pred_pos=0 | gt_pos=19826 | diff=19826 (0.303) | lcc=0.303 | flagged=0
[15:08:20] DEBUG - 94202044_240504a_14~8074_hr4_4055.tif | pred_pos=0 | gt_pos=34037 | diff=34037 (0.519) | lcc=0.519 | flagged=1
[15:08:20] DEBUG - 94202044_240504a_14~8074_hr4_4092.tif | pred_pos=0 | gt_pos=38998 | diff=38998 (0.595) | lcc=0.476 | flagged=0
[15:08:20] DEBUG - 94202044_240504a_14~8074_hr4_4120.tif | pred_pos=0 | gt_pos=30676 | diff=30676 (0.468) | lcc=0.468 | flagged=0
[15:08:20] DEBUG - 94202044_240504a_14~8074_hr4_4140.tif | pred_pos=0 | gt_pos=29550 | diff=29550 (0.451) | lcc=0.451 | flagged=0
[15:08:20] DEBUG - 94202044_240504a_14~8074_hr4_4295.tif | pred_pos=0 | gt_pos=34192 | diff=34192 (0.522) | lcc=0.522 | flagged=1
[15:08:20] DEBUG - 94202044_240504a_14~8074_hr4_4314.tif | pred_pos=0 | gt_pos=476 | diff=476 (0.007) | lcc=0.007 | flagged=0
[15:08:20] DEBUG - 94202044_240504a_14~8074_hr4_4315.tif | pred_pos=0 | gt_pos=39224 | diff=39224 (0.599) | lcc=0.599 | flagged=1
[15:08:20] DEBUG - 94202044_240504a_14~8074_hr4_4410.tif | pred_pos=0 | gt_pos=44093 | diff=44093 (0.673) | lcc=0.673 | flagged=1
[15:08:20] DEBUG - 94202044_240504a_14~8074_hr4_4420.tif | pred_pos=0 | gt_pos=670 | diff=670 (0.010) | lcc=0.010 | flagged=0
[15:08:21] DEBUG - 94202044_240504a_14~8074_hr4_4427.tif | pred_pos=0 | gt_pos=9965 | diff=9965 (0.152) | lcc=0.152 | flagged=0
[15:08:21] DEBUG - 94202044_240504a_14~8074_hr4_4439.tif | pred_pos=0 | gt_pos=712 | diff=712 (0.011) | lcc=0.011 | flagged=0
[15:08:21] DEBUG - 94202044_240504a_14~8074_hr4_4462.tif | pred_pos=0 | gt_pos=6839 | diff=6839 (0.104) | lcc=0.064 | flagged=0
[15:08:21] DEBUG - 94202044_240504a_14~8074_hr4_448.tif | pred_pos=0 | gt_pos=9367 | diff=9367 (0.143) | lcc=0.143 | flagged=0
[15:08:21] DEBUG - 94202044_240504a_14~8074_hr4_4487.tif | pred_pos=0 | gt_pos=28669 | diff=28669 (0.437) | lcc=0.437 | flagged=0
[15:08:21] DEBUG - 94202044_240504a_14~8074_hr4_4500.tif | pred_pos=0 | gt_pos=59830 | diff=59830 (0.913) | lcc=0.913 | flagged=1
[15:08:21] DEBUG - 94202044_240504a_14~8074_hr4_4530.tif | pred_pos=0 | gt_pos=3538 | diff=3538 (0.054) | lcc=0.054 | flagged=0
[15:08:21] DEBUG - 94202044_240504a_14~8074_hr4_4537.tif | pred_pos=0 | gt_pos=65536 | diff=65536 (1.000) | lcc=1.000 | flagged=1
[15:08:21] DEBUG - 94202044_240504a_14~8074_hr4_4538.tif | pred_pos=0 | gt_pos=11350 | diff=11350 (0.173) | lcc=0.173 | flagged=0
[15:08:21] DEBUG - 94202044_240504a_14~8074_hr4_4625.tif | pred_pos=0 | gt_pos=53888 | diff=53888 (0.822) | lcc=0.822 | flagged=1
[15:08:21] DEBUG - 94202044_240504a_14~8074_hr4_4631.tif | pred_pos=0 | gt_pos=33537 | diff=33537 (0.512) | lcc=0.512 | flagged=1
[15:08:21] DEBUG - 94202044_240504a_14~8074_hr4_4657.tif | pred_pos=0 | gt_pos=65536 | diff=65536 (1.000) | lcc=1.000 | flagged=1
[15:08:21] DEBUG - 94202044_240504a_14~8074_hr4_4659.tif | pred_pos=0 | gt_pos=3608 | diff=3608 (0.055) | lcc=0.055 | flagged=0
[15:08:21] DEBUG - 94202044_240504a_14~8074_hr4_4686.tif | pred_pos=0 | gt_pos=15 | diff=15 (0.000) | lcc=0.000 | flagged=0
[15:08:21] DEBUG - 94202044_240504a_14~8074_hr4_4754.tif | pred_pos=0 | gt_pos=13645 | diff=13645 (0.208) | lcc=0.208 | flagged=0
[15:08:21] DEBUG - 94202044_240504a_14~8074_hr4_4769.tif | pred_pos=0 | gt_pos=36804 | diff=36804 (0.562) | lcc=0.562 | flagged=1
[15:08:21] DEBUG - 94202044_240504a_14~8074_hr4_4772.tif | pred_pos=0 | gt_pos=37591 | diff=37591 (0.574) | lcc=0.550 | flagged=1
[15:08:21] DEBUG - 94202044_240504a_14~8074_hr4_4779.tif | pred_pos=0 | gt_pos=41040 | diff=41040 (0.626) | lcc=0.626 | flagged=1
[15:08:21] DEBUG - 94202044_240504a_14~8074_hr4_4816.tif | pred_pos=0 | gt_pos=20525 | diff=20525 (0.313) | lcc=0.313 | flagged=0
[15:08:21] DEBUG - 94202044_240504a_14~8074_hr4_4841.tif | pred_pos=0 | gt_pos=27218 | diff=27218 (0.415) | lcc=0.415 | flagged=0
[15:08:21] DEBUG - 94202044_240504a_14~8074_hr4_4846.tif | pred_pos=0 | gt_pos=65536 | diff=65536 (1.000) | lcc=1.000 | flagged=1
[15:08:21] DEBUG - 94202044_240504a_14~8074_hr4_4848.tif | pred_pos=0 | gt_pos=22809 | diff=22809 (0.348) | lcc=0.348 | flagged=0
[15:08:21] DEBUG - 94202044_240504a_14~8074_hr4_4854.tif | pred_pos=0 | gt_pos=5946 | diff=5946 (0.091) | lcc=0.091 | flagged=0
[15:08:21] DEBUG - 94202044_240504a_14~8074_hr4_4857.tif | pred_pos=0 | gt_pos=45882 | diff=45882 (0.700) | lcc=0.700 | flagged=1
[15:08:21] DEBUG - 94202044_240504a_14~8074_hr4_4891.tif | pred_pos=0 | gt_pos=4159 | diff=4159 (0.063) | lcc=0.063 | flagged=0
[15:08:21] DEBUG - 94202044_240504a_14~8074_hr4_4928.tif | pred_pos=0 | gt_pos=12451 | diff=12451 (0.190) | lcc=0.190 | flagged=0
[15:08:21] DEBUG - 94202044_240504a_14~8074_hr4_4935.tif | pred_pos=0 | gt_pos=943 | diff=943 (0.014) | lcc=0.014 | flagged=0
[15:08:21] DEBUG - 94202044_240504a_14~8074_hr4_4946.tif | pred_pos=0 | gt_pos=26653 | diff=26653 (0.407) | lcc=0.407 | flagged=0
[15:08:21] DEBUG - 94202044_240504a_14~8074_hr4_4949.tif | pred_pos=0 | gt_pos=37993 | diff=37993 (0.580) | lcc=0.580 | flagged=1
[15:08:21] DEBUG - 94202044_240504a_14~8074_hr4_4973.tif | pred_pos=0 | gt_pos=2644 | diff=2644 (0.040) | lcc=0.040 | flagged=0
[15:08:21] DEBUG - 94202044_240504a_14~8074_hr4_4991.tif | pred_pos=0 | gt_pos=44783 | diff=44783 (0.683) | lcc=0.683 | flagged=1
[15:08:21] DEBUG - 94202044_240504a_14~8074_hr4_5060.tif | pred_pos=0 | gt_pos=0 | diff=0 (0.000) | lcc=0.000 | flagged=0
[15:08:21] DEBUG - 94202044_240504a_14~8074_hr4_5085.tif | pred_pos=0 | gt_pos=0 | diff=0 (0.000) | lcc=0.000 | flagged=0
[15:08:21] DEBUG - 94202044_240504a_14~8074_hr4_511.tif | pred_pos=0 | gt_pos=21721 | diff=21721 (0.331) | lcc=0.331 | flagged=0
[15:08:21] DEBUG - 94202044_240504a_14~8074_hr4_5118.tif | pred_pos=0 | gt_pos=37616 | diff=37616 (0.574) | lcc=0.453 | flagged=0
[15:08:21] DEBUG - 94202044_240504a_14~8074_hr4_5161.tif | pred_pos=0 | gt_pos=34278 | diff=34278 (0.523) | lcc=0.523 | flagged=1
[15:08:21] DEBUG - 94202044_240504a_14~8074_hr4_5180.tif | pred_pos=0 | gt_pos=11488 | diff=11488 (0.175) | lcc=0.175 | flagged=0
[15:08:21] DEBUG - 94202044_240504a_14~8074_hr4_5198.tif | pred_pos=0 | gt_pos=5060 | diff=5060 (0.077) | lcc=0.060 | flagged=0
[15:08:21] DEBUG - 94202044_240504a_14~8074_hr4_5199.tif | pred_pos=0 | gt_pos=519 | diff=519 (0.008) | lcc=0.008 | flagged=0
[15:08:21] DEBUG - 94202044_240504a_14~8074_hr4_523.tif | pred_pos=0 | gt_pos=57126 | diff=57126 (0.872) | lcc=0.872 | flagged=1
[15:08:21] DEBUG - 94202044_240504a_14~8074_hr4_5232.tif | pred_pos=0 | gt_pos=1066 | diff=1066 (0.016) | lcc=0.016 | flagged=0
[15:08:21] DEBUG - 94202044_240504a_14~8074_hr4_5241.tif | pred_pos=0 | gt_pos=55040 | diff=55040 (0.840) | lcc=0.840 | flagged=1
[15:08:21] DEBUG - 94202044_240504a_14~8074_hr4_5267.tif | pred_pos=0 | gt_pos=4869 | diff=4869 (0.074) | lcc=0.070 | flagged=0
[15:08:21] DEBUG - 94202044_240504a_14~8074_hr4_5279.tif | pred_pos=0 | gt_pos=37551 | diff=37551 (0.573) | lcc=0.573 | flagged=1
[15:08:21] DEBUG - 94202044_240504a_14~8074_hr4_529.tif | pred_pos=0 | gt_pos=14172 | diff=14172 (0.216) | lcc=0.216 | flagged=0
[15:08:21] DEBUG - 94202044_240504a_14~8074_hr4_5318.tif | pred_pos=0 | gt_pos=10687 | diff=10687 (0.163) | lcc=0.163 | flagged=0
[15:08:21] DEBUG - 94202044_240504a_14~8074_hr4_5375.tif | pred_pos=0 | gt_pos=11963 | diff=11963 (0.183) | lcc=0.183 | flagged=0
[15:08:21] DEBUG - 94202044_240504a_14~8074_hr4_5403.tif | pred_pos=0 | gt_pos=494 | diff=494 (0.008) | lcc=0.008 | flagged=0
[15:08:21] DEBUG - 94202044_240504a_14~8074_hr4_5414.tif | pred_pos=0 | gt_pos=18059 | diff=18059 (0.276) | lcc=0.276 | flagged=0
[15:08:21] DEBUG - 94202044_240504a_14~8074_hr4_5426.tif | pred_pos=0 | gt_pos=14535 | diff=14535 (0.222) | lcc=0.222 | flagged=0
[15:08:21] DEBUG - 94202044_240504a_14~8074_hr4_5477.tif | pred_pos=0 | gt_pos=48362 | diff=48362 (0.738) | lcc=0.738 | flagged=1
[15:08:21] DEBUG - 94202044_240504a_14~8074_hr4_5478.tif | pred_pos=0 | gt_pos=25214 | diff=25214 (0.385) | lcc=0.385 | flagged=0
[15:08:21] DEBUG - 94202044_240504a_14~8074_hr4_5479.tif | pred_pos=0 | gt_pos=15897 | diff=15897 (0.243) | lcc=0.243 | flagged=0
[15:08:21] DEBUG - 94202044_240504a_14~8074_hr4_5484.tif | pred_pos=0 | gt_pos=11179 | diff=11179 (0.171) | lcc=0.171 | flagged=0
[15:08:21] DEBUG - 94202044_240504a_14~8074_hr4_5488.tif | pred_pos=0 | gt_pos=9303 | diff=9303 (0.142) | lcc=0.142 | flagged=0
[15:08:21] DEBUG - 94202044_240504a_14~8074_hr4_5489.tif | pred_pos=0 | gt_pos=24829 | diff=24829 (0.379) | lcc=0.379 | flagged=0
[15:08:21] DEBUG - 94202044_240504a_14~8074_hr4_5495.tif | pred_pos=0 | gt_pos=4139 | diff=4139 (0.063) | lcc=0.063 | flagged=0
[15:08:21] DEBUG - 94202044_240504a_14~8074_hr4_550.tif | pred_pos=0 | gt_pos=42255 | diff=42255 (0.645) | lcc=0.645 | flagged=1
[15:08:21] DEBUG - 94202044_240504a_14~8074_hr4_5563.tif | pred_pos=0 | gt_pos=23037 | diff=23037 (0.352) | lcc=0.352 | flagged=0
[15:08:21] DEBUG - 94202044_240504a_14~8074_hr4_5595.tif | pred_pos=0 | gt_pos=6056 | diff=6056 (0.092) | lcc=0.092 | flagged=0
[15:08:21] DEBUG - 94202044_240504a_14~8074_hr4_5627.tif | pred_pos=0 | gt_pos=20115 | diff=20115 (0.307) | lcc=0.307 | flagged=0
[15:08:21] DEBUG - 94202044_240504a_14~8074_hr4_5654.tif | pred_pos=0 | gt_pos=19748 | diff=19748 (0.301) | lcc=0.301 | flagged=0
[15:08:21] DEBUG - 94202044_240504a_14~8074_hr4_5697.tif | pred_pos=0 | gt_pos=4106 | diff=4106 (0.063) | lcc=0.063 | flagged=0
[15:08:21] DEBUG - 94202044_240504a_14~8074_hr4_5703.tif | pred_pos=0 | gt_pos=11954 | diff=11954 (0.182) | lcc=0.182 | flagged=0
[15:08:24] DEBUG - 94202044_240504a_14~8074_hr4_5710.tif | pred_pos=0 | gt_pos=16736 | diff=16736 (0.255) | lcc=0.255 | flagged=0
[15:08:24] DEBUG - 94202044_240504a_14~8074_hr4_5720.tif | pred_pos=0 | gt_pos=3623 | diff=3623 (0.055) | lcc=0.055 | flagged=0
[15:08:24] DEBUG - 94202044_240504a_14~8074_hr4_5739.tif | pred_pos=0 | gt_pos=151 | diff=151 (0.002) | lcc=0.002 | flagged=0
[15:08:24] DEBUG - 94202044_240504a_14~8074_hr4_5740.tif | pred_pos=0 | gt_pos=473 | diff=473 (0.007) | lcc=0.007 | flagged=0
[15:08:24] DEBUG - 94202044_240504a_14~8074_hr4_624.tif | pred_pos=0 | gt_pos=45837 | diff=45837 (0.699) | lcc=0.699 | flagged=1
[15:08:24] DEBUG - 94202044_240504a_14~8074_hr4_625.tif | pred_pos=0 | gt_pos=27204 | diff=27204 (0.415) | lcc=0.415 | flagged=0
[15:08:24] DEBUG - 94202044_240504a_14~8074_hr4_690.tif | pred_pos=0 | gt_pos=19816 | diff=19816 (0.302) | lcc=0.302 | flagged=0
[15:08:24] DEBUG - 94202044_240504a_14~8074_hr4_695.tif | pred_pos=0 | gt_pos=65381 | diff=65381 (0.998) | lcc=0.998 | flagged=1
[15:08:24] DEBUG - 94202044_240504a_14~8074_hr4_696.tif | pred_pos=0 | gt_pos=4797 | diff=4797 (0.073) | lcc=0.073 | flagged=0
[15:08:24] DEBUG - 94202044_240504a_14~8074_hr4_697.tif | pred_pos=0 | gt_pos=675 | diff=675 (0.010) | lcc=0.010 | flagged=0
[15:08:24] DEBUG - 94202044_240504a_14~8074_hr4_704.tif | pred_pos=0 | gt_pos=14352 | diff=14352 (0.219) | lcc=0.219 | flagged=0
[15:08:24] DEBUG - 94202044_240504a_14~8074_hr4_735.tif | pred_pos=0 | gt_pos=118 | diff=118 (0.002) | lcc=0.002 | flagged=0
[15:08:24] DEBUG - 94202044_240504a_14~8074_hr4_74.tif | pred_pos=0 | gt_pos=21716 | diff=21716 (0.331) | lcc=0.278 | flagged=0
[15:08:24] DEBUG - 94202044_240504a_14~8074_hr4_750.tif | pred_pos=0 | gt_pos=6845 | diff=6845 (0.104) | lcc=0.104 | flagged=0
[15:08:24] DEBUG - 94202044_240504a_14~8074_hr4_840.tif | pred_pos=0 | gt_pos=32686 | diff=32686 (0.499) | lcc=0.255 | flagged=0
[15:08:24] DEBUG - 94202044_240504a_14~8074_hr4_841.tif | pred_pos=0 | gt_pos=39702 | diff=39702 (0.606) | lcc=0.606 | flagged=1
[15:08:24] DEBUG - 94202044_240504a_14~8074_hr4_862.tif | pred_pos=0 | gt_pos=8150 | diff=8150 (0.124) | lcc=0.124 | flagged=0
[15:08:24] DEBUG - 94202044_240504a_14~8074_hr4_870.tif | pred_pos=0 | gt_pos=7409 | diff=7409 (0.113) | lcc=0.113 | flagged=0
[15:08:24] DEBUG - 94202044_240504a_14~8074_hr4_925.tif | pred_pos=0 | gt_pos=23092 | diff=23092 (0.352) | lcc=0.182 | flagged=0
[15:08:24] DEBUG - 94202044_240504a_14~8074_hr4_927.tif | pred_pos=0 | gt_pos=114 | diff=114 (0.002) | lcc=0.002 | flagged=0
[15:08:24] DEBUG - 94202044_240504a_14~8074_hr4_983.tif | pred_pos=0 | gt_pos=20601 | diff=20601 (0.314) | lcc=0.189 | flagged=0
[15:08:24] DEBUG - 94202044_240504a_14~8074_hr4_987.tif | pred_pos=0 | gt_pos=7000 | diff=7000 (0.107) | lcc=0.107 | flagged=0
[15:08:24] DEBUG - 94202044_240504a_14~8074_hr4_998.tif | pred_pos=0 | gt_pos=53396 | diff=53396 (0.815) | lcc=0.815 | flagged=1
[15:08:24] DEBUG - 94202045_240504a_15~8344_hr4_103.tif | pred_pos=0 | gt_pos=3157 | diff=3157 (0.048) | lcc=0.048 | flagged=0
[15:08:24] DEBUG - 94202045_240504a_15~8344_hr4_1038.tif | pred_pos=0 | gt_pos=57654 | diff=57654 (0.880) | lcc=0.880 | flagged=1
[15:08:24] DEBUG - 94202045_240504a_15~8344_hr4_1258.tif | pred_pos=0 | gt_pos=92 | diff=92 (0.001) | lcc=0.001 | flagged=0
[15:08:24] DEBUG - 94202045_240504a_15~8344_hr4_1348.tif | pred_pos=0 | gt_pos=18481 | diff=18481 (0.282) | lcc=0.282 | flagged=0
[15:08:24] DEBUG - 94202045_240504a_15~8344_hr4_1843.tif | pred_pos=0 | gt_pos=0 | diff=0 (0.000) | lcc=0.000 | flagged=0
[15:08:24] DEBUG - 94202045_240504a_15~8344_hr4_189.tif | pred_pos=0 | gt_pos=410 | diff=410 (0.006) | lcc=0.004 | flagged=0
[15:08:24] DEBUG - 94202045_240504a_15~8344_hr4_1949.tif | pred_pos=0 | gt_pos=9176 | diff=9176 (0.140) | lcc=0.140 | flagged=0
[15:08:24] DEBUG - 94202045_240504a_15~8344_hr4_1981.tif | pred_pos=0 | gt_pos=0 | diff=0 (0.000) | lcc=0.000 | flagged=0
[15:08:24] DEBUG - 94202045_240504a_15~8344_hr4_2172.tif | pred_pos=0 | gt_pos=37731 | diff=37731 (0.576) | lcc=0.576 | flagged=1
[15:08:24] DEBUG - 94202045_240504a_15~8344_hr4_2245.tif | pred_pos=0 | gt_pos=65536 | diff=65536 (1.000) | lcc=1.000 | flagged=1
[15:08:24] DEBUG - 94202045_240504a_15~8344_hr4_2319.tif | pred_pos=0 | gt_pos=31802 | diff=31802 (0.485) | lcc=0.485 | flagged=0
[15:08:24] DEBUG - 94202045_240504a_15~8344_hr4_2476.tif | pred_pos=0 | gt_pos=19084 | diff=19084 (0.291) | lcc=0.291 | flagged=0
[15:08:24] DEBUG - 94202045_240504a_15~8344_hr4_2483.tif | pred_pos=0 | gt_pos=0 | diff=0 (0.000) | lcc=0.000 | flagged=0
[15:08:24] DEBUG - 94202045_240504a_15~8344_hr4_2486.tif | pred_pos=0 | gt_pos=0 | diff=0 (0.000) | lcc=0.000 | flagged=0
[15:08:24] DEBUG - 94202045_240504a_15~8344_hr4_2709.tif | pred_pos=0 | gt_pos=40108 | diff=40108 (0.612) | lcc=0.612 | flagged=1
[15:08:24] DEBUG - 94202045_240504a_15~8344_hr4_2736.tif | pred_pos=0 | gt_pos=0 | diff=0 (0.000) | lcc=0.000 | flagged=0
[15:08:24] DEBUG - 94202045_240504a_15~8344_hr4_2772.tif | pred_pos=0 | gt_pos=2754 | diff=2754 (0.042) | lcc=0.042 | flagged=0
[15:08:24] DEBUG - 94202045_240504a_15~8344_hr4_28.tif | pred_pos=0 | gt_pos=46852 | diff=46852 (0.715) | lcc=0.715 | flagged=1
[15:08:24] DEBUG - 94202045_240504a_15~8344_hr4_2831.tif | pred_pos=0 | gt_pos=34184 | diff=34184 (0.522) | lcc=0.522 | flagged=1
[15:08:24] DEBUG - 94202045_240504a_15~8344_hr4_2849.tif | pred_pos=0 | gt_pos=0 | diff=0 (0.000) | lcc=0.000 | flagged=0
[15:08:24] DEBUG - 94202045_240504a_15~8344_hr4_2859.tif | pred_pos=0 | gt_pos=0 | diff=0 (0.000) | lcc=0.000 | flagged=0
[15:08:24] DEBUG - 94202045_240504a_15~8344_hr4_286.tif | pred_pos=0 | gt_pos=5246 | diff=5246 (0.080) | lcc=0.080 | flagged=0
[15:08:24] DEBUG - 94202045_240504a_15~8344_hr4_2891.tif | pred_pos=0 | gt_pos=48055 | diff=48055 (0.733) | lcc=0.733 | flagged=1
[15:08:24] DEBUG - 94202045_240504a_15~8344_hr4_2901.tif | pred_pos=0 | gt_pos=56135 | diff=56135 (0.857) | lcc=0.857 | flagged=1
[15:08:24] DEBUG - 94202045_240504a_15~8344_hr4_3037.tif | pred_pos=0 | gt_pos=22299 | diff=22299 (0.340) | lcc=0.340 | flagged=0
[15:08:24] DEBUG - 94202045_240504a_15~8344_hr4_3046.tif | pred_pos=0 | gt_pos=22350 | diff=22350 (0.341) | lcc=0.341 | flagged=0
[15:08:24] DEBUG - 94202045_240504a_15~8344_hr4_308.tif | pred_pos=0 | gt_pos=22694 | diff=22694 (0.346) | lcc=0.346 | flagged=0
[15:08:24] DEBUG - 94202045_240504a_15~8344_hr4_3127.tif | pred_pos=0 | gt_pos=46415 | diff=46415 (0.708) | lcc=0.708 | flagged=1
[15:08:24] DEBUG - 94202045_240504a_15~8344_hr4_3183.tif | pred_pos=0 | gt_pos=24550 | diff=24550 (0.375) | lcc=0.375 | flagged=0
[15:08:24] DEBUG - 94202045_240504a_15~8344_hr4_3185.tif | pred_pos=0 | gt_pos=9566 | diff=9566 (0.146) | lcc=0.146 | flagged=0
[15:08:24] DEBUG - 94202045_240504a_15~8344_hr4_3261.tif | pred_pos=0 | gt_pos=19055 | diff=19055 (0.291) | lcc=0.291 | flagged=0
[15:08:24] DEBUG - 94202045_240504a_15~8344_hr4_3274.tif | pred_pos=0 | gt_pos=2050 | diff=2050 (0.031) | lcc=0.031 | flagged=0
[15:08:24] DEBUG - 94202045_240504a_15~8344_hr4_3409.tif | pred_pos=0 | gt_pos=26866 | diff=26866 (0.410) | lcc=0.410 | flagged=0
[15:08:24] DEBUG - 94202045_240504a_15~8344_hr4_3435.tif | pred_pos=0 | gt_pos=8522 | diff=8522 (0.130) | lcc=0.130 | flagged=0
[15:08:24] DEBUG - 94202045_240504a_15~8344_hr4_3592.tif | pred_pos=0 | gt_pos=21648 | diff=21648 (0.330) | lcc=0.330 | flagged=0
[15:08:24] DEBUG - 94202045_240504a_15~8344_hr4_3620.tif | pred_pos=0 | gt_pos=0 | diff=0 (0.000) | lcc=0.000 | flagged=0
[15:08:24] DEBUG - 94202045_240504a_15~8344_hr4_3662.tif | pred_pos=0 | gt_pos=65536 | diff=65536 (1.000) | lcc=1.000 | flagged=1
[15:08:24] DEBUG - 94202045_240504a_15~8344_hr4_3666.tif | pred_pos=0 | gt_pos=65536 | diff=65536 (1.000) | lcc=1.000 | flagged=1
[15:08:24] DEBUG - 94202045_240504a_15~8344_hr4_3715.tif | pred_pos=0 | gt_pos=15461 | diff=15461 (0.236) | lcc=0.236 | flagged=0
[15:08:24] DEBUG - 94202045_240504a_15~8344_hr4_3739.tif | pred_pos=0 | gt_pos=6196 | diff=6196 (0.095) | lcc=0.095 | flagged=0
[15:08:24] DEBUG - 94202045_240504a_15~8344_hr4_3786.tif | pred_pos=0 | gt_pos=8164 | diff=8164 (0.125) | lcc=0.125 | flagged=0
[15:08:25] DEBUG - 94202045_240504a_15~8344_hr4_390.tif | pred_pos=0 | gt_pos=36387 | diff=36387 (0.555) | lcc=0.555 | flagged=1
[15:08:25] DEBUG - 94202045_240504a_15~8344_hr4_4008.tif | pred_pos=0 | gt_pos=799 | diff=799 (0.012) | lcc=0.012 | flagged=0
[15:08:25] DEBUG - 94202045_240504a_15~8344_hr4_4028.tif | pred_pos=0 | gt_pos=0 | diff=0 (0.000) | lcc=0.000 | flagged=0
[15:08:25] DEBUG - 94202045_240504a_15~8344_hr4_4374.tif | pred_pos=0 | gt_pos=32598 | diff=32598 (0.497) | lcc=0.497 | flagged=0
[15:08:25] DEBUG - 94202045_240504a_15~8344_hr4_4377.tif | pred_pos=0 | gt_pos=28135 | diff=28135 (0.429) | lcc=0.429 | flagged=0
[15:08:25] DEBUG - 94202045_240504a_15~8344_hr4_4391.tif | pred_pos=0 | gt_pos=22292 | diff=22292 (0.340) | lcc=0.340 | flagged=0
[15:08:25] DEBUG - 94202045_240504a_15~8344_hr4_4399.tif | pred_pos=0 | gt_pos=11044 | diff=11044 (0.169) | lcc=0.169 | flagged=0
[15:08:25] DEBUG - 94202045_240504a_15~8344_hr4_4465.tif | pred_pos=0 | gt_pos=56160 | diff=56160 (0.857) | lcc=0.857 | flagged=1
[15:08:25] DEBUG - 94202045_240504a_15~8344_hr4_4517.tif | pred_pos=0 | gt_pos=65536 | diff=65536 (1.000) | lcc=1.000 | flagged=1
[15:08:25] DEBUG - 94202045_240504a_15~8344_hr4_4518.tif | pred_pos=0 | gt_pos=39432 | diff=39432 (0.602) | lcc=0.602 | flagged=1
[15:08:25] DEBUG - 94202045_240504a_15~8344_hr4_460.tif | pred_pos=0 | gt_pos=43828 | diff=43828 (0.669) | lcc=0.669 | flagged=1
[15:08:25] DEBUG - 94202045_240504a_15~8344_hr4_4612.tif | pred_pos=0 | gt_pos=6003 | diff=6003 (0.092) | lcc=0.092 | flagged=0
[15:08:25] DEBUG - 94202045_240504a_15~8344_hr4_4613.tif | pred_pos=0 | gt_pos=5394 | diff=5394 (0.082) | lcc=0.082 | flagged=0
[15:08:25] DEBUG - 94202045_240504a_15~8344_hr4_4776.tif | pred_pos=0 | gt_pos=0 | diff=0 (0.000) | lcc=0.000 | flagged=0
[15:08:25] DEBUG - 94202045_240504a_15~8344_hr4_5190.tif | pred_pos=0 | gt_pos=18748 | diff=18748 (0.286) | lcc=0.286 | flagged=0
[15:08:25] DEBUG - 94202045_240504a_15~8344_hr4_5204.tif | pred_pos=0 | gt_pos=4238 | diff=4238 (0.065) | lcc=0.065 | flagged=0
[15:08:25] DEBUG - 94202045_240504a_15~8344_hr4_5514.tif | pred_pos=0 | gt_pos=0 | diff=0 (0.000) | lcc=0.000 | flagged=0
[15:08:25] DEBUG - 94202045_240504a_15~8344_hr4_5629.tif | pred_pos=0 | gt_pos=15173 | diff=15173 (0.232) | lcc=0.232 | flagged=0
[15:08:25] DEBUG - 94202045_240504a_15~8344_hr4_5703.tif | pred_pos=0 | gt_pos=4558 | diff=4558 (0.070) | lcc=0.070 | flagged=0
[15:08:25] DEBUG - 94202045_240504a_15~8344_hr4_5743.tif | pred_pos=0 | gt_pos=0 | diff=0 (0.000) | lcc=0.000 | flagged=0
[15:08:25] DEBUG - 94202045_240504a_15~8344_hr4_5837.tif | pred_pos=0 | gt_pos=0 | diff=0 (0.000) | lcc=0.000 | flagged=0
[15:08:25] DEBUG - 94202045_240504a_15~8344_hr4_586.tif | pred_pos=0 | gt_pos=0 | diff=0 (0.000) | lcc=0.000 | flagged=0
[15:08:25] DEBUG - 94202045_240504a_15~8344_hr4_690.tif | pred_pos=0 | gt_pos=3940 | diff=3940 (0.060) | lcc=0.060 | flagged=0
[15:08:25] DEBUG - 94202045_240504a_15~8344_hr4_692.tif | pred_pos=0 | gt_pos=0 | diff=0 (0.000) | lcc=0.000 | flagged=0
[15:08:25] DEBUG - 94202045_240504a_15~8344_hr4_699.tif | pred_pos=0 | gt_pos=33439 | diff=33439 (0.510) | lcc=0.439 | flagged=0
[15:08:25] DEBUG - 94202045_240504a_15~8344_hr4_764.tif | pred_pos=0 | gt_pos=18944 | diff=18944 (0.289) | lcc=0.289 | flagged=0
[15:08:25] DEBUG - 94202045_240504a_15~8344_hr4_838.tif | pred_pos=0 | gt_pos=21122 | diff=21122 (0.322) | lcc=0.322 | flagged=0
[15:08:25] DEBUG - 94202045_240504a_15~8344_hr4_894.tif | pred_pos=0 | gt_pos=45881 | diff=45881 (0.700) | lcc=0.695 | flagged=1
[15:08:25] DEBUG - 94202045_240504a_15~8344_hr4_895.tif | pred_pos=0 | gt_pos=2908 | diff=2908 (0.044) | lcc=0.042 | flagged=0
[15:08:25] DEBUG - 94202045_240504a_15~8344_hr4_911.tif | pred_pos=0 | gt_pos=7184 | diff=7184 (0.110) | lcc=0.110 | flagged=0
[15:08:25] DEBUG - 94202045_240504a_15~8344_hr4_962.tif | pred_pos=0 | gt_pos=15574 | diff=15574 (0.238) | lcc=0.238 | flagged=0
[15:08:25] DEBUG - 94202045_240504a_15~8344_hr4_963.tif | pred_pos=0 | gt_pos=57962 | diff=57962 (0.884) | lcc=0.884 | flagged=1
[15:08:25] DEBUG - 94202045_240504a_15~8344_hr4_964.tif | pred_pos=0 | gt_pos=59863 | diff=59863 (0.913) | lcc=0.913 | flagged=1
[15:08:25] DEBUG - 94202045_240504a_15~8344_hr4_972.tif | pred_pos=0 | gt_pos=32711 | diff=32711 (0.499) | lcc=0.499 | flagged=0
[15:08:25] DEBUG - 94202052_240504a_12~7568_hr4_1041.tif | pred_pos=0 | gt_pos=0 | diff=0 (0.000) | lcc=0.000 | flagged=0
[15:08:25] DEBUG - 94202052_240504a_12~7568_hr4_1096.tif | pred_pos=0 | gt_pos=41908 | diff=41908 (0.639) | lcc=0.639 | flagged=1
[15:08:25] DEBUG - 94202052_240504a_12~7568_hr4_1273.tif | pred_pos=0 | gt_pos=0 | diff=0 (0.000) | lcc=0.000 | flagged=0
[15:08:25] DEBUG - 94202052_240504a_12~7568_hr4_1285.tif | pred_pos=0 | gt_pos=0 | diff=0 (0.000) | lcc=0.000 | flagged=0
[15:08:25] DEBUG - 94202052_240504a_12~7568_hr4_141.tif | pred_pos=0 | gt_pos=16456 | diff=16456 (0.251) | lcc=0.251 | flagged=0
[15:08:25] DEBUG - 94202052_240504a_12~7568_hr4_1487.tif | pred_pos=0 | gt_pos=0 | diff=0 (0.000) | lcc=0.000 | flagged=0
[15:08:25] DEBUG - 94202052_240504a_12~7568_hr4_1629.tif | pred_pos=0 | gt_pos=0 | diff=0 (0.000) | lcc=0.000 | flagged=0
[15:08:25] DEBUG - 94202052_240504a_12~7568_hr4_1702.tif | pred_pos=0 | gt_pos=0 | diff=0 (0.000) | lcc=0.000 | flagged=0
[15:08:25] DEBUG - 94202052_240504a_12~7568_hr4_1776.tif | pred_pos=0 | gt_pos=0 | diff=0 (0.000) | lcc=0.000 | flagged=0
[15:08:25] DEBUG - 94202052_240504a_12~7568_hr4_1853.tif | pred_pos=0 | gt_pos=0 | diff=0 (0.000) | lcc=0.000 | flagged=0
[15:08:25] DEBUG - 94202052_240504a_12~7568_hr4_1930.tif | pred_pos=0 | gt_pos=0 | diff=0 (0.000) | lcc=0.000 | flagged=0
[15:08:25] DEBUG - 94202052_240504a_12~7568_hr4_1990.tif | pred_pos=0 | gt_pos=0 | diff=0 (0.000) | lcc=0.000 | flagged=0
[15:08:25] DEBUG - 94202052_240504a_12~7568_hr4_2059.tif | pred_pos=0 | gt_pos=2484 | diff=2484 (0.038) | lcc=0.038 | flagged=0
[15:08:25] DEBUG - 94202052_240504a_12~7568_hr4_2431.tif | pred_pos=0 | gt_pos=47488 | diff=47488 (0.725) | lcc=0.725 | flagged=1
[15:08:25] DEBUG - 94202052_240504a_12~7568_hr4_2505.tif | pred_pos=0 | gt_pos=44219 | diff=44219 (0.675) | lcc=0.675 | flagged=1
[15:08:25] DEBUG - 94202052_240504a_12~7568_hr4_2577.tif | pred_pos=0 | gt_pos=12630 | diff=12630 (0.193) | lcc=0.193 | flagged=0
[15:08:25] DEBUG - 94202052_240504a_12~7568_hr4_2584.tif | pred_pos=0 | gt_pos=0 | diff=0 (0.000) | lcc=0.000 | flagged=0
[15:08:25] DEBUG - 94202052_240504a_12~7568_hr4_2736.tif | pred_pos=0 | gt_pos=31141 | diff=31141 (0.475) | lcc=0.475 | flagged=0
[15:08:25] DEBUG - 94202052_240504a_12~7568_hr4_2770.tif | pred_pos=0 | gt_pos=0 | diff=0 (0.000) | lcc=0.000 | flagged=0
[15:08:25] DEBUG - 94202052_240504a_12~7568_hr4_3031.tif | pred_pos=0 | gt_pos=3159 | diff=3159 (0.048) | lcc=0.048 | flagged=0
[15:08:25] DEBUG - 94202052_240504a_12~7568_hr4_346.tif | pred_pos=0 | gt_pos=8757 | diff=8757 (0.134) | lcc=0.134 | flagged=0
[15:08:25] DEBUG - 94202052_240504a_12~7568_hr4_3604.tif | pred_pos=0 | gt_pos=0 | diff=0 (0.000) | lcc=0.000 | flagged=0
[15:08:25] DEBUG - 94202052_240504a_12~7568_hr4_366.tif | pred_pos=0 | gt_pos=0 | diff=0 (0.000) | lcc=0.000 | flagged=0
[15:08:25] DEBUG - 94202052_240504a_12~7568_hr4_3865.tif | pred_pos=0 | gt_pos=0 | diff=0 (0.000) | lcc=0.000 | flagged=0
[15:08:25] DEBUG - 94202052_240504a_12~7568_hr4_4779.tif | pred_pos=0 | gt_pos=0 | diff=0 (0.000) | lcc=0.000 | flagged=0
[15:08:25] DEBUG - 94202052_240504a_12~7568_hr4_5356.tif | pred_pos=0 | gt_pos=0 | diff=0 (0.000) | lcc=0.000 | flagged=0
[15:08:25] DEBUG - 94202052_240504a_12~7568_hr4_5778.tif | pred_pos=0 | gt_pos=0 | diff=0 (0.000) | lcc=0.000 | flagged=0
[15:08:25] DEBUG - 94202052_240504a_12~7568_hr4_677.tif | pred_pos=0 | gt_pos=0 | diff=0 (0.000) | lcc=0.000 | flagged=0
[15:08:25] DEBUG - 94202052_240504a_12~7568_hr4_68.tif | pred_pos=0 | gt_pos=38701 | diff=38701 (0.591) | lcc=0.591 | flagged=1
[15:08:25] DEBUG - 94202053_240504a_13~7821_hr4_1049.tif | pred_pos=0 | gt_pos=26843 | diff=26843 (0.410) | lcc=0.410 | flagged=0
[15:08:28] DEBUG - 94202053_240504a_13~7821_hr4_1069.tif | pred_pos=0 | gt_pos=1929 | diff=1929 (0.029) | lcc=0.029 | flagged=0
[15:08:28] DEBUG - 94202053_240504a_13~7821_hr4_1081.tif | pred_pos=0 | gt_pos=0 | diff=0 (0.000) | lcc=0.000 | flagged=0
[15:08:28] DEBUG - 94202053_240504a_13~7821_hr4_1176.tif | pred_pos=0 | gt_pos=28633 | diff=28633 (0.437) | lcc=0.437 | flagged=0
[15:08:28] DEBUG - 94202053_240504a_13~7821_hr4_1180.tif | pred_pos=0 | gt_pos=0 | diff=0 (0.000) | lcc=0.000 | flagged=0
[15:08:28] DEBUG - 94202053_240504a_13~7821_hr4_1185.tif | pred_pos=0 | gt_pos=1566 | diff=1566 (0.024) | lcc=0.024 | flagged=0
[15:08:28] DEBUG - 94202053_240504a_13~7821_hr4_1187.tif | pred_pos=0 | gt_pos=56770 | diff=56770 (0.866) | lcc=0.866 | flagged=1
[15:08:28] DEBUG - 94202053_240504a_13~7821_hr4_120.tif | pred_pos=0 | gt_pos=21283 | diff=21283 (0.325) | lcc=0.325 | flagged=0
[15:08:28] DEBUG - 94202053_240504a_13~7821_hr4_1225.tif | pred_pos=0 | gt_pos=36279 | diff=36279 (0.554) | lcc=0.554 | flagged=1
[15:08:28] DEBUG - 94202053_240504a_13~7821_hr4_1235.tif | pred_pos=0 | gt_pos=29691 | diff=29691 (0.453) | lcc=0.453 | flagged=0
[15:08:28] DEBUG - 94202053_240504a_13~7821_hr4_1327.tif | pred_pos=0 | gt_pos=18909 | diff=18909 (0.289) | lcc=0.289 | flagged=0
[15:08:28] DEBUG - 94202053_240504a_13~7821_hr4_1334.tif | pred_pos=0 | gt_pos=18511 | diff=18511 (0.282) | lcc=0.282 | flagged=0
[15:08:28] DEBUG - 94202053_240504a_13~7821_hr4_1335.tif | pred_pos=0 | gt_pos=31629 | diff=31629 (0.483) | lcc=0.483 | flagged=0
[15:08:28] DEBUG - 94202053_240504a_13~7821_hr4_1367.tif | pred_pos=0 | gt_pos=1726 | diff=1726 (0.026) | lcc=0.026 | flagged=0
[15:08:28] DEBUG - 94202053_240504a_13~7821_hr4_1375.tif | pred_pos=0 | gt_pos=20478 | diff=20478 (0.312) | lcc=0.116 | flagged=0
[15:08:28] DEBUG - 94202053_240504a_13~7821_hr4_1474.tif | pred_pos=0 | gt_pos=42797 | diff=42797 (0.653) | lcc=0.653 | flagged=1
[15:08:28] DEBUG - 94202053_240504a_13~7821_hr4_1506.tif | pred_pos=0 | gt_pos=4540 | diff=4540 (0.069) | lcc=0.069 | flagged=0
[15:08:28] DEBUG - 94202053_240504a_13~7821_hr4_1550.tif | pred_pos=0 | gt_pos=54923 | diff=54923 (0.838) | lcc=0.838 | flagged=1
[15:08:28] DEBUG - 94202053_240504a_13~7821_hr4_1687.tif | pred_pos=0 | gt_pos=57586 | diff=57586 (0.879) | lcc=0.867 | flagged=1
[15:08:28] DEBUG - 94202053_240504a_13~7821_hr4_1726.tif | pred_pos=0 | gt_pos=250 | diff=250 (0.004) | lcc=0.004 | flagged=0
[15:08:28] DEBUG - 94202053_240504a_13~7821_hr4_1727.tif | pred_pos=0 | gt_pos=40773 | diff=40773 (0.622) | lcc=0.622 | flagged=1
[15:08:28] DEBUG - 94202053_240504a_13~7821_hr4_1889.tif | pred_pos=0 | gt_pos=34349 | diff=34349 (0.524) | lcc=0.524 | flagged=1
[15:08:28] DEBUG - 94202053_240504a_13~7821_hr4_1905.tif | pred_pos=0 | gt_pos=13890 | diff=13890 (0.212) | lcc=0.212 | flagged=0
[15:08:28] DEBUG - 94202053_240504a_13~7821_hr4_1910.tif | pred_pos=0 | gt_pos=15589 | diff=15589 (0.238) | lcc=0.208 | flagged=0
[15:08:28] DEBUG - 94202053_240504a_13~7821_hr4_193.tif | pred_pos=0 | gt_pos=21663 | diff=21663 (0.331) | lcc=0.331 | flagged=0
[15:08:28] DEBUG - 94202053_240504a_13~7821_hr4_1945.tif | pred_pos=0 | gt_pos=45792 | diff=45792 (0.699) | lcc=0.368 | flagged=0
[15:08:28] DEBUG - 94202053_240504a_13~7821_hr4_1946.tif | pred_pos=0 | gt_pos=12461 | diff=12461 (0.190) | lcc=0.190 | flagged=0
[15:08:28] DEBUG - 94202053_240504a_13~7821_hr4_1957.tif | pred_pos=0 | gt_pos=65536 | diff=65536 (1.000) | lcc=1.000 | flagged=1
[15:08:28] DEBUG - 94202053_240504a_13~7821_hr4_1968.tif | pred_pos=0 | gt_pos=38894 | diff=38894 (0.593) | lcc=0.593 | flagged=1
[15:08:28] DEBUG - 94202053_240504a_13~7821_hr4_1979.tif | pred_pos=0 | gt_pos=21524 | diff=21524 (0.328) | lcc=0.328 | flagged=0
[15:08:28] DEBUG - 94202053_240504a_13~7821_hr4_2040.tif | pred_pos=0 | gt_pos=5519 | diff=5519 (0.084) | lcc=0.084 | flagged=0
[15:08:28] DEBUG - 94202053_240504a_13~7821_hr4_2053.tif | pred_pos=0 | gt_pos=18645 | diff=18645 (0.285) | lcc=0.285 | flagged=0
[15:08:28] DEBUG - 94202053_240504a_13~7821_hr4_211.tif | pred_pos=0 | gt_pos=2783 | diff=2783 (0.042) | lcc=0.042 | flagged=0
[15:08:28] DEBUG - 94202053_240504a_13~7821_hr4_2132.tif | pred_pos=0 | gt_pos=8368 | diff=8368 (0.128) | lcc=0.128 | flagged=0
[15:08:28] DEBUG - 94202053_240504a_13~7821_hr4_2141.tif | pred_pos=0 | gt_pos=13751 | diff=13751 (0.210) | lcc=0.210 | flagged=0
[15:08:28] DEBUG - 94202053_240504a_13~7821_hr4_2243.tif | pred_pos=0 | gt_pos=24206 | diff=24206 (0.369) | lcc=0.369 | flagged=0
[15:08:28] DEBUG - 94202053_240504a_13~7821_hr4_2436.tif | pred_pos=0 | gt_pos=0 | diff=0 (0.000) | lcc=0.000 | flagged=0
[15:08:28] DEBUG - 94202053_240504a_13~7821_hr4_2463.tif | pred_pos=0 | gt_pos=3020 | diff=3020 (0.046) | lcc=0.046 | flagged=0
[15:08:28] DEBUG - 94202053_240504a_13~7821_hr4_2481.tif | pred_pos=0 | gt_pos=0 | diff=0 (0.000) | lcc=0.000 | flagged=0
[15:08:28] DEBUG - 94202053_240504a_13~7821_hr4_2488.tif | pred_pos=0 | gt_pos=36662 | diff=36662 (0.559) | lcc=0.559 | flagged=1
[15:08:28] DEBUG - 94202053_240504a_13~7821_hr4_2489.tif | pred_pos=0 | gt_pos=11302 | diff=11302 (0.172) | lcc=0.172 | flagged=0
[15:08:28] DEBUG - 94202053_240504a_13~7821_hr4_2758.tif | pred_pos=0 | gt_pos=2781 | diff=2781 (0.042) | lcc=0.042 | flagged=0
[15:08:28] DEBUG - 94202053_240504a_13~7821_hr4_2772.tif | pred_pos=0 | gt_pos=23095 | diff=23095 (0.352) | lcc=0.352 | flagged=0
[15:08:28] DEBUG - 94202053_240504a_13~7821_hr4_278.tif | pred_pos=0 | gt_pos=5799 | diff=5799 (0.088) | lcc=0.088 | flagged=0
[15:08:28] DEBUG - 94202053_240504a_13~7821_hr4_2839.tif | pred_pos=0 | gt_pos=27992 | diff=27992 (0.427) | lcc=0.427 | flagged=0
[15:08:28] DEBUG - 94202053_240504a_13~7821_hr4_2844.tif | pred_pos=0 | gt_pos=0 | diff=0 (0.000) | lcc=0.000 | flagged=0
[15:08:28] DEBUG - 94202053_240504a_13~7821_hr4_2857.tif | pred_pos=0 | gt_pos=25336 | diff=25336 (0.387) | lcc=0.387 | flagged=0
[15:08:28] DEBUG - 94202053_240504a_13~7821_hr4_289.tif | pred_pos=0 | gt_pos=6449 | diff=6449 (0.098) | lcc=0.098 | flagged=0
[15:08:28] DEBUG - 94202053_240504a_13~7821_hr4_2896.tif | pred_pos=0 | gt_pos=19989 | diff=19989 (0.305) | lcc=0.305 | flagged=0
[15:08:28] DEBUG - 94202053_240504a_13~7821_hr4_2913.tif | pred_pos=0 | gt_pos=32316 | diff=32316 (0.493) | lcc=0.493 | flagged=0
[15:08:28] DEBUG - 94202053_240504a_13~7821_hr4_2915.tif | pred_pos=0 | gt_pos=46093 | diff=46093 (0.703) | lcc=0.703 | flagged=1
[15:08:28] DEBUG - 94202053_240504a_13~7821_hr4_2925.tif | pred_pos=0 | gt_pos=260 | diff=260 (0.004) | lcc=0.004 | flagged=0
[15:08:28] DEBUG - 94202053_240504a_13~7821_hr4_3006.tif | pred_pos=0 | gt_pos=3848 | diff=3848 (0.059) | lcc=0.059 | flagged=0
[15:08:28] DEBUG - 94202053_240504a_13~7821_hr4_3061.tif | pred_pos=0 | gt_pos=12041 | diff=12041 (0.184) | lcc=0.184 | flagged=0
[15:08:28] DEBUG - 94202053_240504a_13~7821_hr4_3138.tif | pred_pos=0 | gt_pos=20029 | diff=20029 (0.306) | lcc=0.306 | flagged=0
[15:08:28] DEBUG - 94202053_240504a_13~7821_hr4_3151.tif | pred_pos=0 | gt_pos=21797 | diff=21797 (0.333) | lcc=0.333 | flagged=0
[15:08:28] DEBUG - 94202053_240504a_13~7821_hr4_3285.tif | pred_pos=0 | gt_pos=33111 | diff=33111 (0.505) | lcc=0.505 | flagged=1
[15:08:28] DEBUG - 94202053_240504a_13~7821_hr4_3298.tif | pred_pos=0 | gt_pos=13217 | diff=13217 (0.202) | lcc=0.202 | flagged=0
[15:08:28] DEBUG - 94202053_240504a_13~7821_hr4_3465.tif | pred_pos=0 | gt_pos=15135 | diff=15135 (0.231) | lcc=0.231 | flagged=0
[15:08:28] DEBUG - 94202053_240504a_13~7821_hr4_3475.tif | pred_pos=0 | gt_pos=29101 | diff=29101 (0.444) | lcc=0.434 | flagged=0
[15:08:28] DEBUG - 94202053_240504a_13~7821_hr4_3500.tif | pred_pos=0 | gt_pos=18612 | diff=18612 (0.284) | lcc=0.284 | flagged=0
[15:08:28] DEBUG - 94202053_240504a_13~7821_hr4_3525.tif | pred_pos=0 | gt_pos=0 | diff=0 (0.000) | lcc=0.000 | flagged=0
[15:08:28] DEBUG - 94202053_240504a_13~7821_hr4_3572.tif | pred_pos=0 | gt_pos=11121 | diff=11121 (0.170) | lcc=0.170 | flagged=0
[15:08:28] DEBUG - 94202053_240504a_13~7821_hr4_3613.tif | pred_pos=0 | gt_pos=58653 | diff=58653 (0.895) | lcc=0.895 | flagged=1
[15:08:28] DEBUG - 94202053_240504a_13~7821_hr4_3648.tif | pred_pos=0 | gt_pos=25649 | diff=25649 (0.391) | lcc=0.391 | flagged=0
[15:08:29] DEBUG - 94202053_240504a_13~7821_hr4_3685.tif | pred_pos=0 | gt_pos=12891 | diff=12891 (0.197) | lcc=0.197 | flagged=0
[15:08:29] DEBUG - 94202053_240504a_13~7821_hr4_3686.tif | pred_pos=0 | gt_pos=2664 | diff=2664 (0.041) | lcc=0.041 | flagged=0
[15:08:29] DEBUG - 94202053_240504a_13~7821_hr4_3759.tif | pred_pos=0 | gt_pos=64223 | diff=64223 (0.980) | lcc=0.980 | flagged=1
[15:08:29] DEBUG - 94202053_240504a_13~7821_hr4_3827.tif | pred_pos=0 | gt_pos=0 | diff=0 (0.000) | lcc=0.000 | flagged=0
[15:08:29] DEBUG - 94202053_240504a_13~7821_hr4_3845.tif | pred_pos=0 | gt_pos=728 | diff=728 (0.011) | lcc=0.011 | flagged=0
[15:08:29] DEBUG - 94202053_240504a_13~7821_hr4_3886.tif | pred_pos=0 | gt_pos=533 | diff=533 (0.008) | lcc=0.008 | flagged=0
[15:08:29] DEBUG - 94202053_240504a_13~7821_hr4_3889.tif | pred_pos=0 | gt_pos=57947 | diff=57947 (0.884) | lcc=0.884 | flagged=1
[15:08:29] DEBUG - 94202053_240504a_13~7821_hr4_3902.tif | pred_pos=0 | gt_pos=35306 | diff=35306 (0.539) | lcc=0.539 | flagged=1
[15:08:29] DEBUG - 94202053_240504a_13~7821_hr4_3963.tif | pred_pos=0 | gt_pos=54611 | diff=54611 (0.833) | lcc=0.833 | flagged=1
[15:08:29] DEBUG - 94202053_240504a_13~7821_hr4_4044.tif | pred_pos=0 | gt_pos=12982 | diff=12982 (0.198) | lcc=0.198 | flagged=0
[15:08:29] DEBUG - 94202053_240504a_13~7821_hr4_4047.tif | pred_pos=0 | gt_pos=16052 | diff=16052 (0.245) | lcc=0.245 | flagged=0
[15:08:29] DEBUG - 94202053_240504a_13~7821_hr4_4060.tif | pred_pos=0 | gt_pos=0 | diff=0 (0.000) | lcc=0.000 | flagged=0
[15:08:29] DEBUG - 94202053_240504a_13~7821_hr4_4137.tif | pred_pos=0 | gt_pos=19238 | diff=19238 (0.294) | lcc=0.294 | flagged=0
[15:08:29] DEBUG - 94202053_240504a_13~7821_hr4_4184.tif | pred_pos=0 | gt_pos=25330 | diff=25330 (0.387) | lcc=0.387 | flagged=0
[15:08:29] DEBUG - 94202053_240504a_13~7821_hr4_4190.tif | pred_pos=0 | gt_pos=58777 | diff=58777 (0.897) | lcc=0.897 | flagged=1
[15:08:29] DEBUG - 94202053_240504a_13~7821_hr4_425.tif | pred_pos=0 | gt_pos=10595 | diff=10595 (0.162) | lcc=0.162 | flagged=0
[15:08:29] DEBUG - 94202053_240504a_13~7821_hr4_4267.tif | pred_pos=0 | gt_pos=19981 | diff=19981 (0.305) | lcc=0.305 | flagged=0
[15:08:29] DEBUG - 94202053_240504a_13~7821_hr4_4279.tif | pred_pos=0 | gt_pos=7065 | diff=7065 (0.108) | lcc=0.108 | flagged=0
[15:08:29] DEBUG - 94202053_240504a_13~7821_hr4_432.tif | pred_pos=0 | gt_pos=1452 | diff=1452 (0.022) | lcc=0.022 | flagged=0
[15:08:29] DEBUG - 94202053_240504a_13~7821_hr4_4345.tif | pred_pos=0 | gt_pos=5812 | diff=5812 (0.089) | lcc=0.089 | flagged=0
[15:08:29] DEBUG - 94202053_240504a_13~7821_hr4_438.tif | pred_pos=0 | gt_pos=48137 | diff=48137 (0.735) | lcc=0.441 | flagged=0
[15:08:29] DEBUG - 94202053_240504a_13~7821_hr4_440.tif | pred_pos=0 | gt_pos=10039 | diff=10039 (0.153) | lcc=0.153 | flagged=0
[15:08:29] DEBUG - 94202053_240504a_13~7821_hr4_478.tif | pred_pos=0 | gt_pos=2281 | diff=2281 (0.035) | lcc=0.035 | flagged=0
[15:08:29] DEBUG - 94202053_240504a_13~7821_hr4_505.tif | pred_pos=0 | gt_pos=45913 | diff=45913 (0.701) | lcc=0.701 | flagged=1
[15:08:29] DEBUG - 94202053_240504a_13~7821_hr4_516.tif | pred_pos=0 | gt_pos=26565 | diff=26565 (0.405) | lcc=0.405 | flagged=0
[15:08:29] DEBUG - 94202053_240504a_13~7821_hr4_5232.tif | pred_pos=0 | gt_pos=0 | diff=0 (0.000) | lcc=0.000 | flagged=0
[15:08:29] DEBUG - 94202053_240504a_13~7821_hr4_573.tif | pred_pos=0 | gt_pos=35795 | diff=35795 (0.546) | lcc=0.546 | flagged=1
[15:08:29] DEBUG - 94202053_240504a_13~7821_hr4_585.tif | pred_pos=0 | gt_pos=20951 | diff=20951 (0.320) | lcc=0.320 | flagged=0
[15:08:29] DEBUG - 94202053_240504a_13~7821_hr4_586.tif | pred_pos=0 | gt_pos=54549 | diff=54549 (0.832) | lcc=0.832 | flagged=1
[15:08:29] DEBUG - 94202053_240504a_13~7821_hr4_608.tif | pred_pos=0 | gt_pos=31268 | diff=31268 (0.477) | lcc=0.477 | flagged=0
[15:08:29] DEBUG - 94202053_240504a_13~7821_hr4_623.tif | pred_pos=0 | gt_pos=29101 | diff=29101 (0.444) | lcc=0.444 | flagged=0
[15:08:29] DEBUG - 94202053_240504a_13~7821_hr4_66.tif | pred_pos=0 | gt_pos=14713 | diff=14713 (0.225) | lcc=0.225 | flagged=0
[15:08:29] DEBUG - 94202053_240504a_13~7821_hr4_664.tif | pred_pos=0 | gt_pos=20849 | diff=20849 (0.318) | lcc=0.301 | flagged=0
[15:08:29] DEBUG - 94202053_240504a_13~7821_hr4_736.tif | pred_pos=0 | gt_pos=7212 | diff=7212 (0.110) | lcc=0.110 | flagged=0
[15:08:29] DEBUG - 94202053_240504a_13~7821_hr4_767.tif | pred_pos=0 | gt_pos=0 | diff=0 (0.000) | lcc=0.000 | flagged=0
[15:08:29] DEBUG - 94202053_240504a_13~7821_hr4_771.tif | pred_pos=0 | gt_pos=19958 | diff=19958 (0.305) | lcc=0.305 | flagged=0
[15:08:29] DEBUG - 94202053_240504a_13~7821_hr4_810.tif | pred_pos=0 | gt_pos=10158 | diff=10158 (0.155) | lcc=0.155 | flagged=0
[15:08:29] DEBUG - 94202053_240504a_13~7821_hr4_812.tif | pred_pos=0 | gt_pos=3129 | diff=3129 (0.048) | lcc=0.048 | flagged=0
[15:08:29] DEBUG - 94202053_240504a_13~7821_hr4_831.tif | pred_pos=0 | gt_pos=3050 | diff=3050 (0.047) | lcc=0.047 | flagged=0
[15:08:29] DEBUG - 94202053_240504a_13~7821_hr4_845.tif | pred_pos=0 | gt_pos=25838 | diff=25838 (0.394) | lcc=0.394 | flagged=0
[15:08:29] DEBUG - 94202053_240504a_13~7821_hr4_846.tif | pred_pos=0 | gt_pos=33849 | diff=33849 (0.516) | lcc=0.516 | flagged=1
[15:08:29] DEBUG - 94202053_240504a_13~7821_hr4_85.tif | pred_pos=0 | gt_pos=18626 | diff=18626 (0.284) | lcc=0.284 | flagged=0
[15:08:29] DEBUG - 94202053_240504a_13~7821_hr4_902.tif | pred_pos=0 | gt_pos=2498 | diff=2498 (0.038) | lcc=0.038 | flagged=0
[15:08:29] DEBUG - 94202053_240504a_13~7821_hr4_904.tif | pred_pos=0 | gt_pos=13009 | diff=13009 (0.199) | lcc=0.199 | flagged=0
[15:08:29] DEBUG - 94202053_240504a_13~7821_hr4_911.tif | pred_pos=0 | gt_pos=13946 | diff=13946 (0.213) | lcc=0.213 | flagged=0
[15:08:29] DEBUG - 94202053_240504a_13~7821_hr4_928.tif | pred_pos=0 | gt_pos=0 | diff=0 (0.000) | lcc=0.000 | flagged=0
[15:08:29] DEBUG - 94202053_240504a_13~7821_hr4_948.tif | pred_pos=0 | gt_pos=48524 | diff=48524 (0.740) | lcc=0.740 | flagged=1
[15:08:29] DEBUG - 94202053_240504a_13~7821_hr4_975.tif | pred_pos=0 | gt_pos=33252 | diff=33252 (0.507) | lcc=0.507 | flagged=1
[15:08:29] DEBUG - 94202053_240504a_13~7821_hr4_985.tif | pred_pos=0 | gt_pos=10413 | diff=10413 (0.159) | lcc=0.159 | flagged=0
[15:08:29] DEBUG - 94202054_240504a_14~8078_hr4_1061.tif | pred_pos=0 | gt_pos=0 | diff=0 (0.000) | lcc=0.000 | flagged=0
[15:08:29] DEBUG - 94202054_240504a_14~8078_hr4_1094.tif | pred_pos=0 | gt_pos=33157 | diff=33157 (0.506) | lcc=0.506 | flagged=1
[15:08:29] DEBUG - 94202054_240504a_14~8078_hr4_1144.tif | pred_pos=0 | gt_pos=4217 | diff=4217 (0.064) | lcc=0.064 | flagged=0
[15:08:29] DEBUG - 94202054_240504a_14~8078_hr4_1145.tif | pred_pos=0 | gt_pos=65430 | diff=65430 (0.998) | lcc=0.998 | flagged=1
[15:08:29] DEBUG - 94202054_240504a_14~8078_hr4_1167.tif | pred_pos=0 | gt_pos=2586 | diff=2586 (0.039) | lcc=0.039 | flagged=0
[15:08:29] DEBUG - 94202054_240504a_14~8078_hr4_1171.tif | pred_pos=0 | gt_pos=15602 | diff=15602 (0.238) | lcc=0.238 | flagged=0
[15:08:29] DEBUG - 94202054_240504a_14~8078_hr4_12.tif | pred_pos=0 | gt_pos=18528 | diff=18528 (0.283) | lcc=0.283 | flagged=0
[15:08:29] DEBUG - 94202054_240504a_14~8078_hr4_1213.tif | pred_pos=0 | gt_pos=17799 | diff=17799 (0.272) | lcc=0.272 | flagged=0
[15:08:29] DEBUG - 94202054_240504a_14~8078_hr4_1245.tif | pred_pos=0 | gt_pos=12172 | diff=12172 (0.186) | lcc=0.186 | flagged=0
[15:08:29] DEBUG - 94202054_240504a_14~8078_hr4_1286.tif | pred_pos=0 | gt_pos=638 | diff=638 (0.010) | lcc=0.010 | flagged=0
[15:08:29] DEBUG - 94202054_240504a_14~8078_hr4_1289.tif | pred_pos=0 | gt_pos=55052 | diff=55052 (0.840) | lcc=0.840 | flagged=1
[15:08:29] DEBUG - 94202054_240504a_14~8078_hr4_1294.tif | pred_pos=0 | gt_pos=1731 | diff=1731 (0.026) | lcc=0.026 | flagged=0
[15:08:29] DEBUG - 94202054_240504a_14~8078_hr4_1306.tif | pred_pos=0 | gt_pos=2928 | diff=2928 (0.045) | lcc=0.045 | flagged=0
[15:08:29] DEBUG - 94202054_240504a_14~8078_hr4_1361.tif | pred_pos=0 | gt_pos=23698 | diff=23698 (0.362) | lcc=0.362 | flagged=0
[15:08:29] DEBUG - 94202054_240504a_14~8078_hr4_1416.tif | pred_pos=0 | gt_pos=3521 | diff=3521 (0.054) | lcc=0.054 | flagged=0
[15:08:32] DEBUG - 94202054_240504a_14~8078_hr4_1481.tif | pred_pos=0 | gt_pos=10804 | diff=10804 (0.165) | lcc=0.165 | flagged=0
[15:08:32] DEBUG - 94202054_240504a_14~8078_hr4_1491.tif | pred_pos=0 | gt_pos=34263 | diff=34263 (0.523) | lcc=0.523 | flagged=1
[15:08:32] DEBUG - 94202054_240504a_14~8078_hr4_1585.tif | pred_pos=0 | gt_pos=65536 | diff=65536 (1.000) | lcc=1.000 | flagged=1
[15:08:32] DEBUG - 94202054_240504a_14~8078_hr4_1610.tif | pred_pos=0 | gt_pos=9705 | diff=9705 (0.148) | lcc=0.148 | flagged=0
[15:08:32] DEBUG - 94202054_240504a_14~8078_hr4_1613.tif | pred_pos=0 | gt_pos=3425 | diff=3425 (0.052) | lcc=0.052 | flagged=0
[15:08:32] DEBUG - 94202054_240504a_14~8078_hr4_1663.tif | pred_pos=0 | gt_pos=32574 | diff=32574 (0.497) | lcc=0.497 | flagged=0
[15:08:32] DEBUG - 94202054_240504a_14~8078_hr4_1683.tif | pred_pos=0 | gt_pos=2173 | diff=2173 (0.033) | lcc=0.033 | flagged=0
[15:08:32] DEBUG - 94202054_240504a_14~8078_hr4_1740.tif | pred_pos=0 | gt_pos=13935 | diff=13935 (0.213) | lcc=0.180 | flagged=0
[15:08:32] DEBUG - 94202054_240504a_14~8078_hr4_1747.tif | pred_pos=0 | gt_pos=751 | diff=751 (0.011) | lcc=0.011 | flagged=0
[15:08:32] DEBUG - 94202054_240504a_14~8078_hr4_1801.tif | pred_pos=0 | gt_pos=864 | diff=864 (0.013) | lcc=0.013 | flagged=0
[15:08:32] DEBUG - 94202054_240504a_14~8078_hr4_1875.tif | pred_pos=0 | gt_pos=65 | diff=65 (0.001) | lcc=0.001 | flagged=0
[15:08:32] DEBUG - 94202054_240504a_14~8078_hr4_1878.tif | pred_pos=0 | gt_pos=11092 | diff=11092 (0.169) | lcc=0.169 | flagged=0
[15:08:32] DEBUG - 94202054_240504a_14~8078_hr4_1885.tif | pred_pos=0 | gt_pos=7631 | diff=7631 (0.116) | lcc=0.116 | flagged=0
[15:08:32] DEBUG - 94202054_240504a_14~8078_hr4_1887.tif | pred_pos=0 | gt_pos=38831 | diff=38831 (0.593) | lcc=0.526 | flagged=1
[15:08:32] DEBUG - 94202054_240504a_14~8078_hr4_1896.tif | pred_pos=0 | gt_pos=20061 | diff=20061 (0.306) | lcc=0.306 | flagged=0
[15:08:32] DEBUG - 94202054_240504a_14~8078_hr4_1928.tif | pred_pos=0 | gt_pos=0 | diff=0 (0.000) | lcc=0.000 | flagged=0
[15:08:32] DEBUG - 94202054_240504a_14~8078_hr4_1970.tif | pred_pos=0 | gt_pos=15209 | diff=15209 (0.232) | lcc=0.223 | flagged=0
[15:08:32] DEBUG - 94202054_240504a_14~8078_hr4_2153.tif | pred_pos=0 | gt_pos=570 | diff=570 (0.009) | lcc=0.009 | flagged=0
[15:08:32] DEBUG - 94202054_240504a_14~8078_hr4_2169.tif | pred_pos=0 | gt_pos=0 | diff=0 (0.000) | lcc=0.000 | flagged=0
[15:08:32] DEBUG - 94202054_240504a_14~8078_hr4_2186.tif | pred_pos=0 | gt_pos=38666 | diff=38666 (0.590) | lcc=0.590 | flagged=1
[15:08:32] DEBUG - 94202054_240504a_14~8078_hr4_2193.tif | pred_pos=0 | gt_pos=10174 | diff=10174 (0.155) | lcc=0.155 | flagged=0
[15:08:32] DEBUG - 94202054_240504a_14~8078_hr4_2200.tif | pred_pos=0 | gt_pos=23759 | diff=23759 (0.363) | lcc=0.363 | flagged=0
[15:08:32] DEBUG - 94202054_240504a_14~8078_hr4_2213.tif | pred_pos=0 | gt_pos=7003 | diff=7003 (0.107) | lcc=0.107 | flagged=0
[15:08:32] DEBUG - 94202054_240504a_14~8078_hr4_2228.tif | pred_pos=0 | gt_pos=7723 | diff=7723 (0.118) | lcc=0.118 | flagged=0
[15:08:32] DEBUG - 94202054_240504a_14~8078_hr4_2305.tif | pred_pos=0 | gt_pos=13941 | diff=13941 (0.213) | lcc=0.213 | flagged=0
[15:08:32] DEBUG - 94202054_240504a_14~8078_hr4_2322.tif | pred_pos=0 | gt_pos=53583 | diff=53583 (0.818) | lcc=0.818 | flagged=1
[15:08:32] DEBUG - 94202054_240504a_14~8078_hr4_2346.tif | pred_pos=0 | gt_pos=3920 | diff=3920 (0.060) | lcc=0.060 | flagged=0
[15:08:32] DEBUG - 94202054_240504a_14~8078_hr4_2347.tif | pred_pos=0 | gt_pos=65376 | diff=65376 (0.998) | lcc=0.998 | flagged=1
[15:08:32] DEBUG - 94202054_240504a_14~8078_hr4_2377.tif | pred_pos=0 | gt_pos=3469 | diff=3469 (0.053) | lcc=0.053 | flagged=0
[15:08:32] DEBUG - 94202054_240504a_14~8078_hr4_2380.tif | pred_pos=0 | gt_pos=20764 | diff=20764 (0.317) | lcc=0.317 | flagged=0
[15:08:32] DEBUG - 94202054_240504a_14~8078_hr4_2441.tif | pred_pos=0 | gt_pos=9465 | diff=9465 (0.144) | lcc=0.144 | flagged=0
[15:08:32] DEBUG - 94202054_240504a_14~8078_hr4_2473.tif | pred_pos=0 | gt_pos=19480 | diff=19480 (0.297) | lcc=0.297 | flagged=0
[15:08:32] DEBUG - 94202054_240504a_14~8078_hr4_2563.tif | pred_pos=0 | gt_pos=23470 | diff=23470 (0.358) | lcc=0.358 | flagged=0
[15:08:32] DEBUG - 94202054_240504a_14~8078_hr4_2657.tif | pred_pos=0 | gt_pos=65536 | diff=65536 (1.000) | lcc=1.000 | flagged=1
[15:08:32] DEBUG - 94202054_240504a_14~8078_hr4_2659.tif | pred_pos=0 | gt_pos=45207 | diff=45207 (0.690) | lcc=0.690 | flagged=1
[15:08:32] DEBUG - 94202054_240504a_14~8078_hr4_2672.tif | pred_pos=0 | gt_pos=64990 | diff=64990 (0.992) | lcc=0.992 | flagged=1
[15:08:32] DEBUG - 94202054_240504a_14~8078_hr4_2677.tif | pred_pos=0 | gt_pos=1093 | diff=1093 (0.017) | lcc=0.017 | flagged=0
[15:08:32] DEBUG - 94202054_240504a_14~8078_hr4_269.tif | pred_pos=0 | gt_pos=6934 | diff=6934 (0.106) | lcc=0.106 | flagged=0
[15:08:32] DEBUG - 94202054_240504a_14~8078_hr4_2707.tif | pred_pos=0 | gt_pos=24993 | diff=24993 (0.381) | lcc=0.381 | flagged=0
[15:08:32] DEBUG - 94202054_240504a_14~8078_hr4_2749.tif | pred_pos=0 | gt_pos=12899 | diff=12899 (0.197) | lcc=0.197 | flagged=0
[15:08:32] DEBUG - 94202054_240504a_14~8078_hr4_2753.tif | pred_pos=0 | gt_pos=55533 | diff=55533 (0.847) | lcc=0.847 | flagged=1
[15:08:32] DEBUG - 94202054_240504a_14~8078_hr4_2772.tif | pred_pos=0 | gt_pos=40786 | diff=40786 (0.622) | lcc=0.622 | flagged=1
[15:08:32] DEBUG - 94202054_240504a_14~8078_hr4_2777.tif | pred_pos=0 | gt_pos=1344 | diff=1344 (0.021) | lcc=0.021 | flagged=0
[15:08:32] DEBUG - 94202054_240504a_14~8078_hr4_2826.tif | pred_pos=0 | gt_pos=65536 | diff=65536 (1.000) | lcc=1.000 | flagged=1
[15:08:32] DEBUG - 94202054_240504a_14~8078_hr4_2896.tif | pred_pos=0 | gt_pos=18623 | diff=18623 (0.284) | lcc=0.284 | flagged=0
[15:08:32] DEBUG - 94202054_240504a_14~8078_hr4_2898.tif | pred_pos=0 | gt_pos=976 | diff=976 (0.015) | lcc=0.015 | flagged=0
[15:08:32] DEBUG - 94202054_240504a_14~8078_hr4_2944.tif | pred_pos=0 | gt_pos=23494 | diff=23494 (0.358) | lcc=0.358 | flagged=0
[15:08:32] DEBUG - 94202054_240504a_14~8078_hr4_2999.tif | pred_pos=0 | gt_pos=30082 | diff=30082 (0.459) | lcc=0.459 | flagged=0
[15:08:32] DEBUG - 94202054_240504a_14~8078_hr4_30.tif | pred_pos=0 | gt_pos=21777 | diff=21777 (0.332) | lcc=0.332 | flagged=0
[15:08:32] DEBUG - 94202054_240504a_14~8078_hr4_307.tif | pred_pos=0 | gt_pos=27 | diff=27 (0.000) | lcc=0.000 | flagged=0
[15:08:32] DEBUG - 94202054_240504a_14~8078_hr4_308.tif | pred_pos=0 | gt_pos=9820 | diff=9820 (0.150) | lcc=0.150 | flagged=0
[15:08:32] DEBUG - 94202054_240504a_14~8078_hr4_309.tif | pred_pos=0 | gt_pos=14106 | diff=14106 (0.215) | lcc=0.215 | flagged=0
[15:08:32] DEBUG - 94202054_240504a_14~8078_hr4_3091.tif | pred_pos=0 | gt_pos=0 | diff=0 (0.000) | lcc=0.000 | flagged=0
[15:08:32] DEBUG - 94202054_240504a_14~8078_hr4_3118.tif | pred_pos=0 | gt_pos=144 | diff=144 (0.002) | lcc=0.002 | flagged=0
[15:08:32] DEBUG - 94202054_240504a_14~8078_hr4_3156.tif | pred_pos=0 | gt_pos=856 | diff=856 (0.013) | lcc=0.013 | flagged=0
[15:08:32] DEBUG - 94202054_240504a_14~8078_hr4_3208.tif | pred_pos=0 | gt_pos=21959 | diff=21959 (0.335) | lcc=0.335 | flagged=0
[15:08:32] DEBUG - 94202054_240504a_14~8078_hr4_3216.tif | pred_pos=0 | gt_pos=4140 | diff=4140 (0.063) | lcc=0.042 | flagged=0
[15:08:32] DEBUG - 94202054_240504a_14~8078_hr4_3278.tif | pred_pos=0 | gt_pos=7065 | diff=7065 (0.108) | lcc=0.075 | flagged=0
[15:08:32] DEBUG - 94202054_240504a_14~8078_hr4_3433.tif | pred_pos=0 | gt_pos=33215 | diff=33215 (0.507) | lcc=0.473 | flagged=0
[15:08:32] DEBUG - 94202054_240504a_14~8078_hr4_3520.tif | pred_pos=0 | gt_pos=10466 | diff=10466 (0.160) | lcc=0.160 | flagged=0
[15:08:32] DEBUG - 94202054_240504a_14~8078_hr4_355.tif | pred_pos=0 | gt_pos=15148 | diff=15148 (0.231) | lcc=0.231 | flagged=0
[15:08:32] DEBUG - 94202054_240504a_14~8078_hr4_3580.tif | pred_pos=0 | gt_pos=63255 | diff=63255 (0.965) | lcc=0.965 | flagged=1
[15:08:32] DEBUG - 94202054_240504a_14~8078_hr4_3596.tif | pred_pos=0 | gt_pos=15232 | diff=15232 (0.232) | lcc=0.232 | flagged=0
[15:08:32] DEBUG - 94202054_240504a_14~8078_hr4_360.tif | pred_pos=0 | gt_pos=6899 | diff=6899 (0.105) | lcc=0.105 | flagged=0
[15:08:33] DEBUG - 94202054_240504a_14~8078_hr4_3608.tif | pred_pos=0 | gt_pos=369 | diff=369 (0.006) | lcc=0.006 | flagged=0
[15:08:33] DEBUG - 94202054_240504a_14~8078_hr4_361.tif | pred_pos=0 | gt_pos=24854 | diff=24854 (0.379) | lcc=0.379 | flagged=0
[15:08:33] DEBUG - 94202054_240504a_14~8078_hr4_3635.tif | pred_pos=0 | gt_pos=19523 | diff=19523 (0.298) | lcc=0.298 | flagged=0
[15:08:33] DEBUG - 94202054_240504a_14~8078_hr4_3636.tif | pred_pos=0 | gt_pos=6438 | diff=6438 (0.098) | lcc=0.098 | flagged=0
[15:08:33] DEBUG - 94202054_240504a_14~8078_hr4_3659.tif | pred_pos=0 | gt_pos=2514 | diff=2514 (0.038) | lcc=0.038 | flagged=0
[15:08:33] DEBUG - 94202054_240504a_14~8078_hr4_371.tif | pred_pos=0 | gt_pos=37845 | diff=37845 (0.577) | lcc=0.504 | flagged=1
[15:08:33] DEBUG - 94202054_240504a_14~8078_hr4_3733.tif | pred_pos=0 | gt_pos=5481 | diff=5481 (0.084) | lcc=0.084 | flagged=0
[15:08:33] DEBUG - 94202054_240504a_14~8078_hr4_3826.tif | pred_pos=0 | gt_pos=12255 | diff=12255 (0.187) | lcc=0.187 | flagged=0
[15:08:33] DEBUG - 94202054_240504a_14~8078_hr4_387.tif | pred_pos=0 | gt_pos=64379 | diff=64379 (0.982) | lcc=0.982 | flagged=1
[15:08:33] DEBUG - 94202054_240504a_14~8078_hr4_3885.tif | pred_pos=0 | gt_pos=65536 | diff=65536 (1.000) | lcc=1.000 | flagged=1
[15:08:33] DEBUG - 94202054_240504a_14~8078_hr4_3892.tif | pred_pos=0 | gt_pos=62840 | diff=62840 (0.959) | lcc=0.959 | flagged=1
[15:08:33] DEBUG - 94202054_240504a_14~8078_hr4_393.tif | pred_pos=0 | gt_pos=920 | diff=920 (0.014) | lcc=0.014 | flagged=0
[15:08:33] DEBUG - 94202054_240504a_14~8078_hr4_3968.tif | pred_pos=0 | gt_pos=0 | diff=0 (0.000) | lcc=0.000 | flagged=0
[15:08:33] DEBUG - 94202054_240504a_14~8078_hr4_3970.tif | pred_pos=0 | gt_pos=63332 | diff=63332 (0.966) | lcc=0.966 | flagged=1
[15:08:33] DEBUG - 94202054_240504a_14~8078_hr4_3971.tif | pred_pos=0 | gt_pos=64600 | diff=64600 (0.986) | lcc=0.986 | flagged=1
[15:08:33] DEBUG - 94202054_240504a_14~8078_hr4_3997.tif | pred_pos=0 | gt_pos=232 | diff=232 (0.004) | lcc=0.004 | flagged=0
[15:08:33] DEBUG - 94202054_240504a_14~8078_hr4_4043.tif | pred_pos=0 | gt_pos=8389 | diff=8389 (0.128) | lcc=0.128 | flagged=0
[15:08:33] DEBUG - 94202054_240504a_14~8078_hr4_4178.tif | pred_pos=0 | gt_pos=6525 | diff=6525 (0.100) | lcc=0.100 | flagged=0
[15:08:33] DEBUG - 94202054_240504a_14~8078_hr4_4339.tif | pred_pos=0 | gt_pos=15885 | diff=15885 (0.242) | lcc=0.242 | flagged=0
[15:08:33] DEBUG - 94202054_240504a_14~8078_hr4_434.tif | pred_pos=0 | gt_pos=15561 | diff=15561 (0.237) | lcc=0.237 | flagged=0
[15:08:33] DEBUG - 94202054_240504a_14~8078_hr4_4389.tif | pred_pos=0 | gt_pos=65315 | diff=65315 (0.997) | lcc=0.997 | flagged=1
[15:08:33] DEBUG - 94202054_240504a_14~8078_hr4_445.tif | pred_pos=0 | gt_pos=51739 | diff=51739 (0.789) | lcc=0.789 | flagged=1
[15:08:33] DEBUG - 94202054_240504a_14~8078_hr4_4477.tif | pred_pos=0 | gt_pos=3973 | diff=3973 (0.061) | lcc=0.061 | flagged=0
[15:08:33] DEBUG - 94202054_240504a_14~8078_hr4_4481.tif | pred_pos=0 | gt_pos=14063 | diff=14063 (0.215) | lcc=0.215 | flagged=0
[15:08:33] DEBUG - 94202054_240504a_14~8078_hr4_4487.tif | pred_pos=0 | gt_pos=13800 | diff=13800 (0.211) | lcc=0.211 | flagged=0
[15:08:33] DEBUG - 94202054_240504a_14~8078_hr4_4551.tif | pred_pos=0 | gt_pos=15495 | diff=15495 (0.236) | lcc=0.236 | flagged=0
[15:08:33] DEBUG - 94202054_240504a_14~8078_hr4_462.tif | pred_pos=0 | gt_pos=6402 | diff=6402 (0.098) | lcc=0.098 | flagged=0
[15:08:33] DEBUG - 94202054_240504a_14~8078_hr4_4701.tif | pred_pos=0 | gt_pos=6999 | diff=6999 (0.107) | lcc=0.107 | flagged=0
[15:08:33] DEBUG - 94202054_240504a_14~8078_hr4_4726.tif | pred_pos=0 | gt_pos=55831 | diff=55831 (0.852) | lcc=0.852 | flagged=1
[15:08:33] DEBUG - 94202054_240504a_14~8078_hr4_4758.tif | pred_pos=0 | gt_pos=7655 | diff=7655 (0.117) | lcc=0.117 | flagged=0
[15:08:33] DEBUG - 94202054_240504a_14~8078_hr4_4823.tif | pred_pos=0 | gt_pos=20197 | diff=20197 (0.308) | lcc=0.308 | flagged=0
[15:08:33] DEBUG - 94202054_240504a_14~8078_hr4_4847.tif | pred_pos=0 | gt_pos=6025 | diff=6025 (0.092) | lcc=0.092 | flagged=0
[15:08:33] DEBUG - 94202054_240504a_14~8078_hr4_49.tif | pred_pos=0 | gt_pos=24416 | diff=24416 (0.373) | lcc=0.373 | flagged=0
[15:08:33] DEBUG - 94202054_240504a_14~8078_hr4_4906.tif | pred_pos=0 | gt_pos=629 | diff=629 (0.010) | lcc=0.010 | flagged=0
[15:08:33] DEBUG - 94202054_240504a_14~8078_hr4_4919.tif | pred_pos=0 | gt_pos=7600 | diff=7600 (0.116) | lcc=0.116 | flagged=0
[15:08:33] DEBUG - 94202054_240504a_14~8078_hr4_4986.tif | pred_pos=0 | gt_pos=49504 | diff=49504 (0.755) | lcc=0.755 | flagged=1
[15:08:33] DEBUG - 94202054_240504a_14~8078_hr4_4992.tif | pred_pos=0 | gt_pos=18441 | diff=18441 (0.281) | lcc=0.281 | flagged=0
[15:08:33] DEBUG - 94202054_240504a_14~8078_hr4_5024.tif | pred_pos=0 | gt_pos=2360 | diff=2360 (0.036) | lcc=0.036 | flagged=0
[15:08:33] DEBUG - 94202054_240504a_14~8078_hr4_5060.tif | pred_pos=0 | gt_pos=1847 | diff=1847 (0.028) | lcc=0.028 | flagged=0
[15:08:33] DEBUG - 94202054_240504a_14~8078_hr4_5120.tif | pred_pos=0 | gt_pos=65387 | diff=65387 (0.998) | lcc=0.998 | flagged=1
[15:08:33] DEBUG - 94202054_240504a_14~8078_hr4_5205.tif | pred_pos=0 | gt_pos=24016 | diff=24016 (0.366) | lcc=0.366 | flagged=0
[15:08:33] DEBUG - 94202054_240504a_14~8078_hr4_5250.tif | pred_pos=0 | gt_pos=14426 | diff=14426 (0.220) | lcc=0.220 | flagged=0
[15:08:33] DEBUG - 94202054_240504a_14~8078_hr4_532.tif | pred_pos=0 | gt_pos=463 | diff=463 (0.007) | lcc=0.007 | flagged=0
[15:08:33] DEBUG - 94202054_240504a_14~8078_hr4_5351.tif | pred_pos=0 | gt_pos=65536 | diff=65536 (1.000) | lcc=1.000 | flagged=1
[15:08:33] DEBUG - 94202054_240504a_14~8078_hr4_5364.tif | pred_pos=0 | gt_pos=11530 | diff=11530 (0.176) | lcc=0.176 | flagged=0
[15:08:33] DEBUG - 94202054_240504a_14~8078_hr4_5451.tif | pred_pos=0 | gt_pos=16136 | diff=16136 (0.246) | lcc=0.246 | flagged=0
[15:08:33] DEBUG - 94202054_240504a_14~8078_hr4_5487.tif | pred_pos=0 | gt_pos=1574 | diff=1574 (0.024) | lcc=0.024 | flagged=0
[15:08:33] DEBUG - 94202054_240504a_14~8078_hr4_5488.tif | pred_pos=0 | gt_pos=18166 | diff=18166 (0.277) | lcc=0.234 | flagged=0
[15:08:33] DEBUG - 94202054_240504a_14~8078_hr4_5562.tif | pred_pos=0 | gt_pos=38269 | diff=38269 (0.584) | lcc=0.584 | flagged=1
[15:08:33] DEBUG - 94202054_240504a_14~8078_hr4_5612.tif | pred_pos=0 | gt_pos=0 | diff=0 (0.000) | lcc=0.000 | flagged=0
[15:08:33] DEBUG - 94202054_240504a_14~8078_hr4_5620.tif | pred_pos=0 | gt_pos=10668 | diff=10668 (0.163) | lcc=0.163 | flagged=0
[15:08:33] DEBUG - 94202054_240504a_14~8078_hr4_5686.tif | pred_pos=0 | gt_pos=38330 | diff=38330 (0.585) | lcc=0.585 | flagged=1
[15:08:33] DEBUG - 94202054_240504a_14~8078_hr4_5719.tif | pred_pos=0 | gt_pos=30372 | diff=30372 (0.463) | lcc=0.463 | flagged=0
[15:08:33] DEBUG - 94202054_240504a_14~8078_hr4_59.tif | pred_pos=0 | gt_pos=97 | diff=97 (0.001) | lcc=0.001 | flagged=0
[15:08:33] DEBUG - 94202054_240504a_14~8078_hr4_593.tif | pred_pos=0 | gt_pos=13261 | diff=13261 (0.202) | lcc=0.202 | flagged=0
[15:08:33] DEBUG - 94202054_240504a_14~8078_hr4_604.tif | pred_pos=0 | gt_pos=31712 | diff=31712 (0.484) | lcc=0.484 | flagged=0
[15:08:33] DEBUG - 94202054_240504a_14~8078_hr4_609.tif | pred_pos=0 | gt_pos=10145 | diff=10145 (0.155) | lcc=0.147 | flagged=0
[15:08:33] DEBUG - 94202054_240504a_14~8078_hr4_610.tif | pred_pos=0 | gt_pos=51612 | diff=51612 (0.788) | lcc=0.788 | flagged=1
[15:08:33] DEBUG - 94202054_240504a_14~8078_hr4_611.tif | pred_pos=0 | gt_pos=24726 | diff=24726 (0.377) | lcc=0.377 | flagged=0
[15:08:33] DEBUG - 94202054_240504a_14~8078_hr4_614.tif | pred_pos=0 | gt_pos=56763 | diff=56763 (0.866) | lcc=0.866 | flagged=1
[15:08:33] DEBUG - 94202054_240504a_14~8078_hr4_676.tif | pred_pos=0 | gt_pos=350 | diff=350 (0.005) | lcc=0.005 | flagged=0
[15:08:33] DEBUG - 94202054_240504a_14~8078_hr4_682.tif | pred_pos=0 | gt_pos=18018 | diff=18018 (0.275) | lcc=0.275 | flagged=0
[15:08:33] DEBUG - 94202054_240504a_14~8078_hr4_730.tif | pred_pos=0 | gt_pos=568 | diff=568 (0.009) | lcc=0.009 | flagged=0
[15:08:33] DEBUG - 94202054_240504a_14~8078_hr4_791.tif | pred_pos=0 | gt_pos=3958 | diff=3958 (0.060) | lcc=0.060 | flagged=0
[15:08:36] DEBUG - 94202054_240504a_14~8078_hr4_795.tif | pred_pos=0 | gt_pos=37795 | diff=37795 (0.577) | lcc=0.577 | flagged=1
[15:08:36] DEBUG - 94202054_240504a_14~8078_hr4_832.tif | pred_pos=0 | gt_pos=4005 | diff=4005 (0.061) | lcc=0.061 | flagged=0
[15:08:36] DEBUG - 94202054_240504a_14~8078_hr4_86.tif | pred_pos=0 | gt_pos=6281 | diff=6281 (0.096) | lcc=0.096 | flagged=0
[15:08:36] DEBUG - 94202055_240504a_15~8348_hr4_10.tif | pred_pos=0 | gt_pos=155 | diff=155 (0.002) | lcc=0.002 | flagged=0
[15:08:36] DEBUG - 94202055_240504a_15~8348_hr4_1049.tif | pred_pos=0 | gt_pos=63 | diff=63 (0.001) | lcc=0.001 | flagged=0
[15:08:36] DEBUG - 94202055_240504a_15~8348_hr4_1269.tif | pred_pos=0 | gt_pos=1496 | diff=1496 (0.023) | lcc=0.023 | flagged=0
[15:08:36] DEBUG - 94202055_240504a_15~8348_hr4_1276.tif | pred_pos=0 | gt_pos=39056 | diff=39056 (0.596) | lcc=0.596 | flagged=1
[15:08:36] DEBUG - 94202055_240504a_15~8348_hr4_1331.tif | pred_pos=0 | gt_pos=0 | diff=0 (0.000) | lcc=0.000 | flagged=0
[15:08:36] DEBUG - 94202055_240504a_15~8348_hr4_1425.tif | pred_pos=0 | gt_pos=4407 | diff=4407 (0.067) | lcc=0.067 | flagged=0
[15:08:36] DEBUG - 94202055_240504a_15~8348_hr4_1510.tif | pred_pos=0 | gt_pos=31937 | diff=31937 (0.487) | lcc=0.487 | flagged=0
[15:08:36] DEBUG - 94202055_240504a_15~8348_hr4_1649.tif | pred_pos=0 | gt_pos=26441 | diff=26441 (0.403) | lcc=0.403 | flagged=0
[15:08:36] DEBUG - 94202055_240504a_15~8348_hr4_1658.tif | pred_pos=0 | gt_pos=518 | diff=518 (0.008) | lcc=0.008 | flagged=0
[15:08:36] DEBUG - 94202055_240504a_15~8348_hr4_1927.tif | pred_pos=0 | gt_pos=12037 | diff=12037 (0.184) | lcc=0.184 | flagged=0
[15:08:36] DEBUG - 94202055_240504a_15~8348_hr4_2096.tif | pred_pos=0 | gt_pos=0 | diff=0 (0.000) | lcc=0.000 | flagged=0
[15:08:36] DEBUG - 94202055_240504a_15~8348_hr4_2154.tif | pred_pos=0 | gt_pos=22350 | diff=22350 (0.341) | lcc=0.341 | flagged=0
[15:08:36] DEBUG - 94202055_240504a_15~8348_hr4_23.tif | pred_pos=0 | gt_pos=6882 | diff=6882 (0.105) | lcc=0.105 | flagged=0
[15:08:36] DEBUG - 94202055_240504a_15~8348_hr4_2376.tif | pred_pos=0 | gt_pos=65536 | diff=65536 (1.000) | lcc=1.000 | flagged=1
[15:08:36] DEBUG - 94202055_240504a_15~8348_hr4_2392.tif | pred_pos=0 | gt_pos=31065 | diff=31065 (0.474) | lcc=0.474 | flagged=0
[15:08:36] DEBUG - 94202055_240504a_15~8348_hr4_2393.tif | pred_pos=0 | gt_pos=30534 | diff=30534 (0.466) | lcc=0.466 | flagged=0
[15:08:36] DEBUG - 94202055_240504a_15~8348_hr4_2451.tif | pred_pos=0 | gt_pos=713 | diff=713 (0.011) | lcc=0.011 | flagged=0
[15:08:36] DEBUG - 94202055_240504a_15~8348_hr4_2467.tif | pred_pos=0 | gt_pos=28326 | diff=28326 (0.432) | lcc=0.432 | flagged=0
[15:08:36] DEBUG - 94202055_240504a_15~8348_hr4_2593.tif | pred_pos=0 | gt_pos=18017 | diff=18017 (0.275) | lcc=0.275 | flagged=0
[15:08:36] DEBUG - 94202055_240504a_15~8348_hr4_2666.tif | pred_pos=0 | gt_pos=14697 | diff=14697 (0.224) | lcc=0.117 | flagged=0
[15:08:36] DEBUG - 94202055_240504a_15~8348_hr4_2706.tif | pred_pos=0 | gt_pos=0 | diff=0 (0.000) | lcc=0.000 | flagged=0
[15:08:36] DEBUG - 94202055_240504a_15~8348_hr4_2884.tif | pred_pos=0 | gt_pos=0 | diff=0 (0.000) | lcc=0.000 | flagged=0
[15:08:36] DEBUG - 94202055_240504a_15~8348_hr4_2971.tif | pred_pos=0 | gt_pos=0 | diff=0 (0.000) | lcc=0.000 | flagged=0
[15:08:36] DEBUG - 94202055_240504a_15~8348_hr4_3124.tif | pred_pos=0 | gt_pos=0 | diff=0 (0.000) | lcc=0.000 | flagged=0
[15:08:36] DEBUG - 94202055_240504a_15~8348_hr4_3253.tif | pred_pos=0 | gt_pos=0 | diff=0 (0.000) | lcc=0.000 | flagged=0
[15:08:36] DEBUG - 94202055_240504a_15~8348_hr4_392.tif | pred_pos=0 | gt_pos=16220 | diff=16220 (0.247) | lcc=0.247 | flagged=0
[15:08:36] DEBUG - 94202055_240504a_15~8348_hr4_3988.tif | pred_pos=0 | gt_pos=0 | diff=0 (0.000) | lcc=0.000 | flagged=0
[15:08:36] DEBUG - 94202055_240504a_15~8348_hr4_400.tif | pred_pos=0 | gt_pos=9965 | diff=9965 (0.152) | lcc=0.152 | flagged=0
[15:08:36] DEBUG - 94202055_240504a_15~8348_hr4_4137.tif | pred_pos=0 | gt_pos=0 | diff=0 (0.000) | lcc=0.000 | flagged=0
[15:08:36] DEBUG - 94202055_240504a_15~8348_hr4_434.tif | pred_pos=0 | gt_pos=0 | diff=0 (0.000) | lcc=0.000 | flagged=0
[15:08:36] DEBUG - 94202055_240504a_15~8348_hr4_4770.tif | pred_pos=0 | gt_pos=0 | diff=0 (0.000) | lcc=0.000 | flagged=0
[15:08:36] DEBUG - 94202055_240504a_15~8348_hr4_4832.tif | pred_pos=0 | gt_pos=0 | diff=0 (0.000) | lcc=0.000 | flagged=0
[15:08:36] DEBUG - 94202055_240504a_15~8348_hr4_5477.tif | pred_pos=0 | gt_pos=431 | diff=431 (0.007) | lcc=0.007 | flagged=0
[15:08:36] DEBUG - 94202055_240504a_15~8348_hr4_5479.tif | pred_pos=0 | gt_pos=33498 | diff=33498 (0.511) | lcc=0.511 | flagged=1
[15:08:36] DEBUG - 94202055_240504a_15~8348_hr4_5496.tif | pred_pos=0 | gt_pos=0 | diff=0 (0.000) | lcc=0.000 | flagged=0
[15:08:36] DEBUG - 94202055_240504a_15~8348_hr4_55.tif | pred_pos=0 | gt_pos=0 | diff=0 (0.000) | lcc=0.000 | flagged=0
[15:08:36] DEBUG - 94202055_240504a_15~8348_hr4_5564.tif | pred_pos=0 | gt_pos=0 | diff=0 (0.000) | lcc=0.000 | flagged=0
[15:08:36] DEBUG - 94202055_240504a_15~8348_hr4_5714.tif | pred_pos=0 | gt_pos=0 | diff=0 (0.000) | lcc=0.000 | flagged=0
[15:08:36] DEBUG - 94202055_240504a_15~8348_hr4_5819.tif | pred_pos=0 | gt_pos=0 | diff=0 (0.000) | lcc=0.000 | flagged=0
[15:08:36] DEBUG - 94202055_240504a_15~8348_hr4_613.tif | pred_pos=0 | gt_pos=12670 | diff=12670 (0.193) | lcc=0.193 | flagged=0
[15:08:36] DEBUG - 94202055_240504a_15~8348_hr4_776.tif | pred_pos=0 | gt_pos=33791 | diff=33791 (0.516) | lcc=0.516 | flagged=1
[15:08:36] DEBUG - 94202055_240504a_15~8348_hr4_82.tif | pred_pos=0 | gt_pos=773 | diff=773 (0.012) | lcc=0.012 | flagged=0
[15:08:36] DEBUG - 94202064_240504a_14~8082_hr4_1120.tif | pred_pos=0 | gt_pos=0 | diff=0 (0.000) | lcc=0.000 | flagged=0
[15:08:36] DEBUG - 94202064_240504a_14~8082_hr4_123.tif | pred_pos=0 | gt_pos=6272 | diff=6272 (0.096) | lcc=0.096 | flagged=0
[15:08:36] DEBUG - 94202064_240504a_14~8082_hr4_1461.tif | pred_pos=0 | gt_pos=0 | diff=0 (0.000) | lcc=0.000 | flagged=0
[15:08:36] DEBUG - 94202064_240504a_14~8082_hr4_18.tif | pred_pos=0 | gt_pos=22614 | diff=22614 (0.345) | lcc=0.345 | flagged=0
[15:08:36] DEBUG - 94202064_240504a_14~8082_hr4_198.tif | pred_pos=0 | gt_pos=805 | diff=805 (0.012) | lcc=0.012 | flagged=0
[15:08:36] DEBUG - 94202064_240504a_14~8082_hr4_2152.tif | pred_pos=0 | gt_pos=0 | diff=0 (0.000) | lcc=0.000 | flagged=0
[15:08:36] DEBUG - 94202064_240504a_14~8082_hr4_234.tif | pred_pos=0 | gt_pos=52372 | diff=52372 (0.799) | lcc=0.799 | flagged=1
[15:08:36] DEBUG - 94202064_240504a_14~8082_hr4_24.tif | pred_pos=0 | gt_pos=46667 | diff=46667 (0.712) | lcc=0.712 | flagged=1
[15:08:36] DEBUG - 94202064_240504a_14~8082_hr4_276.tif | pred_pos=0 | gt_pos=0 | diff=0 (0.000) | lcc=0.000 | flagged=0
[15:08:36] DEBUG - 94202064_240504a_14~8082_hr4_2791.tif | pred_pos=0 | gt_pos=0 | diff=0 (0.000) | lcc=0.000 | flagged=0
[15:08:36] DEBUG - 94202064_240504a_14~8082_hr4_298.tif | pred_pos=0 | gt_pos=0 | diff=0 (0.000) | lcc=0.000 | flagged=0
[15:08:36] DEBUG - 94202064_240504a_14~8082_hr4_307.tif | pred_pos=0 | gt_pos=1703 | diff=1703 (0.026) | lcc=0.026 | flagged=0
[15:08:36] DEBUG - 94202064_240504a_14~8082_hr4_3101.tif | pred_pos=0 | gt_pos=0 | diff=0 (0.000) | lcc=0.000 | flagged=0
[15:08:36] DEBUG - 94202064_240504a_14~8082_hr4_325.tif | pred_pos=0 | gt_pos=35305 | diff=35305 (0.539) | lcc=0.539 | flagged=1
[15:08:36] DEBUG - 94202064_240504a_14~8082_hr4_36.tif | pred_pos=0 | gt_pos=10413 | diff=10413 (0.159) | lcc=0.159 | flagged=0
[15:08:36] DEBUG - 94202064_240504a_14~8082_hr4_363.tif | pred_pos=0 | gt_pos=6027 | diff=6027 (0.092) | lcc=0.092 | flagged=0
[15:08:36] DEBUG - 94202064_240504a_14~8082_hr4_401.tif | pred_pos=0 | gt_pos=7135 | diff=7135 (0.109) | lcc=0.109 | flagged=0
[15:08:36] DEBUG - 94202064_240504a_14~8082_hr4_4334.tif | pred_pos=0 | gt_pos=0 | diff=0 (0.000) | lcc=0.000 | flagged=0
[15:08:36] DEBUG - 94202064_240504a_14~8082_hr4_4499.tif | pred_pos=0 | gt_pos=0 | diff=0 (0.000) | lcc=0.000 | flagged=0
[15:08:37] DEBUG - 94202064_240504a_14~8082_hr4_4531.tif | pred_pos=0 | gt_pos=0 | diff=0 (0.000) | lcc=0.000 | flagged=0
[15:08:37] DEBUG - 94202064_240504a_14~8082_hr4_49.tif | pred_pos=0 | gt_pos=21 | diff=21 (0.000) | lcc=0.000 | flagged=0
[15:08:37] DEBUG - 94202064_240504a_14~8082_hr4_5168.tif | pred_pos=0 | gt_pos=0 | diff=0 (0.000) | lcc=0.000 | flagged=0
[15:08:37] DEBUG - 94202064_240504a_14~8082_hr4_5259.tif | pred_pos=0 | gt_pos=0 | diff=0 (0.000) | lcc=0.000 | flagged=0
[15:08:37] DEBUG - 94202064_240504a_14~8082_hr4_5530.tif | pred_pos=0 | gt_pos=0 | diff=0 (0.000) | lcc=0.000 | flagged=0
[15:08:37] DEBUG - 94202064_240504a_14~8082_hr4_563.tif | pred_pos=0 | gt_pos=21777 | diff=21777 (0.332) | lcc=0.332 | flagged=0
[15:08:37] DEBUG - 94202064_240504a_14~8082_hr4_565.tif | pred_pos=0 | gt_pos=21368 | diff=21368 (0.326) | lcc=0.326 | flagged=0
[15:08:37] DEBUG - 94202064_240504a_14~8082_hr4_566.tif | pred_pos=0 | gt_pos=3854 | diff=3854 (0.059) | lcc=0.059 | flagged=0
[15:08:37] DEBUG - 94202064_240504a_14~8082_hr4_683.tif | pred_pos=0 | gt_pos=0 | diff=0 (0.000) | lcc=0.000 | flagged=0
[15:08:37] DEBUG - 94202064_240504a_14~8082_hr4_907.tif | pred_pos=0 | gt_pos=0 | diff=0 (0.000) | lcc=0.000 | flagged=0
[15:08:37] DEBUG - 94202064_240504a_14~8082_hr4_965.tif | pred_pos=0 | gt_pos=0 | diff=0 (0.000) | lcc=0.000 | flagged=0
[15:08:37] DEBUG - 94202065_240504a_15~8352_hr4_1093.tif | pred_pos=0 | gt_pos=0 | diff=0 (0.000) | lcc=0.000 | flagged=0
[15:08:37] DEBUG - 94202065_240504a_15~8352_hr4_1352.tif | pred_pos=0 | gt_pos=0 | diff=0 (0.000) | lcc=0.000 | flagged=0
[15:08:37] DEBUG - 94202065_240504a_15~8352_hr4_1533.tif | pred_pos=0 | gt_pos=0 | diff=0 (0.000) | lcc=0.000 | flagged=0
[15:08:37] DEBUG - 94202065_240504a_15~8352_hr4_2106.tif | pred_pos=0 | gt_pos=0 | diff=0 (0.000) | lcc=0.000 | flagged=0
[15:08:37] DEBUG - 94202065_240504a_15~8352_hr4_224.tif | pred_pos=0 | gt_pos=42939 | diff=42939 (0.655) | lcc=0.655 | flagged=1
[15:08:37] DEBUG - 94202065_240504a_15~8352_hr4_2471.tif | pred_pos=0 | gt_pos=0 | diff=0 (0.000) | lcc=0.000 | flagged=0
[15:08:37] DEBUG - 94202065_240504a_15~8352_hr4_2798.tif | pred_pos=0 | gt_pos=0 | diff=0 (0.000) | lcc=0.000 | flagged=0
[15:08:37] DEBUG - 94202065_240504a_15~8352_hr4_2837.tif | pred_pos=0 | gt_pos=0 | diff=0 (0.000) | lcc=0.000 | flagged=0
[15:08:37] DEBUG - 94202065_240504a_15~8352_hr4_2957.tif | pred_pos=0 | gt_pos=0 | diff=0 (0.000) | lcc=0.000 | flagged=0
[15:08:37] DEBUG - 94202065_240504a_15~8352_hr4_297.tif | pred_pos=0 | gt_pos=5350 | diff=5350 (0.082) | lcc=0.082 | flagged=0
[15:08:37] DEBUG - 94202065_240504a_15~8352_hr4_2979.tif | pred_pos=0 | gt_pos=0 | diff=0 (0.000) | lcc=0.000 | flagged=0
[15:08:37] DEBUG - 94202065_240504a_15~8352_hr4_298.tif | pred_pos=0 | gt_pos=159 | diff=159 (0.002) | lcc=0.002 | flagged=0
[15:08:37] DEBUG - 94202065_240504a_15~8352_hr4_3919.tif | pred_pos=0 | gt_pos=0 | diff=0 (0.000) | lcc=0.000 | flagged=0
[15:08:37] DEBUG - 94202065_240504a_15~8352_hr4_4615.tif | pred_pos=0 | gt_pos=0 | diff=0 (0.000) | lcc=0.000 | flagged=0
[15:08:37] DEBUG - 94202065_240504a_15~8352_hr4_5007.tif | pred_pos=0 | gt_pos=0 | diff=0 (0.000) | lcc=0.000 | flagged=0
[15:08:37] DEBUG - 94202065_240504a_15~8352_hr4_5327.tif | pred_pos=0 | gt_pos=0 | diff=0 (0.000) | lcc=0.000 | flagged=0
[15:08:37] DEBUG - 94202065_240504a_15~8352_hr4_5410.tif | pred_pos=0 | gt_pos=0 | diff=0 (0.000) | lcc=0.000 | flagged=0
[15:08:37] DEBUG - 94202065_240504a_15~8352_hr4_5568.tif | pred_pos=0 | gt_pos=0 | diff=0 (0.000) | lcc=0.000 | flagged=0
[15:08:37] DEBUG - 94202065_240504a_15~8352_hr4_77.tif | pred_pos=0 | gt_pos=12634 | diff=12634 (0.193) | lcc=0.193 | flagged=0
[15:08:37] DEBUG - 95203003_240518b_23~6595_hr4_1419.tif | pred_pos=0 | gt_pos=0 | diff=0 (0.000) | lcc=0.000 | flagged=0
[15:08:37] DEBUG - 95203003_240518b_23~6595_hr4_1839.tif | pred_pos=0 | gt_pos=0 | diff=0 (0.000) | lcc=0.000 | flagged=0
[15:08:37] DEBUG - 95203003_240518b_23~6595_hr4_216.tif | pred_pos=0 | gt_pos=0 | diff=0 (0.000) | lcc=0.000 | flagged=0
[15:08:37] DEBUG - 95203003_240518b_23~6595_hr4_2407.tif | pred_pos=0 | gt_pos=0 | diff=0 (0.000) | lcc=0.000 | flagged=0
[15:08:37] DEBUG - 95203003_240518b_23~6595_hr4_2494.tif | pred_pos=0 | gt_pos=0 | diff=0 (0.000) | lcc=0.000 | flagged=0
[15:08:37] DEBUG - 95203003_240518b_23~6595_hr4_2551.tif | pred_pos=0 | gt_pos=0 | diff=0 (0.000) | lcc=0.000 | flagged=0
[15:08:37] DEBUG - 95203003_240518b_23~6595_hr4_3442.tif | pred_pos=0 | gt_pos=0 | diff=0 (0.000) | lcc=0.000 | flagged=0
[15:08:37] DEBUG - 95203003_240518b_23~6595_hr4_4710.tif | pred_pos=0 | gt_pos=0 | diff=0 (0.000) | lcc=0.000 | flagged=0
[15:08:37] DEBUG - 95203003_240518b_23~6595_hr4_4814.tif | pred_pos=0 | gt_pos=0 | diff=0 (0.000) | lcc=0.000 | flagged=0
[15:08:37] DEBUG - 95203003_240518b_23~6595_hr4_5270.tif | pred_pos=0 | gt_pos=0 | diff=0 (0.000) | lcc=0.000 | flagged=0
[15:08:37] DEBUG - 95203003_240518b_23~6595_hr4_5337.tif | pred_pos=0 | gt_pos=0 | diff=0 (0.000) | lcc=0.000 | flagged=0
[15:08:37] DEBUG - 95203003_240518b_23~6595_hr4_5403.tif | pred_pos=0 | gt_pos=0 | diff=0 (0.000) | lcc=0.000 | flagged=0
[15:08:37] DEBUG - 95203003_240518b_23~6595_hr4_750.tif | pred_pos=0 | gt_pos=0 | diff=0 (0.000) | lcc=0.000 | flagged=0
[15:08:37] DEBUG - 95203004_240518b_24~6819_hr4c_1762.tif | pred_pos=0 | gt_pos=0 | diff=0 (0.000) | lcc=0.000 | flagged=0
[15:08:37] DEBUG - 95203004_240518b_24~6819_hr4c_2341.tif | pred_pos=0 | gt_pos=0 | diff=0 (0.000) | lcc=0.000 | flagged=0
[15:08:37] DEBUG - 95203004_240518b_24~6819_hr4c_2624.tif | pred_pos=0 | gt_pos=0 | diff=0 (0.000) | lcc=0.000 | flagged=0
[15:08:37] DEBUG - 95203004_240518b_24~6819_hr4c_2656.tif | pred_pos=0 | gt_pos=0 | diff=0 (0.000) | lcc=0.000 | flagged=0
[15:08:37] DEBUG - 95203004_240518b_24~6819_hr4c_2663.tif | pred_pos=0 | gt_pos=0 | diff=0 (0.000) | lcc=0.000 | flagged=0
[15:08:37] DEBUG - 95203004_240518b_24~6819_hr4c_2974.tif | pred_pos=0 | gt_pos=0 | diff=0 (0.000) | lcc=0.000 | flagged=0
[15:08:37] DEBUG - 95203004_240518b_24~6819_hr4c_3692.tif | pred_pos=0 | gt_pos=3734 | diff=3734 (0.057) | lcc=0.057 | flagged=0
[15:08:37] DEBUG - 95203004_240518b_24~6819_hr4c_418.tif | pred_pos=0 | gt_pos=0 | diff=0 (0.000) | lcc=0.000 | flagged=0
[15:08:37] DEBUG - 95203004_240518b_24~6819_hr4c_4376.tif | pred_pos=0 | gt_pos=0 | diff=0 (0.000) | lcc=0.000 | flagged=0
[15:08:37] DEBUG - 95203004_240518b_24~6819_hr4c_5519.tif | pred_pos=0 | gt_pos=0 | diff=0 (0.000) | lcc=0.000 | flagged=0
[15:08:37] DEBUG - 95203032_240518b_22~6363_hr4_1339.tif | pred_pos=0 | gt_pos=0 | diff=0 (0.000) | lcc=0.000 | flagged=0
[15:08:37] DEBUG - 95203032_240518b_22~6363_hr4_2171.tif | pred_pos=0 | gt_pos=0 | diff=0 (0.000) | lcc=0.000 | flagged=0
[15:08:37] DEBUG - 95203032_240518b_22~6363_hr4_2959.tif | pred_pos=0 | gt_pos=0 | diff=0 (0.000) | lcc=0.000 | flagged=0
[15:08:37] DEBUG - 95203032_240518b_22~6363_hr4_3283.tif | pred_pos=0 | gt_pos=0 | diff=0 (0.000) | lcc=0.000 | flagged=0
[15:08:37] DEBUG - 95203032_240518b_22~6363_hr4_3584.tif | pred_pos=0 | gt_pos=0 | diff=0 (0.000) | lcc=0.000 | flagged=0
[15:08:37] DEBUG - 95203032_240518b_22~6363_hr4_367.tif | pred_pos=0 | gt_pos=0 | diff=0 (0.000) | lcc=0.000 | flagged=0
[15:08:37] DEBUG - 95203032_240518b_22~6363_hr4_3718.tif | pred_pos=0 | gt_pos=0 | diff=0 (0.000) | lcc=0.000 | flagged=0
[15:08:37] DEBUG - 95203032_240518b_22~6363_hr4_4393.tif | pred_pos=0 | gt_pos=0 | diff=0 (0.000) | lcc=0.000 | flagged=0
[15:08:37] DEBUG - 95203032_240518b_22~6363_hr4_4439.tif | pred_pos=0 | gt_pos=0 | diff=0 (0.000) | lcc=0.000 | flagged=0
[15:08:37] DEBUG - 95203032_240518b_22~6363_hr4_4819.tif | pred_pos=0 | gt_pos=0 | diff=0 (0.000) | lcc=0.000 | flagged=0
[15:08:37] DEBUG - 95203032_240518b_22~6363_hr4_5025.tif | pred_pos=0 | gt_pos=0 | diff=0 (0.000) | lcc=0.000 | flagged=0
[15:08:40] DEBUG - 95203032_240518b_22~6363_hr4_515.tif | pred_pos=0 | gt_pos=0 | diff=0 (0.000) | lcc=0.000 | flagged=0
[15:08:40] DEBUG - 95203032_240518b_22~6363_hr4_5320.tif | pred_pos=0 | gt_pos=0 | diff=0 (0.000) | lcc=0.000 | flagged=0
[15:08:40] DEBUG - 95203032_240518b_22~6363_hr4_831.tif | pred_pos=0 | gt_pos=0 | diff=0 (0.000) | lcc=0.000 | flagged=0
[15:08:40] DEBUG - 95204083_240518b_23~6587_hr4_1654.tif | pred_pos=0 | gt_pos=0 | diff=0 (0.000) | lcc=0.000 | flagged=0
[15:08:40] DEBUG - 95204083_240518b_23~6587_hr4_3483.tif | pred_pos=0 | gt_pos=0 | diff=0 (0.000) | lcc=0.000 | flagged=0
[15:08:40] DEBUG - 95204083_240518b_23~6587_hr4_5097.tif | pred_pos=0 | gt_pos=0 | diff=0 (0.000) | lcc=0.000 | flagged=0
[15:08:40] DEBUG - 95204083_240518b_23~6587_hr4_5252.tif | pred_pos=0 | gt_pos=2360 | diff=2360 (0.036) | lcc=0.036 | flagged=0
[15:08:40] DEBUG - 95204083_240518b_23~6587_hr4_5820.tif | pred_pos=0 | gt_pos=0 | diff=0 (0.000) | lcc=0.000 | flagged=0
[15:08:40] DEBUG - 95204083_240518b_23~6587_hr4_682.tif | pred_pos=0 | gt_pos=0 | diff=0 (0.000) | lcc=0.000 | flagged=0
[15:08:40] DEBUG - 95204084_240518b_24~6811_hr4_2055.tif | pred_pos=0 | gt_pos=0 | diff=0 (0.000) | lcc=0.000 | flagged=0
[15:08:40] DEBUG - 95204084_240518b_24~6811_hr4_2134.tif | pred_pos=0 | gt_pos=0 | diff=0 (0.000) | lcc=0.000 | flagged=0
[15:08:40] DEBUG - 95204084_240518b_24~6811_hr4_2706.tif | pred_pos=0 | gt_pos=0 | diff=0 (0.000) | lcc=0.000 | flagged=0
[15:08:40] DEBUG - 95204084_240518b_24~6811_hr4_285.tif | pred_pos=0 | gt_pos=0 | diff=0 (0.000) | lcc=0.000 | flagged=0
[15:08:40] DEBUG - 95204084_240518b_24~6811_hr4_3266.tif | pred_pos=0 | gt_pos=0 | diff=0 (0.000) | lcc=0.000 | flagged=0
[15:08:40] DEBUG - 95204084_240518b_24~6811_hr4_3806.tif | pred_pos=0 | gt_pos=0 | diff=0 (0.000) | lcc=0.000 | flagged=0
[15:08:40] DEBUG - 95204084_240518b_24~6811_hr4_4086.tif | pred_pos=0 | gt_pos=19985 | diff=19985 (0.305) | lcc=0.305 | flagged=0
[15:08:40] DEBUG - 95204084_240518b_24~6811_hr4_4161.tif | pred_pos=0 | gt_pos=35230 | diff=35230 (0.538) | lcc=0.369 | flagged=0
[15:08:40] DEBUG - 95204084_240518b_24~6811_hr4_4812.tif | pred_pos=0 | gt_pos=40920 | diff=40920 (0.624) | lcc=0.624 | flagged=1
[15:08:40] DEBUG - 95204084_240518b_24~6811_hr4_4813.tif | pred_pos=0 | gt_pos=41506 | diff=41506 (0.633) | lcc=0.633 | flagged=1
[15:08:40] DEBUG - 95204084_240518b_24~6811_hr4_4838.tif | pred_pos=0 | gt_pos=9 | diff=9 (0.000) | lcc=0.000 | flagged=0
[15:08:40] DEBUG - 95204084_240518b_24~6811_hr4_4872.tif | pred_pos=0 | gt_pos=14890 | diff=14890 (0.227) | lcc=0.227 | flagged=0
[15:08:40] DEBUG - 95204084_240518b_24~6811_hr4_4945.tif | pred_pos=0 | gt_pos=46770 | diff=46770 (0.714) | lcc=0.714 | flagged=1
[15:08:40] DEBUG - 95204084_240518b_24~6811_hr4_4946.tif | pred_pos=0 | gt_pos=50309 | diff=50309 (0.768) | lcc=0.768 | flagged=1
[15:08:40] DEBUG - 95204084_240518b_24~6811_hr4_4947.tif | pred_pos=0 | gt_pos=11626 | diff=11626 (0.177) | lcc=0.177 | flagged=0
[15:08:40] DEBUG - 95204084_240518b_24~6811_hr4_5019.tif | pred_pos=0 | gt_pos=8149 | diff=8149 (0.124) | lcc=0.124 | flagged=0
[15:08:40] DEBUG - 95204084_240518b_24~6811_hr4_5186.tif | pred_pos=0 | gt_pos=6624 | diff=6624 (0.101) | lcc=0.101 | flagged=0
[15:08:40] DEBUG - 95204084_240518b_24~6811_hr4_5198.tif | pred_pos=0 | gt_pos=0 | diff=0 (0.000) | lcc=0.000 | flagged=0
[15:08:40] DEBUG - 95204084_240518b_24~6811_hr4_5420.tif | pred_pos=0 | gt_pos=4049 | diff=4049 (0.062) | lcc=0.062 | flagged=0
[15:08:40] DEBUG - 95204084_240518b_24~6811_hr4_552.tif | pred_pos=0 | gt_pos=0 | diff=0 (0.000) | lcc=0.000 | flagged=0
[15:08:40] DEBUG - 95204084_240518b_24~6811_hr4_905.tif | pred_pos=0 | gt_pos=0 | diff=0 (0.000) | lcc=0.000 | flagged=0
[15:08:40] DEBUG - 95204093_240518b_23~6591_hr4c_1171.tif | pred_pos=0 | gt_pos=33146 | diff=33146 (0.506) | lcc=0.506 | flagged=1
[15:08:40] DEBUG - 95204093_240518b_23~6591_hr4c_135.tif | pred_pos=0 | gt_pos=0 | diff=0 (0.000) | lcc=0.000 | flagged=0
[15:08:40] DEBUG - 95204093_240518b_23~6591_hr4c_1381.tif | pred_pos=0 | gt_pos=0 | diff=0 (0.000) | lcc=0.000 | flagged=0
[15:08:40] DEBUG - 95204093_240518b_23~6591_hr4c_1807.tif | pred_pos=0 | gt_pos=0 | diff=0 (0.000) | lcc=0.000 | flagged=0
[15:08:40] DEBUG - 95204093_240518b_23~6591_hr4c_2242.tif | pred_pos=0 | gt_pos=0 | diff=0 (0.000) | lcc=0.000 | flagged=0
[15:08:40] DEBUG - 95204093_240518b_23~6591_hr4c_2354.tif | pred_pos=0 | gt_pos=38054 | diff=38054 (0.581) | lcc=0.581 | flagged=1
[15:08:40] DEBUG - 95204093_240518b_23~6591_hr4c_2585.tif | pred_pos=0 | gt_pos=5542 | diff=5542 (0.085) | lcc=0.085 | flagged=0
[15:08:40] DEBUG - 95204093_240518b_23~6591_hr4c_2713.tif | pred_pos=0 | gt_pos=0 | diff=0 (0.000) | lcc=0.000 | flagged=0
[15:08:40] DEBUG - 95204093_240518b_23~6591_hr4c_2821.tif | pred_pos=0 | gt_pos=0 | diff=0 (0.000) | lcc=0.000 | flagged=0
[15:08:40] DEBUG - 95204093_240518b_23~6591_hr4c_4232.tif | pred_pos=0 | gt_pos=0 | diff=0 (0.000) | lcc=0.000 | flagged=0
[15:08:40] DEBUG - 95204093_240518b_23~6591_hr4c_4391.tif | pred_pos=0 | gt_pos=0 | diff=0 (0.000) | lcc=0.000 | flagged=0
[15:08:40] DEBUG - 95204093_240518b_23~6591_hr4c_4527.tif | pred_pos=0 | gt_pos=0 | diff=0 (0.000) | lcc=0.000 | flagged=0
[15:08:40] DEBUG - 95204093_240518b_23~6591_hr4c_4576.tif | pred_pos=0 | gt_pos=0 | diff=0 (0.000) | lcc=0.000 | flagged=0
[15:08:40] DEBUG - 95204093_240518b_23~6591_hr4c_4771.tif | pred_pos=0 | gt_pos=0 | diff=0 (0.000) | lcc=0.000 | flagged=0
[15:08:40] DEBUG - 95204093_240518b_23~6591_hr4c_5278.tif | pred_pos=0 | gt_pos=0 | diff=0 (0.000) | lcc=0.000 | flagged=0
[15:08:40] DEBUG - 95204093_240518b_23~6591_hr4c_5690.tif | pred_pos=0 | gt_pos=0 | diff=0 (0.000) | lcc=0.000 | flagged=0
[15:08:40] DEBUG - 95204093_240518b_23~6591_hr4c_5718.tif | pred_pos=0 | gt_pos=0 | diff=0 (0.000) | lcc=0.000 | flagged=0
[15:08:40] DEBUG - 95204093_240518b_23~6591_hr4c_5720.tif | pred_pos=0 | gt_pos=0 | diff=0 (0.000) | lcc=0.000 | flagged=0
[15:08:40] DEBUG - 95204093_240518b_23~6591_hr4c_5737.tif | pred_pos=0 | gt_pos=0 | diff=0 (0.000) | lcc=0.000 | flagged=0
[15:08:40] DEBUG - 95204093_240518b_23~6591_hr4c_732.tif | pred_pos=0 | gt_pos=1184 | diff=1184 (0.018) | lcc=0.018 | flagged=0
[15:08:40] DEBUG - 95204093_240518b_23~6591_hr4c_8.tif | pred_pos=0 | gt_pos=0 | diff=0 (0.000) | lcc=0.000 | flagged=0
[15:08:40] DEBUG - 95204093_240518b_23~6591_hr4c_866.tif | pred_pos=0 | gt_pos=0 | diff=0 (0.000) | lcc=0.000 | flagged=0
[15:08:40] DEBUG - 95204094_240518b_24~6815_hr4_1113.tif | pred_pos=0 | gt_pos=0 | diff=0 (0.000) | lcc=0.000 | flagged=0
[15:08:40] DEBUG - 95204094_240518b_24~6815_hr4_1133.tif | pred_pos=0 | gt_pos=0 | diff=0 (0.000) | lcc=0.000 | flagged=0
[15:08:40] DEBUG - 95204094_240518b_24~6815_hr4_1958.tif | pred_pos=0 | gt_pos=0 | diff=0 (0.000) | lcc=0.000 | flagged=0
[15:08:40] DEBUG - 95204094_240518b_24~6815_hr4_2009.tif | pred_pos=0 | gt_pos=5864 | diff=5864 (0.089) | lcc=0.089 | flagged=0
[15:08:40] DEBUG - 95204094_240518b_24~6815_hr4_2213.tif | pred_pos=0 | gt_pos=0 | diff=0 (0.000) | lcc=0.000 | flagged=0
[15:08:40] DEBUG - 95204094_240518b_24~6815_hr4_235.tif | pred_pos=0 | gt_pos=472 | diff=472 (0.007) | lcc=0.007 | flagged=0
[15:08:40] DEBUG - 95204094_240518b_24~6815_hr4_2452.tif | pred_pos=0 | gt_pos=49475 | diff=49475 (0.755) | lcc=0.755 | flagged=1
[15:08:40] DEBUG - 95204094_240518b_24~6815_hr4_2519.tif | pred_pos=0 | gt_pos=26416 | diff=26416 (0.403) | lcc=0.403 | flagged=0
[15:08:40] DEBUG - 95204094_240518b_24~6815_hr4_2695.tif | pred_pos=0 | gt_pos=8605 | diff=8605 (0.131) | lcc=0.131 | flagged=0
[15:08:40] DEBUG - 95204094_240518b_24~6815_hr4_3046.tif | pred_pos=0 | gt_pos=0 | diff=0 (0.000) | lcc=0.000 | flagged=0
[15:08:40] DEBUG - 95204094_240518b_24~6815_hr4_3742.tif | pred_pos=0 | gt_pos=1823 | diff=1823 (0.028) | lcc=0.028 | flagged=0
[15:08:40] DEBUG - 95204094_240518b_24~6815_hr4_3747.tif | pred_pos=0 | gt_pos=963 | diff=963 (0.015) | lcc=0.015 | flagged=0
[15:08:41] DEBUG - 95204094_240518b_24~6815_hr4_3749.tif | pred_pos=0 | gt_pos=59061 | diff=59061 (0.901) | lcc=0.901 | flagged=1
[15:08:41] DEBUG - 95204094_240518b_24~6815_hr4_3822.tif | pred_pos=0 | gt_pos=26188 | diff=26188 (0.400) | lcc=0.400 | flagged=0
[15:08:41] DEBUG - 95204094_240518b_24~6815_hr4_3899.tif | pred_pos=0 | gt_pos=4107 | diff=4107 (0.063) | lcc=0.063 | flagged=0
[15:08:41] DEBUG - 95204094_240518b_24~6815_hr4_3982.tif | pred_pos=0 | gt_pos=4271 | diff=4271 (0.065) | lcc=0.065 | flagged=0
[15:08:41] DEBUG - 95204094_240518b_24~6815_hr4_3983.tif | pred_pos=0 | gt_pos=0 | diff=0 (0.000) | lcc=0.000 | flagged=0
[15:08:41] DEBUG - 95204094_240518b_24~6815_hr4_4054.tif | pred_pos=0 | gt_pos=5229 | diff=5229 (0.080) | lcc=0.080 | flagged=0
[15:08:41] DEBUG - 95204094_240518b_24~6815_hr4_4128.tif | pred_pos=0 | gt_pos=25 | diff=25 (0.000) | lcc=0.000 | flagged=0
[15:08:41] DEBUG - 95204094_240518b_24~6815_hr4_4184.tif | pred_pos=0 | gt_pos=3610 | diff=3610 (0.055) | lcc=0.055 | flagged=0
[15:08:41] DEBUG - 95204094_240518b_24~6815_hr4_4196.tif | pred_pos=0 | gt_pos=36805 | diff=36805 (0.562) | lcc=0.562 | flagged=1
[15:08:41] DEBUG - 95204094_240518b_24~6815_hr4_4417.tif | pred_pos=0 | gt_pos=38343 | diff=38343 (0.585) | lcc=0.585 | flagged=1
[15:08:41] DEBUG - 95204094_240518b_24~6815_hr4_457.tif | pred_pos=0 | gt_pos=0 | diff=0 (0.000) | lcc=0.000 | flagged=0
[15:08:41] DEBUG - 95204094_240518b_24~6815_hr4_5267.tif | pred_pos=0 | gt_pos=3250 | diff=3250 (0.050) | lcc=0.050 | flagged=0
[15:08:41] DEBUG - 95204094_240518b_24~6815_hr4_5341.tif | pred_pos=0 | gt_pos=0 | diff=0 (0.000) | lcc=0.000 | flagged=0
[15:08:41] DEBUG - 95204094_240518b_24~6815_hr4_5399.tif | pred_pos=0 | gt_pos=0 | diff=0 (0.000) | lcc=0.000 | flagged=0
[15:08:41] DEBUG - 95204094_240518b_24~6815_hr4_702.tif | pred_pos=0 | gt_pos=0 | diff=0 (0.000) | lcc=0.000 | flagged=0
[15:08:41] DEBUG - 94171006_240406a_16~4819_hr4_1735.tif | pred_pos=0 | gt_pos=0 | diff=0 (0.000) | lcc=0.000 | flagged=0
[15:08:41] DEBUG - 94171006_240406a_16~4819_hr4_2482.tif | pred_pos=0 | gt_pos=0 | diff=0 (0.000) | lcc=0.000 | flagged=0
[15:08:41] DEBUG - 94171006_240406a_16~4819_hr4_2740.tif | pred_pos=0 | gt_pos=0 | diff=0 (0.000) | lcc=0.000 | flagged=0
[15:08:41] DEBUG - 94171006_240406a_16~4819_hr4_3338.tif | pred_pos=0 | gt_pos=0 | diff=0 (0.000) | lcc=0.000 | flagged=0
[15:08:41] DEBUG - 94171006_240406a_16~4819_hr4_4094.tif | pred_pos=0 | gt_pos=0 | diff=0 (0.000) | lcc=0.000 | flagged=0
[15:08:41] DEBUG - 94171006_240406a_16~4819_hr4_4274.tif | pred_pos=0 | gt_pos=0 | diff=0 (0.000) | lcc=0.000 | flagged=0
[15:08:41] DEBUG - 94171006_240406a_16~4819_hr4_4743.tif | pred_pos=0 | gt_pos=0 | diff=0 (0.000) | lcc=0.000 | flagged=0
[15:08:41] DEBUG - 94171006_240406a_16~4819_hr4_5274.tif | pred_pos=0 | gt_pos=0 | diff=0 (0.000) | lcc=0.000 | flagged=0
[15:08:41] DEBUG - 94171006_240406a_16~4819_hr4_5809.tif | pred_pos=0 | gt_pos=0 | diff=0 (0.000) | lcc=0.000 | flagged=0
[15:08:41] DEBUG - 94171006_240406a_16~4819_hr4_734.tif | pred_pos=0 | gt_pos=0 | diff=0 (0.000) | lcc=0.000 | flagged=0
[15:08:41] DEBUG - 94171006_240406a_16~4819_hr4_885.tif | pred_pos=0 | gt_pos=0 | diff=0 (0.000) | lcc=0.000 | flagged=0
[15:08:41] DEBUG - 94171008_240403a_18~9394_hr4_2059.tif | pred_pos=0 | gt_pos=0 | diff=0 (0.000) | lcc=0.000 | flagged=0
[15:08:41] DEBUG - 94171008_240403a_18~9394_hr4_2291.tif | pred_pos=0 | gt_pos=0 | diff=0 (0.000) | lcc=0.000 | flagged=0
[15:08:41] DEBUG - 94171008_240403a_18~9394_hr4_2614.tif | pred_pos=0 | gt_pos=0 | diff=0 (0.000) | lcc=0.000 | flagged=0
[15:08:41] DEBUG - 94171008_240403a_18~9394_hr4_2842.tif | pred_pos=0 | gt_pos=0 | diff=0 (0.000) | lcc=0.000 | flagged=0
[15:08:41] DEBUG - 94171008_240403a_18~9394_hr4_3795.tif | pred_pos=0 | gt_pos=0 | diff=0 (0.000) | lcc=0.000 | flagged=0
[15:08:41] DEBUG - 94171008_240403a_18~9394_hr4_4568.tif | pred_pos=0 | gt_pos=0 | diff=0 (0.000) | lcc=0.000 | flagged=0
[15:08:41] DEBUG - 94171008_240403a_18~9394_hr4_5161.tif | pred_pos=0 | gt_pos=0 | diff=0 (0.000) | lcc=0.000 | flagged=0
[15:08:41] DEBUG - 94171008_240403a_18~9394_hr4_5246.tif | pred_pos=0 | gt_pos=0 | diff=0 (0.000) | lcc=0.000 | flagged=0
[15:08:41] DEBUG - 94171008_240403a_18~9394_hr4_5302.tif | pred_pos=0 | gt_pos=0 | diff=0 (0.000) | lcc=0.000 | flagged=0
[15:08:41] DEBUG - 94171008_240403a_18~9394_hr4_5518.tif | pred_pos=0 | gt_pos=0 | diff=0 (0.000) | lcc=0.000 | flagged=0
[15:08:41] DEBUG - 94171008_240403a_18~9394_hr4_5533.tif | pred_pos=0 | gt_pos=0 | diff=0 (0.000) | lcc=0.000 | flagged=0
[15:08:41] DEBUG - 94182047_240404a_17~9085_hr4_1364.tif | pred_pos=0 | gt_pos=0 | diff=0 (0.000) | lcc=0.000 | flagged=0
[15:08:41] DEBUG - 94182047_240404a_17~9085_hr4_1485.tif | pred_pos=0 | gt_pos=0 | diff=0 (0.000) | lcc=0.000 | flagged=0
[15:08:41] DEBUG - 94182047_240404a_17~9085_hr4_1678.tif | pred_pos=0 | gt_pos=14230 | diff=14230 (0.217) | lcc=0.217 | flagged=0
[15:08:41] DEBUG - 94182047_240404a_17~9085_hr4_2307.tif | pred_pos=0 | gt_pos=0 | diff=0 (0.000) | lcc=0.000 | flagged=0
[15:08:41] DEBUG - 94182047_240404a_17~9085_hr4_3718.tif | pred_pos=0 | gt_pos=0 | diff=0 (0.000) | lcc=0.000 | flagged=0
[15:08:41] DEBUG - 94182047_240404a_17~9085_hr4_4483.tif | pred_pos=0 | gt_pos=15910 | diff=15910 (0.243) | lcc=0.243 | flagged=0
[15:08:41] DEBUG - 94182047_240404a_17~9085_hr4_4606.tif | pred_pos=0 | gt_pos=38900 | diff=38900 (0.594) | lcc=0.594 | flagged=1
[15:08:41] DEBUG - 94182047_240404a_17~9085_hr4_5096.tif | pred_pos=0 | gt_pos=22895 | diff=22895 (0.349) | lcc=0.349 | flagged=0
[15:08:41] DEBUG - 94182047_240404a_17~9085_hr4_5189.tif | pred_pos=0 | gt_pos=0 | diff=0 (0.000) | lcc=0.000 | flagged=0
[15:08:41] DEBUG - 94182047_240404a_17~9085_hr4_5264.tif | pred_pos=0 | gt_pos=0 | diff=0 (0.000) | lcc=0.000 | flagged=0
[15:08:41] DEBUG - 94182067_240404a_17~9093_hr4_1129.tif | pred_pos=0 | gt_pos=0 | diff=0 (0.000) | lcc=0.000 | flagged=0
[15:08:41] DEBUG - 94182067_240404a_17~9093_hr4_1852.tif | pred_pos=0 | gt_pos=0 | diff=0 (0.000) | lcc=0.000 | flagged=0
[15:08:41] DEBUG - 94182067_240404a_17~9093_hr4_2571.tif | pred_pos=0 | gt_pos=0 | diff=0 (0.000) | lcc=0.000 | flagged=0
[15:08:41] DEBUG - 94182067_240404a_17~9093_hr4_3072.tif | pred_pos=0 | gt_pos=0 | diff=0 (0.000) | lcc=0.000 | flagged=0
[15:08:41] DEBUG - 94182067_240404a_17~9093_hr4_3206.tif | pred_pos=0 | gt_pos=22483 | diff=22483 (0.343) | lcc=0.329 | flagged=0
[15:08:41] DEBUG - 94182067_240404a_17~9093_hr4_3573.tif | pred_pos=0 | gt_pos=29461 | diff=29461 (0.450) | lcc=0.450 | flagged=0
[15:08:41] DEBUG - 94182067_240404a_17~9093_hr4_360.tif | pred_pos=0 | gt_pos=0 | diff=0 (0.000) | lcc=0.000 | flagged=0
[15:08:41] DEBUG - 94182067_240404a_17~9093_hr4_4702.tif | pred_pos=0 | gt_pos=0 | diff=0 (0.000) | lcc=0.000 | flagged=0
[15:08:41] DEBUG - 94182067_240404a_17~9093_hr4_556.tif | pred_pos=0 | gt_pos=0 | diff=0 (0.000) | lcc=0.000 | flagged=0
[15:08:41] DEBUG - 94182067_240404a_17~9093_hr4_5589.tif | pred_pos=0 | gt_pos=0 | diff=0 (0.000) | lcc=0.000 | flagged=0
[15:08:41] DEBUG - 94182077_240404a_17~9097_hr4c_1660.tif | pred_pos=0 | gt_pos=0 | diff=0 (0.000) | lcc=0.000 | flagged=0
[15:08:41] DEBUG - 94182077_240404a_17~9097_hr4c_1699.tif | pred_pos=0 | gt_pos=0 | diff=0 (0.000) | lcc=0.000 | flagged=0
[15:08:41] DEBUG - 94182077_240404a_17~9097_hr4c_2455.tif | pred_pos=0 | gt_pos=0 | diff=0 (0.000) | lcc=0.000 | flagged=0
[15:08:41] DEBUG - 94182077_240404a_17~9097_hr4c_2566.tif | pred_pos=0 | gt_pos=0 | diff=0 (0.000) | lcc=0.000 | flagged=0
[15:08:41] DEBUG - 94182077_240404a_17~9097_hr4c_2942.tif | pred_pos=0 | gt_pos=0 | diff=0 (0.000) | lcc=0.000 | flagged=0
[15:08:41] DEBUG - 94182077_240404a_17~9097_hr4c_3188.tif | pred_pos=0 | gt_pos=0 | diff=0 (0.000) | lcc=0.000 | flagged=0
[15:08:41] DEBUG - 94182077_240404a_17~9097_hr4c_3890.tif | pred_pos=0 | gt_pos=0 | diff=0 (0.000) | lcc=0.000 | flagged=0
[15:08:44] DEBUG - 94182077_240404a_17~9097_hr4c_521.tif | pred_pos=0 | gt_pos=0 | diff=0 (0.000) | lcc=0.000 | flagged=0
[15:08:44] DEBUG - 94182077_240404a_17~9097_hr4c_534.tif | pred_pos=0 | gt_pos=24972 | diff=24972 (0.381) | lcc=0.381 | flagged=0
[15:08:44] DEBUG - 94182077_240404a_17~9097_hr4c_536.tif | pred_pos=0 | gt_pos=29284 | diff=29284 (0.447) | lcc=0.447 | flagged=0
[15:08:44] DEBUG - 94182077_240404a_17~9097_hr4c_5784.tif | pred_pos=0 | gt_pos=0 | diff=0 (0.000) | lcc=0.000 | flagged=0
[15:08:44] DEBUG - 94182077_240404a_17~9097_hr4c_96.tif | pred_pos=0 | gt_pos=0 | diff=0 (0.000) | lcc=0.000 | flagged=0
[15:08:44] DEBUG - 94182078_240403a_18~9382_hr4_1553.tif | pred_pos=0 | gt_pos=0 | diff=0 (0.000) | lcc=0.000 | flagged=0
[15:08:44] DEBUG - 94182078_240403a_18~9382_hr4_2044.tif | pred_pos=0 | gt_pos=0 | diff=0 (0.000) | lcc=0.000 | flagged=0
[15:08:44] DEBUG - 94182078_240403a_18~9382_hr4_2289.tif | pred_pos=0 | gt_pos=0 | diff=0 (0.000) | lcc=0.000 | flagged=0
[15:08:44] DEBUG - 94182078_240403a_18~9382_hr4_2293.tif | pred_pos=0 | gt_pos=0 | diff=0 (0.000) | lcc=0.000 | flagged=0
[15:08:44] DEBUG - 94182078_240403a_18~9382_hr4_3424.tif | pred_pos=0 | gt_pos=0 | diff=0 (0.000) | lcc=0.000 | flagged=0
[15:08:44] DEBUG - 94182078_240403a_18~9382_hr4_3534.tif | pred_pos=0 | gt_pos=0 | diff=0 (0.000) | lcc=0.000 | flagged=0
[15:08:44] DEBUG - 94182078_240403a_18~9382_hr4_3638.tif | pred_pos=0 | gt_pos=0 | diff=0 (0.000) | lcc=0.000 | flagged=0
[15:08:44] DEBUG - 94182078_240403a_18~9382_hr4_3737.tif | pred_pos=0 | gt_pos=0 | diff=0 (0.000) | lcc=0.000 | flagged=0
[15:08:44] DEBUG - 94182078_240403a_18~9382_hr4_4182.tif | pred_pos=0 | gt_pos=0 | diff=0 (0.000) | lcc=0.000 | flagged=0
[15:08:44] DEBUG - 94182078_240403a_18~9382_hr4_4189.tif | pred_pos=0 | gt_pos=456 | diff=456 (0.007) | lcc=0.007 | flagged=0
[15:08:44] DEBUG - 94182078_240403a_18~9382_hr4_4500.tif | pred_pos=0 | gt_pos=21069 | diff=21069 (0.321) | lcc=0.321 | flagged=0
[15:08:44] DEBUG - 94182078_240403a_18~9382_hr4_4575.tif | pred_pos=0 | gt_pos=2960 | diff=2960 (0.045) | lcc=0.045 | flagged=0
[15:08:44] DEBUG - 94182078_240403a_18~9382_hr4_5073.tif | pred_pos=0 | gt_pos=0 | diff=0 (0.000) | lcc=0.000 | flagged=0
[15:08:44] DEBUG - 94182078_240403a_18~9382_hr4_516.tif | pred_pos=0 | gt_pos=0 | diff=0 (0.000) | lcc=0.000 | flagged=0
[15:08:44] DEBUG - 94182078_240403a_18~9382_hr4_5299.tif | pred_pos=0 | gt_pos=0 | diff=0 (0.000) | lcc=0.000 | flagged=0
[15:08:44] DEBUG - 94182079_240403a_19~9688_hr4_1433.tif | pred_pos=0 | gt_pos=0 | diff=0 (0.000) | lcc=0.000 | flagged=0
[15:08:44] DEBUG - 94182079_240403a_19~9688_hr4_1687.tif | pred_pos=0 | gt_pos=0 | diff=0 (0.000) | lcc=0.000 | flagged=0
[15:08:44] DEBUG - 94182079_240403a_19~9688_hr4_1864.tif | pred_pos=0 | gt_pos=0 | diff=0 (0.000) | lcc=0.000 | flagged=0
[15:08:44] DEBUG - 94182079_240403a_19~9688_hr4_2070.tif | pred_pos=0 | gt_pos=0 | diff=0 (0.000) | lcc=0.000 | flagged=0
[15:08:44] DEBUG - 94182079_240403a_19~9688_hr4_3456.tif | pred_pos=0 | gt_pos=0 | diff=0 (0.000) | lcc=0.000 | flagged=0
[15:08:44] DEBUG - 94182079_240403a_19~9688_hr4_4017.tif | pred_pos=0 | gt_pos=0 | diff=0 (0.000) | lcc=0.000 | flagged=0
[15:08:44] DEBUG - 94182079_240403a_19~9688_hr4_4637.tif | pred_pos=0 | gt_pos=0 | diff=0 (0.000) | lcc=0.000 | flagged=0
[15:08:44] DEBUG - 94182079_240403a_19~9688_hr4_5263.tif | pred_pos=0 | gt_pos=13719 | diff=13719 (0.209) | lcc=0.209 | flagged=0
[15:08:44] DEBUG - 94182079_240403a_19~9688_hr4_5410.tif | pred_pos=0 | gt_pos=1058 | diff=1058 (0.016) | lcc=0.016 | flagged=0
[15:08:44] DEBUG - 94182079_240403a_19~9688_hr4_5690.tif | pred_pos=0 | gt_pos=0 | diff=0 (0.000) | lcc=0.000 | flagged=0
[15:08:44] DEBUG - 94182079_240403a_19~9688_hr4_721.tif | pred_pos=0 | gt_pos=0 | diff=0 (0.000) | lcc=0.000 | flagged=0
[15:08:44] DEBUG - 94182079_240403a_19~9688_hr4_87.tif | pred_pos=0 | gt_pos=0 | diff=0 (0.000) | lcc=0.000 | flagged=0
[15:08:44] DEBUG - 94182079_240403a_19~9688_hr4_974.tif | pred_pos=0 | gt_pos=0 | diff=0 (0.000) | lcc=0.000 | flagged=0
[15:08:44] DEBUG - 94182086_240406a_16~4811_hr4c_1030.tif | pred_pos=0 | gt_pos=0 | diff=0 (0.000) | lcc=0.000 | flagged=0
[15:08:44] DEBUG - 94182086_240406a_16~4811_hr4c_1265.tif | pred_pos=0 | gt_pos=0 | diff=0 (0.000) | lcc=0.000 | flagged=0
[15:08:44] DEBUG - 94182086_240406a_16~4811_hr4c_1430.tif | pred_pos=0 | gt_pos=0 | diff=0 (0.000) | lcc=0.000 | flagged=0
[15:08:44] DEBUG - 94182086_240406a_16~4811_hr4c_2250.tif | pred_pos=0 | gt_pos=0 | diff=0 (0.000) | lcc=0.000 | flagged=0
[15:08:44] DEBUG - 94182086_240406a_16~4811_hr4c_226.tif | pred_pos=0 | gt_pos=0 | diff=0 (0.000) | lcc=0.000 | flagged=0
[15:08:44] DEBUG - 94182086_240406a_16~4811_hr4c_3902.tif | pred_pos=0 | gt_pos=7112 | diff=7112 (0.109) | lcc=0.109 | flagged=0
[15:08:44] DEBUG - 94182086_240406a_16~4811_hr4c_4330.tif | pred_pos=0 | gt_pos=0 | diff=0 (0.000) | lcc=0.000 | flagged=0
[15:08:44] DEBUG - 94182086_240406a_16~4811_hr4c_4587.tif | pred_pos=0 | gt_pos=828 | diff=828 (0.013) | lcc=0.013 | flagged=0
[15:08:44] DEBUG - 94182086_240406a_16~4811_hr4c_493.tif | pred_pos=0 | gt_pos=0 | diff=0 (0.000) | lcc=0.000 | flagged=0
[15:08:44] DEBUG - 94182086_240406a_16~4811_hr4c_4938.tif | pred_pos=0 | gt_pos=35535 | diff=35535 (0.542) | lcc=0.542 | flagged=1
[15:08:44] DEBUG - 94182086_240406a_16~4811_hr4c_4941.tif | pred_pos=0 | gt_pos=13841 | diff=13841 (0.211) | lcc=0.211 | flagged=0
[15:08:44] DEBUG - 94182086_240406a_16~4811_hr4c_5134.tif | pred_pos=0 | gt_pos=0 | diff=0 (0.000) | lcc=0.000 | flagged=0
[15:08:44] DEBUG - 94182086_240406a_16~4811_hr4c_5213.tif | pred_pos=0 | gt_pos=0 | diff=0 (0.000) | lcc=0.000 | flagged=0
[15:08:44] DEBUG - 94182086_240406a_16~4811_hr4c_5443.tif | pred_pos=0 | gt_pos=0 | diff=0 (0.000) | lcc=0.000 | flagged=0
[15:08:44] DEBUG - 94182087_240404a_17~9101_hr4_1347.tif | pred_pos=0 | gt_pos=0 | diff=0 (0.000) | lcc=0.000 | flagged=0
[15:08:44] DEBUG - 94182087_240404a_17~9101_hr4_1554.tif | pred_pos=0 | gt_pos=0 | diff=0 (0.000) | lcc=0.000 | flagged=0
[15:08:44] DEBUG - 94182087_240404a_17~9101_hr4_2181.tif | pred_pos=0 | gt_pos=23346 | diff=23346 (0.356) | lcc=0.356 | flagged=0
[15:08:44] DEBUG - 94182087_240404a_17~9101_hr4_2412.tif | pred_pos=0 | gt_pos=0 | diff=0 (0.000) | lcc=0.000 | flagged=0
[15:08:44] DEBUG - 94182087_240404a_17~9101_hr4_3041.tif | pred_pos=0 | gt_pos=0 | diff=0 (0.000) | lcc=0.000 | flagged=0
[15:08:44] DEBUG - 94182087_240404a_17~9101_hr4_3529.tif | pred_pos=0 | gt_pos=0 | diff=0 (0.000) | lcc=0.000 | flagged=0
[15:08:44] DEBUG - 94182087_240404a_17~9101_hr4_3653.tif | pred_pos=0 | gt_pos=0 | diff=0 (0.000) | lcc=0.000 | flagged=0
[15:08:44] DEBUG - 94182087_240404a_17~9101_hr4_3711.tif | pred_pos=0 | gt_pos=10578 | diff=10578 (0.161) | lcc=0.161 | flagged=0
[15:08:44] DEBUG - 94182087_240404a_17~9101_hr4_3712.tif | pred_pos=0 | gt_pos=0 | diff=0 (0.000) | lcc=0.000 | flagged=0
[15:08:44] DEBUG - 94182087_240404a_17~9101_hr4_3871.tif | pred_pos=0 | gt_pos=0 | diff=0 (0.000) | lcc=0.000 | flagged=0
[15:08:44] DEBUG - 94182087_240404a_17~9101_hr4_3922.tif | pred_pos=0 | gt_pos=0 | diff=0 (0.000) | lcc=0.000 | flagged=0
[15:08:44] DEBUG - 94182087_240404a_17~9101_hr4_4368.tif | pred_pos=0 | gt_pos=0 | diff=0 (0.000) | lcc=0.000 | flagged=0
[15:08:44] DEBUG - 94182087_240404a_17~9101_hr4_4390.tif | pred_pos=0 | gt_pos=0 | diff=0 (0.000) | lcc=0.000 | flagged=0
[15:08:44] DEBUG - 94182087_240404a_17~9101_hr4_4461.tif | pred_pos=0 | gt_pos=0 | diff=0 (0.000) | lcc=0.000 | flagged=0
[15:08:44] DEBUG - 94182087_240404a_17~9101_hr4_4961.tif | pred_pos=0 | gt_pos=0 | diff=0 (0.000) | lcc=0.000 | flagged=0
[15:08:44] DEBUG - 94182087_240404a_17~9101_hr4_5040.tif | pred_pos=0 | gt_pos=13685 | diff=13685 (0.209) | lcc=0.209 | flagged=0
[15:08:44] DEBUG - 94182087_240404a_17~9101_hr4_5242.tif | pred_pos=0 | gt_pos=0 | diff=0 (0.000) | lcc=0.000 | flagged=0
[15:08:45] DEBUG - 94182087_240404a_17~9101_hr4_5286.tif | pred_pos=0 | gt_pos=0 | diff=0 (0.000) | lcc=0.000 | flagged=0
[15:08:45] DEBUG - 94182087_240404a_17~9101_hr4_634.tif | pred_pos=0 | gt_pos=0 | diff=0 (0.000) | lcc=0.000 | flagged=0
[15:08:45] DEBUG - 94182087_240404a_17~9101_hr4_99.tif | pred_pos=0 | gt_pos=0 | diff=0 (0.000) | lcc=0.000 | flagged=0
[15:08:45] DEBUG - 94182088_240403a_18~9386_hr4_1227.tif | pred_pos=0 | gt_pos=253 | diff=253 (0.004) | lcc=0.004 | flagged=0
[15:08:45] DEBUG - 94182088_240403a_18~9386_hr4_1310.tif | pred_pos=0 | gt_pos=0 | diff=0 (0.000) | lcc=0.000 | flagged=0
[15:08:45] DEBUG - 94182088_240403a_18~9386_hr4_1405.tif | pred_pos=0 | gt_pos=0 | diff=0 (0.000) | lcc=0.000 | flagged=0
[15:08:45] DEBUG - 94182088_240403a_18~9386_hr4_1471.tif | pred_pos=0 | gt_pos=0 | diff=0 (0.000) | lcc=0.000 | flagged=0
[15:08:45] DEBUG - 94182088_240403a_18~9386_hr4_2741.tif | pred_pos=0 | gt_pos=0 | diff=0 (0.000) | lcc=0.000 | flagged=0
[15:08:45] DEBUG - 94182088_240403a_18~9386_hr4_2810.tif | pred_pos=0 | gt_pos=3026 | diff=3026 (0.046) | lcc=0.046 | flagged=0
[15:08:45] DEBUG - 94182088_240403a_18~9386_hr4_2811.tif | pred_pos=0 | gt_pos=4038 | diff=4038 (0.062) | lcc=0.062 | flagged=0
[15:08:45] DEBUG - 94182088_240403a_18~9386_hr4_3003.tif | pred_pos=0 | gt_pos=0 | diff=0 (0.000) | lcc=0.000 | flagged=0
[15:08:45] DEBUG - 94182088_240403a_18~9386_hr4_3006.tif | pred_pos=0 | gt_pos=0 | diff=0 (0.000) | lcc=0.000 | flagged=0
[15:08:45] DEBUG - 94182088_240403a_18~9386_hr4_3114.tif | pred_pos=0 | gt_pos=0 | diff=0 (0.000) | lcc=0.000 | flagged=0
[15:08:45] DEBUG - 94182088_240403a_18~9386_hr4_3457.tif | pred_pos=0 | gt_pos=0 | diff=0 (0.000) | lcc=0.000 | flagged=0
[15:08:45] DEBUG - 94182088_240403a_18~9386_hr4_3743.tif | pred_pos=0 | gt_pos=0 | diff=0 (0.000) | lcc=0.000 | flagged=0
[15:08:45] DEBUG - 94182088_240403a_18~9386_hr4_4024.tif | pred_pos=0 | gt_pos=0 | diff=0 (0.000) | lcc=0.000 | flagged=0
[15:08:45] DEBUG - 94182088_240403a_18~9386_hr4_4848.tif | pred_pos=0 | gt_pos=94 | diff=94 (0.001) | lcc=0.001 | flagged=0
[15:08:45] DEBUG - 94182088_240403a_18~9386_hr4_5749.tif | pred_pos=0 | gt_pos=0 | diff=0 (0.000) | lcc=0.000 | flagged=0
[15:08:45] DEBUG - 94182088_240403a_18~9386_hr4_603.tif | pred_pos=0 | gt_pos=0 | diff=0 (0.000) | lcc=0.000 | flagged=0
[15:08:45] DEBUG - 94182088_240403a_18~9386_hr4_746.tif | pred_pos=0 | gt_pos=0 | diff=0 (0.000) | lcc=0.000 | flagged=0
[15:08:45] DEBUG - 94182088_240403a_18~9386_hr4_804.tif | pred_pos=0 | gt_pos=0 | diff=0 (0.000) | lcc=0.000 | flagged=0
[15:08:45] DEBUG - 94182088_240403a_18~9386_hr4_967.tif | pred_pos=0 | gt_pos=0 | diff=0 (0.000) | lcc=0.000 | flagged=0
[15:08:45] DEBUG - 94182088_240403a_18~9386_hr4_986.tif | pred_pos=0 | gt_pos=0 | diff=0 (0.000) | lcc=0.000 | flagged=0
[15:08:45] DEBUG - 94182089_240403a_19~9692_hr4_1454.tif | pred_pos=0 | gt_pos=0 | diff=0 (0.000) | lcc=0.000 | flagged=0
[15:08:45] DEBUG - 94182089_240403a_19~9692_hr4_2006.tif | pred_pos=0 | gt_pos=0 | diff=0 (0.000) | lcc=0.000 | flagged=0
[15:08:45] DEBUG - 94182089_240403a_19~9692_hr4_2514.tif | pred_pos=0 | gt_pos=0 | diff=0 (0.000) | lcc=0.000 | flagged=0
[15:08:45] DEBUG - 94182089_240403a_19~9692_hr4_2617.tif | pred_pos=0 | gt_pos=0 | diff=0 (0.000) | lcc=0.000 | flagged=0
[15:08:45] DEBUG - 94182089_240403a_19~9692_hr4_2669.tif | pred_pos=0 | gt_pos=26172 | diff=26172 (0.399) | lcc=0.399 | flagged=0
[15:08:45] DEBUG - 94182089_240403a_19~9692_hr4_2900.tif | pred_pos=0 | gt_pos=0 | diff=0 (0.000) | lcc=0.000 | flagged=0
[15:08:45] DEBUG - 94182089_240403a_19~9692_hr4_2944.tif | pred_pos=0 | gt_pos=0 | diff=0 (0.000) | lcc=0.000 | flagged=0
[15:08:45] DEBUG - 94182089_240403a_19~9692_hr4_2951.tif | pred_pos=0 | gt_pos=0 | diff=0 (0.000) | lcc=0.000 | flagged=0
[15:08:45] DEBUG - 94182089_240403a_19~9692_hr4_3408.tif | pred_pos=0 | gt_pos=0 | diff=0 (0.000) | lcc=0.000 | flagged=0
[15:08:45] DEBUG - 94182089_240403a_19~9692_hr4_3849.tif | pred_pos=0 | gt_pos=0 | diff=0 (0.000) | lcc=0.000 | flagged=0
[15:08:45] DEBUG - 94182089_240403a_19~9692_hr4_4341.tif | pred_pos=0 | gt_pos=0 | diff=0 (0.000) | lcc=0.000 | flagged=0
[15:08:45] DEBUG - 94182089_240403a_19~9692_hr4_4438.tif | pred_pos=0 | gt_pos=0 | diff=0 (0.000) | lcc=0.000 | flagged=0
[15:08:45] DEBUG - 94182089_240403a_19~9692_hr4_4702.tif | pred_pos=0 | gt_pos=0 | diff=0 (0.000) | lcc=0.000 | flagged=0
[15:08:45] DEBUG - 94182089_240403a_19~9692_hr4_5246.tif | pred_pos=0 | gt_pos=0 | diff=0 (0.000) | lcc=0.000 | flagged=0
[15:08:45] DEBUG - 94182089_240403a_19~9692_hr4_5456.tif | pred_pos=0 | gt_pos=0 | diff=0 (0.000) | lcc=0.000 | flagged=0
[15:08:45] DEBUG - 94182089_240403a_19~9692_hr4_5618.tif | pred_pos=0 | gt_pos=0 | diff=0 (0.000) | lcc=0.000 | flagged=0
[15:08:45] DEBUG - 94182089_240403a_19~9692_hr4_5701.tif | pred_pos=0 | gt_pos=0 | diff=0 (0.000) | lcc=0.000 | flagged=0
[15:08:45] DEBUG - 94182089_240403a_19~9692_hr4_766.tif | pred_pos=0 | gt_pos=0 | diff=0 (0.000) | lcc=0.000 | flagged=0
[15:08:45] DEBUG - 94182089_240403a_19~9692_hr4_9.tif | pred_pos=0 | gt_pos=22127 | diff=22127 (0.338) | lcc=0.338 | flagged=0
[15:08:45] DEBUG - 94182096_240406a_16~4815_hr4c_1066.tif | pred_pos=0 | gt_pos=39967 | diff=39967 (0.610) | lcc=0.610 | flagged=1
[15:08:45] DEBUG - 94182096_240406a_16~4815_hr4c_1214.tif | pred_pos=0 | gt_pos=6879 | diff=6879 (0.105) | lcc=0.105 | flagged=0
[15:08:45] DEBUG - 94182096_240406a_16~4815_hr4c_1520.tif | pred_pos=0 | gt_pos=0 | diff=0 (0.000) | lcc=0.000 | flagged=0
[15:08:45] DEBUG - 94182096_240406a_16~4815_hr4c_1548.tif | pred_pos=0 | gt_pos=0 | diff=0 (0.000) | lcc=0.000 | flagged=0
[15:08:45] DEBUG - 94182096_240406a_16~4815_hr4c_1747.tif | pred_pos=0 | gt_pos=17028 | diff=17028 (0.260) | lcc=0.260 | flagged=0
[15:08:45] DEBUG - 94182096_240406a_16~4815_hr4c_1819.tif | pred_pos=0 | gt_pos=0 | diff=0 (0.000) | lcc=0.000 | flagged=0
[15:08:45] DEBUG - 94182096_240406a_16~4815_hr4c_2057.tif | pred_pos=0 | gt_pos=15264 | diff=15264 (0.233) | lcc=0.233 | flagged=0
[15:08:45] DEBUG - 94182096_240406a_16~4815_hr4c_2270.tif | pred_pos=0 | gt_pos=60372 | diff=60372 (0.921) | lcc=0.921 | flagged=1
[15:08:45] DEBUG - 94182096_240406a_16~4815_hr4c_2329.tif | pred_pos=0 | gt_pos=0 | diff=0 (0.000) | lcc=0.000 | flagged=0
[15:08:45] DEBUG - 94182096_240406a_16~4815_hr4c_2380.tif | pred_pos=0 | gt_pos=8594 | diff=8594 (0.131) | lcc=0.112 | flagged=0
[15:08:45] DEBUG - 94182096_240406a_16~4815_hr4c_275.tif | pred_pos=0 | gt_pos=0 | diff=0 (0.000) | lcc=0.000 | flagged=0
[15:08:45] DEBUG - 94182096_240406a_16~4815_hr4c_3111.tif | pred_pos=0 | gt_pos=0 | diff=0 (0.000) | lcc=0.000 | flagged=0
[15:08:45] DEBUG - 94182096_240406a_16~4815_hr4c_3148.tif | pred_pos=0 | gt_pos=115 | diff=115 (0.002) | lcc=0.002 | flagged=0
[15:08:45] DEBUG - 94182096_240406a_16~4815_hr4c_3502.tif | pred_pos=0 | gt_pos=0 | diff=0 (0.000) | lcc=0.000 | flagged=0
[15:08:45] DEBUG - 94182096_240406a_16~4815_hr4c_3739.tif | pred_pos=0 | gt_pos=0 | diff=0 (0.000) | lcc=0.000 | flagged=0
[15:08:45] DEBUG - 94182096_240406a_16~4815_hr4c_4707.tif | pred_pos=0 | gt_pos=0 | diff=0 (0.000) | lcc=0.000 | flagged=0
[15:08:45] DEBUG - 94182096_240406a_16~4815_hr4c_5372.tif | pred_pos=0 | gt_pos=26411 | diff=26411 (0.403) | lcc=0.403 | flagged=0
[15:08:45] DEBUG - 94182096_240406a_16~4815_hr4c_5498.tif | pred_pos=0 | gt_pos=8531 | diff=8531 (0.130) | lcc=0.130 | flagged=0
[15:08:45] DEBUG - 94182096_240406a_16~4815_hr4c_5769.tif | pred_pos=0 | gt_pos=0 | diff=0 (0.000) | lcc=0.000 | flagged=0
[15:08:45] DEBUG - 94182097_240404a_17~9105_hr4_1015.tif | pred_pos=0 | gt_pos=0 | diff=0 (0.000) | lcc=0.000 | flagged=0
[15:08:45] DEBUG - 94182097_240404a_17~9105_hr4_1561.tif | pred_pos=0 | gt_pos=0 | diff=0 (0.000) | lcc=0.000 | flagged=0
[15:08:45] DEBUG - 94182097_240404a_17~9105_hr4_2214.tif | pred_pos=0 | gt_pos=0 | diff=0 (0.000) | lcc=0.000 | flagged=0
[15:08:48] DEBUG - 94182097_240404a_17~9105_hr4_2239.tif | pred_pos=0 | gt_pos=0 | diff=0 (0.000) | lcc=0.000 | flagged=0
[15:08:48] DEBUG - 94182097_240404a_17~9105_hr4_2592.tif | pred_pos=0 | gt_pos=0 | diff=0 (0.000) | lcc=0.000 | flagged=0
[15:08:48] DEBUG - 94182097_240404a_17~9105_hr4_2769.tif | pred_pos=0 | gt_pos=0 | diff=0 (0.000) | lcc=0.000 | flagged=0
[15:08:48] DEBUG - 94182097_240404a_17~9105_hr4_4166.tif | pred_pos=0 | gt_pos=0 | diff=0 (0.000) | lcc=0.000 | flagged=0
[15:08:48] DEBUG - 94182097_240404a_17~9105_hr4_4516.tif | pred_pos=0 | gt_pos=0 | diff=0 (0.000) | lcc=0.000 | flagged=0
[15:08:48] DEBUG - 94182097_240404a_17~9105_hr4_5441.tif | pred_pos=0 | gt_pos=0 | diff=0 (0.000) | lcc=0.000 | flagged=0
[15:08:48] DEBUG - 94182097_240404a_17~9105_hr4_5845.tif | pred_pos=0 | gt_pos=0 | diff=0 (0.000) | lcc=0.000 | flagged=0
[15:08:48] DEBUG - 94182097_240404a_17~9105_hr4_637.tif | pred_pos=0 | gt_pos=0 | diff=0 (0.000) | lcc=0.000 | flagged=0
[15:08:48] DEBUG - 94182097_240404a_17~9105_hr4_928.tif | pred_pos=0 | gt_pos=0 | diff=0 (0.000) | lcc=0.000 | flagged=0
[15:08:48] DEBUG - 94182098_240403a_18~9390_hr4_105.tif | pred_pos=0 | gt_pos=16259 | diff=16259 (0.248) | lcc=0.248 | flagged=0
[15:08:48] DEBUG - 94182098_240403a_18~9390_hr4_1182.tif | pred_pos=0 | gt_pos=0 | diff=0 (0.000) | lcc=0.000 | flagged=0
[15:08:48] DEBUG - 94182098_240403a_18~9390_hr4_1443.tif | pred_pos=0 | gt_pos=0 | diff=0 (0.000) | lcc=0.000 | flagged=0
[15:08:48] DEBUG - 94182098_240403a_18~9390_hr4_1873.tif | pred_pos=0 | gt_pos=31582 | diff=31582 (0.482) | lcc=0.482 | flagged=0
[15:08:48] DEBUG - 94182098_240403a_18~9390_hr4_2135.tif | pred_pos=0 | gt_pos=0 | diff=0 (0.000) | lcc=0.000 | flagged=0
[15:08:48] DEBUG - 94182098_240403a_18~9390_hr4_2240.tif | pred_pos=0 | gt_pos=2007 | diff=2007 (0.031) | lcc=0.031 | flagged=0
[15:08:48] DEBUG - 94182098_240403a_18~9390_hr4_2243.tif | pred_pos=0 | gt_pos=51 | diff=51 (0.001) | lcc=0.001 | flagged=0
[15:08:48] DEBUG - 94182098_240403a_18~9390_hr4_2248.tif | pred_pos=0 | gt_pos=2205 | diff=2205 (0.034) | lcc=0.034 | flagged=0
[15:08:48] DEBUG - 94182098_240403a_18~9390_hr4_2617.tif | pred_pos=0 | gt_pos=0 | diff=0 (0.000) | lcc=0.000 | flagged=0
[15:08:48] DEBUG - 94182098_240403a_18~9390_hr4_3772.tif | pred_pos=0 | gt_pos=0 | diff=0 (0.000) | lcc=0.000 | flagged=0
[15:08:48] DEBUG - 94182098_240403a_18~9390_hr4_3959.tif | pred_pos=0 | gt_pos=0 | diff=0 (0.000) | lcc=0.000 | flagged=0
[15:08:48] DEBUG - 94182098_240403a_18~9390_hr4_4211.tif | pred_pos=0 | gt_pos=0 | diff=0 (0.000) | lcc=0.000 | flagged=0
[15:08:48] DEBUG - 94182098_240403a_18~9390_hr4_4426.tif | pred_pos=0 | gt_pos=0 | diff=0 (0.000) | lcc=0.000 | flagged=0
[15:08:48] DEBUG - 94182098_240403a_18~9390_hr4_4582.tif | pred_pos=0 | gt_pos=0 | diff=0 (0.000) | lcc=0.000 | flagged=0
[15:08:48] DEBUG - 94182098_240403a_18~9390_hr4_464.tif | pred_pos=0 | gt_pos=0 | diff=0 (0.000) | lcc=0.000 | flagged=0
[15:08:48] DEBUG - 94182098_240403a_18~9390_hr4_4759.tif | pred_pos=0 | gt_pos=12792 | diff=12792 (0.195) | lcc=0.195 | flagged=0
[15:08:48] DEBUG - 94182098_240403a_18~9390_hr4_493.tif | pred_pos=0 | gt_pos=0 | diff=0 (0.000) | lcc=0.000 | flagged=0
[15:08:48] DEBUG - 94182098_240403a_18~9390_hr4_5213.tif | pred_pos=0 | gt_pos=0 | diff=0 (0.000) | lcc=0.000 | flagged=0
[15:08:48] DEBUG - 94182098_240403a_18~9390_hr4_5362.tif | pred_pos=0 | gt_pos=0 | diff=0 (0.000) | lcc=0.000 | flagged=0
[15:08:48] DEBUG - 94182098_240403a_18~9390_hr4_5517.tif | pred_pos=0 | gt_pos=0 | diff=0 (0.000) | lcc=0.000 | flagged=0
[15:08:48] DEBUG - 94182098_240403a_18~9390_hr4_5593.tif | pred_pos=0 | gt_pos=0 | diff=0 (0.000) | lcc=0.000 | flagged=0
[15:08:48] DEBUG - 94182098_240403a_18~9390_hr4_5715.tif | pred_pos=0 | gt_pos=0 | diff=0 (0.000) | lcc=0.000 | flagged=0
[15:08:48] DEBUG - 94201078_240504a_18~9182_hr4_2064.tif | pred_pos=0 | gt_pos=0 | diff=0 (0.000) | lcc=0.000 | flagged=0
[15:08:48] DEBUG - 94201078_240504a_18~9182_hr4_2336.tif | pred_pos=0 | gt_pos=0 | diff=0 (0.000) | lcc=0.000 | flagged=0
[15:08:48] DEBUG - 94201078_240504a_18~9182_hr4_236.tif | pred_pos=0 | gt_pos=0 | diff=0 (0.000) | lcc=0.000 | flagged=0
[15:08:48] DEBUG - 94201078_240504a_18~9182_hr4_2650.tif | pred_pos=0 | gt_pos=0 | diff=0 (0.000) | lcc=0.000 | flagged=0
[15:08:48] DEBUG - 94201078_240504a_18~9182_hr4_2955.tif | pred_pos=0 | gt_pos=0 | diff=0 (0.000) | lcc=0.000 | flagged=0
[15:08:48] DEBUG - 94201078_240504a_18~9182_hr4_349.tif | pred_pos=0 | gt_pos=0 | diff=0 (0.000) | lcc=0.000 | flagged=0
[15:08:48] DEBUG - 94201078_240504a_18~9182_hr4_3675.tif | pred_pos=0 | gt_pos=0 | diff=0 (0.000) | lcc=0.000 | flagged=0
[15:08:48] DEBUG - 94201078_240504a_18~9182_hr4_40.tif | pred_pos=0 | gt_pos=0 | diff=0 (0.000) | lcc=0.000 | flagged=0
[15:08:48] DEBUG - 94201078_240504a_18~9182_hr4_4222.tif | pred_pos=0 | gt_pos=0 | diff=0 (0.000) | lcc=0.000 | flagged=0
[15:08:48] DEBUG - 94201078_240504a_18~9182_hr4_423.tif | pred_pos=0 | gt_pos=0 | diff=0 (0.000) | lcc=0.000 | flagged=0
[15:08:48] DEBUG - 94201078_240504a_18~9182_hr4_429.tif | pred_pos=0 | gt_pos=0 | diff=0 (0.000) | lcc=0.000 | flagged=0
[15:08:49] DEBUG - 94201078_240504a_18~9182_hr4_4597.tif | pred_pos=0 | gt_pos=0 | diff=0 (0.000) | lcc=0.000 | flagged=0
[15:08:49] DEBUG - 94201078_240504a_18~9182_hr4_5021.tif | pred_pos=0 | gt_pos=0 | diff=0 (0.000) | lcc=0.000 | flagged=0
[15:08:49] DEBUG - 94201078_240504a_18~9182_hr4_5228.tif | pred_pos=0 | gt_pos=0 | diff=0 (0.000) | lcc=0.000 | flagged=0
[15:08:49] DEBUG - 94201078_240504a_18~9182_hr4_5568.tif | pred_pos=0 | gt_pos=0 | diff=0 (0.000) | lcc=0.000 | flagged=0
[15:08:49] DEBUG - 94201078_240504a_18~9182_hr4_5578.tif | pred_pos=0 | gt_pos=0 | diff=0 (0.000) | lcc=0.000 | flagged=0
[15:08:49] DEBUG - 94201078_240504a_18~9182_hr4_797.tif | pred_pos=0 | gt_pos=0 | diff=0 (0.000) | lcc=0.000 | flagged=0
[15:08:49] DEBUG - 94201078_240504a_18~9182_hr4_951.tif | pred_pos=0 | gt_pos=0 | diff=0 (0.000) | lcc=0.000 | flagged=0
[15:08:49] DEBUG - 94201088_240504a_18~9186_hr4_1573.tif | pred_pos=0 | gt_pos=0 | diff=0 (0.000) | lcc=0.000 | flagged=0
[15:08:49] DEBUG - 94201088_240504a_18~9186_hr4_1839.tif | pred_pos=0 | gt_pos=0 | diff=0 (0.000) | lcc=0.000 | flagged=0
[15:08:49] DEBUG - 94201088_240504a_18~9186_hr4_1841.tif | pred_pos=0 | gt_pos=0 | diff=0 (0.000) | lcc=0.000 | flagged=0
[15:08:49] DEBUG - 94201088_240504a_18~9186_hr4_1982.tif | pred_pos=0 | gt_pos=0 | diff=0 (0.000) | lcc=0.000 | flagged=0
[15:08:49] DEBUG - 94201088_240504a_18~9186_hr4_2003.tif | pred_pos=0 | gt_pos=0 | diff=0 (0.000) | lcc=0.000 | flagged=0
[15:08:49] DEBUG - 94201088_240504a_18~9186_hr4_2031.tif | pred_pos=0 | gt_pos=0 | diff=0 (0.000) | lcc=0.000 | flagged=0
[15:08:49] DEBUG - 94201088_240504a_18~9186_hr4_2047.tif | pred_pos=0 | gt_pos=0 | diff=0 (0.000) | lcc=0.000 | flagged=0
[15:08:49] DEBUG - 94201088_240504a_18~9186_hr4_240.tif | pred_pos=0 | gt_pos=0 | diff=0 (0.000) | lcc=0.000 | flagged=0
[15:08:49] DEBUG - 94201088_240504a_18~9186_hr4_2878.tif | pred_pos=0 | gt_pos=6018 | diff=6018 (0.092) | lcc=0.092 | flagged=0
[15:08:49] DEBUG - 94201088_240504a_18~9186_hr4_3112.tif | pred_pos=0 | gt_pos=0 | diff=0 (0.000) | lcc=0.000 | flagged=0
[15:08:49] DEBUG - 94201088_240504a_18~9186_hr4_3397.tif | pred_pos=0 | gt_pos=22442 | diff=22442 (0.342) | lcc=0.342 | flagged=0
[15:08:49] DEBUG - 94201088_240504a_18~9186_hr4_3633.tif | pred_pos=0 | gt_pos=0 | diff=0 (0.000) | lcc=0.000 | flagged=0
[15:08:49] DEBUG - 94201088_240504a_18~9186_hr4_4139.tif | pred_pos=0 | gt_pos=0 | diff=0 (0.000) | lcc=0.000 | flagged=0
[15:08:49] DEBUG - 94201088_240504a_18~9186_hr4_4598.tif | pred_pos=0 | gt_pos=0 | diff=0 (0.000) | lcc=0.000 | flagged=0
[15:08:49] DEBUG - 94201088_240504a_18~9186_hr4_480.tif | pred_pos=0 | gt_pos=0 | diff=0 (0.000) | lcc=0.000 | flagged=0
[15:08:49] DEBUG - 94201088_240504a_18~9186_hr4_5204.tif | pred_pos=0 | gt_pos=0 | diff=0 (0.000) | lcc=0.000 | flagged=0
[15:08:49] DEBUG - 94201088_240504a_18~9186_hr4_713.tif | pred_pos=0 | gt_pos=0 | diff=0 (0.000) | lcc=0.000 | flagged=0
[15:08:49] DEBUG - 94201088_240504a_18~9186_hr4_714.tif | pred_pos=0 | gt_pos=0 | diff=0 (0.000) | lcc=0.000 | flagged=0
[15:08:49] DEBUG - 94201088_240504a_18~9186_hr4_806.tif | pred_pos=0 | gt_pos=0 | diff=0 (0.000) | lcc=0.000 | flagged=0
[15:08:49] DEBUG - 94201088_240504a_18~9186_hr4_887.tif | pred_pos=0 | gt_pos=0 | diff=0 (0.000) | lcc=0.000 | flagged=0
[15:08:49] DEBUG - 94201097_240504a_17~8905_hr4_1203.tif | pred_pos=0 | gt_pos=0 | diff=0 (0.000) | lcc=0.000 | flagged=0
[15:08:49] DEBUG - 94201097_240504a_17~8905_hr4_165.tif | pred_pos=0 | gt_pos=0 | diff=0 (0.000) | lcc=0.000 | flagged=0
[15:08:49] DEBUG - 94201097_240504a_17~8905_hr4_2066.tif | pred_pos=0 | gt_pos=0 | diff=0 (0.000) | lcc=0.000 | flagged=0
[15:08:49] DEBUG - 94201097_240504a_17~8905_hr4_2446.tif | pred_pos=0 | gt_pos=0 | diff=0 (0.000) | lcc=0.000 | flagged=0
[15:08:49] DEBUG - 94201097_240504a_17~8905_hr4_2542.tif | pred_pos=0 | gt_pos=0 | diff=0 (0.000) | lcc=0.000 | flagged=0
[15:08:49] DEBUG - 94201097_240504a_17~8905_hr4_2854.tif | pred_pos=0 | gt_pos=0 | diff=0 (0.000) | lcc=0.000 | flagged=0
[15:08:49] DEBUG - 94201097_240504a_17~8905_hr4_3001.tif | pred_pos=0 | gt_pos=0 | diff=0 (0.000) | lcc=0.000 | flagged=0
[15:08:49] DEBUG - 94201097_240504a_17~8905_hr4_323.tif | pred_pos=0 | gt_pos=0 | diff=0 (0.000) | lcc=0.000 | flagged=0
[15:08:49] DEBUG - 94201097_240504a_17~8905_hr4_3355.tif | pred_pos=0 | gt_pos=0 | diff=0 (0.000) | lcc=0.000 | flagged=0
[15:08:49] DEBUG - 94201097_240504a_17~8905_hr4_3819.tif | pred_pos=0 | gt_pos=0 | diff=0 (0.000) | lcc=0.000 | flagged=0
[15:08:49] DEBUG - 94201097_240504a_17~8905_hr4_382.tif | pred_pos=0 | gt_pos=0 | diff=0 (0.000) | lcc=0.000 | flagged=0
[15:08:49] DEBUG - 94201097_240504a_17~8905_hr4_396.tif | pred_pos=0 | gt_pos=0 | diff=0 (0.000) | lcc=0.000 | flagged=0
[15:08:49] DEBUG - 94201097_240504a_17~8905_hr4_4376.tif | pred_pos=0 | gt_pos=0 | diff=0 (0.000) | lcc=0.000 | flagged=0
[15:08:49] DEBUG - 94201097_240504a_17~8905_hr4_4407.tif | pred_pos=0 | gt_pos=0 | diff=0 (0.000) | lcc=0.000 | flagged=0
[15:08:49] DEBUG - 94201097_240504a_17~8905_hr4_4671.tif | pred_pos=0 | gt_pos=0 | diff=0 (0.000) | lcc=0.000 | flagged=0
[15:08:49] DEBUG - 94201097_240504a_17~8905_hr4_4772.tif | pred_pos=0 | gt_pos=0 | diff=0 (0.000) | lcc=0.000 | flagged=0
[15:08:49] DEBUG - 94201097_240504a_17~8905_hr4_4782.tif | pred_pos=0 | gt_pos=0 | diff=0 (0.000) | lcc=0.000 | flagged=0
[15:08:49] DEBUG - 94201097_240504a_17~8905_hr4_5147.tif | pred_pos=0 | gt_pos=0 | diff=0 (0.000) | lcc=0.000 | flagged=0
[15:08:49] DEBUG - 94201097_240504a_17~8905_hr4_520.tif | pred_pos=0 | gt_pos=0 | diff=0 (0.000) | lcc=0.000 | flagged=0
[15:08:49] DEBUG - 94201097_240504a_17~8905_hr4_5210.tif | pred_pos=0 | gt_pos=0 | diff=0 (0.000) | lcc=0.000 | flagged=0
[15:08:49] DEBUG - 94201097_240504a_17~8905_hr4_552.tif | pred_pos=0 | gt_pos=0 | diff=0 (0.000) | lcc=0.000 | flagged=0
[15:08:49] DEBUG - 94201097_240504a_17~8905_hr4_5668.tif | pred_pos=0 | gt_pos=10822 | diff=10822 (0.165) | lcc=0.165 | flagged=0
[15:08:49] DEBUG - 94201098_240504a_18~9190_hr4_1583.tif | pred_pos=0 | gt_pos=0 | diff=0 (0.000) | lcc=0.000 | flagged=0
[15:08:49] DEBUG - 94201098_240504a_18~9190_hr4_1597.tif | pred_pos=0 | gt_pos=0 | diff=0 (0.000) | lcc=0.000 | flagged=0
[15:08:49] DEBUG - 94201098_240504a_18~9190_hr4_2167.tif | pred_pos=0 | gt_pos=0 | diff=0 (0.000) | lcc=0.000 | flagged=0
[15:08:49] DEBUG - 94201098_240504a_18~9190_hr4_2633.tif | pred_pos=0 | gt_pos=37659 | diff=37659 (0.575) | lcc=0.575 | flagged=1
[15:08:49] DEBUG - 94201098_240504a_18~9190_hr4_2648.tif | pred_pos=0 | gt_pos=0 | diff=0 (0.000) | lcc=0.000 | flagged=0
[15:08:49] DEBUG - 94201098_240504a_18~9190_hr4_2735.tif | pred_pos=0 | gt_pos=0 | diff=0 (0.000) | lcc=0.000 | flagged=0
[15:08:49] DEBUG - 94201098_240504a_18~9190_hr4_2844.tif | pred_pos=0 | gt_pos=0 | diff=0 (0.000) | lcc=0.000 | flagged=0
[15:08:49] DEBUG - 94201098_240504a_18~9190_hr4_2856.tif | pred_pos=0 | gt_pos=20887 | diff=20887 (0.319) | lcc=0.319 | flagged=0
[15:08:49] DEBUG - 94201098_240504a_18~9190_hr4_2930.tif | pred_pos=0 | gt_pos=20814 | diff=20814 (0.318) | lcc=0.318 | flagged=0
[15:08:49] DEBUG - 94201098_240504a_18~9190_hr4_2935.tif | pred_pos=0 | gt_pos=6879 | diff=6879 (0.105) | lcc=0.105 | flagged=0
[15:08:49] DEBUG - 94201098_240504a_18~9190_hr4_3078.tif | pred_pos=0 | gt_pos=7273 | diff=7273 (0.111) | lcc=0.111 | flagged=0
[15:08:49] DEBUG - 94201098_240504a_18~9190_hr4_3268.tif | pred_pos=0 | gt_pos=0 | diff=0 (0.000) | lcc=0.000 | flagged=0
[15:08:49] DEBUG - 94201098_240504a_18~9190_hr4_3533.tif | pred_pos=0 | gt_pos=6756 | diff=6756 (0.103) | lcc=0.103 | flagged=0
[15:08:49] DEBUG - 94201098_240504a_18~9190_hr4_3828.tif | pred_pos=0 | gt_pos=29119 | diff=29119 (0.444) | lcc=0.444 | flagged=0
[15:08:49] DEBUG - 94201098_240504a_18~9190_hr4_3907.tif | pred_pos=0 | gt_pos=2643 | diff=2643 (0.040) | lcc=0.040 | flagged=0
[15:08:49] DEBUG - 94201098_240504a_18~9190_hr4_3971.tif | pred_pos=0 | gt_pos=23628 | diff=23628 (0.361) | lcc=0.361 | flagged=0
[15:08:49] DEBUG - 94201098_240504a_18~9190_hr4_5505.tif | pred_pos=0 | gt_pos=33474 | diff=33474 (0.511) | lcc=0.511 | flagged=1
[15:08:49] DEBUG - 94201098_240504a_18~9190_hr4_5578.tif | pred_pos=0 | gt_pos=32003 | diff=32003 (0.488) | lcc=0.488 | flagged=0
[15:08:49] DEBUG - 94201098_240504a_18~9190_hr4_5637.tif | pred_pos=0 | gt_pos=0 | diff=0 (0.000) | lcc=0.000 | flagged=0
[15:08:49] DEBUG - 94201098_240504a_18~9190_hr4_5639.tif | pred_pos=0 | gt_pos=0 | diff=0 (0.000) | lcc=0.000 | flagged=0
[15:08:49] DEBUG - 94201098_240504a_18~9190_hr4_5653.tif | pred_pos=0 | gt_pos=27476 | diff=27476 (0.419) | lcc=0.419 | flagged=0
[15:08:49] DEBUG - 94202002_240504a_12~7548_hr4_1317.tif | pred_pos=0 | gt_pos=0 | diff=0 (0.000) | lcc=0.000 | flagged=0
[15:08:49] DEBUG - 94202002_240504a_12~7548_hr4_1487.tif | pred_pos=0 | gt_pos=0 | diff=0 (0.000) | lcc=0.000 | flagged=0
[15:08:49] DEBUG - 94202002_240504a_12~7548_hr4_1837.tif | pred_pos=0 | gt_pos=36064 | diff=36064 (0.550) | lcc=0.550 | flagged=1
[15:08:49] DEBUG - 94202002_240504a_12~7548_hr4_1846.tif | pred_pos=0 | gt_pos=915 | diff=915 (0.014) | lcc=0.014 | flagged=0
[15:08:49] DEBUG - 94202002_240504a_12~7548_hr4_1847.tif | pred_pos=0 | gt_pos=7717 | diff=7717 (0.118) | lcc=0.118 | flagged=0
[15:08:49] DEBUG - 94202002_240504a_12~7548_hr4_1960.tif | pred_pos=0 | gt_pos=32153 | diff=32153 (0.491) | lcc=0.491 | flagged=0
[15:08:49] DEBUG - 94202002_240504a_12~7548_hr4_2002.tif | pred_pos=0 | gt_pos=0 | diff=0 (0.000) | lcc=0.000 | flagged=0
[15:08:49] DEBUG - 94202002_240504a_12~7548_hr4_2038.tif | pred_pos=0 | gt_pos=46308 | diff=46308 (0.707) | lcc=0.495 | flagged=0
[15:08:49] DEBUG - 94202002_240504a_12~7548_hr4_2059.tif | pred_pos=0 | gt_pos=33326 | diff=33326 (0.509) | lcc=0.509 | flagged=1
[15:08:49] DEBUG - 94202002_240504a_12~7548_hr4_2064.tif | pred_pos=0 | gt_pos=12 | diff=12 (0.000) | lcc=0.000 | flagged=0
[15:08:49] DEBUG - 94202002_240504a_12~7548_hr4_2100.tif | pred_pos=0 | gt_pos=11416 | diff=11416 (0.174) | lcc=0.174 | flagged=0
[15:08:49] DEBUG - 94202002_240504a_12~7548_hr4_2101.tif | pred_pos=0 | gt_pos=30908 | diff=30908 (0.472) | lcc=0.472 | flagged=0
[15:08:49] DEBUG - 94202002_240504a_12~7548_hr4_2102.tif | pred_pos=0 | gt_pos=29916 | diff=29916 (0.456) | lcc=0.456 | flagged=0
[15:08:49] DEBUG - 94202002_240504a_12~7548_hr4_2117.tif | pred_pos=0 | gt_pos=8346 | diff=8346 (0.127) | lcc=0.127 | flagged=0
[15:08:49] DEBUG - 94202002_240504a_12~7548_hr4_2192.tif | pred_pos=0 | gt_pos=53980 | diff=53980 (0.824) | lcc=0.824 | flagged=1
[15:08:49] DEBUG - 94202002_240504a_12~7548_hr4_2242.tif | pred_pos=0 | gt_pos=65536 | diff=65536 (1.000) | lcc=1.000 | flagged=1
[15:08:52] DEBUG - 94202002_240504a_12~7548_hr4_2331.tif | pred_pos=0 | gt_pos=11558 | diff=11558 (0.176) | lcc=0.176 | flagged=0
[15:08:52] DEBUG - 94202002_240504a_12~7548_hr4_4346.tif | pred_pos=0 | gt_pos=0 | diff=0 (0.000) | lcc=0.000 | flagged=0
[15:08:52] DEBUG - 94202002_240504a_12~7548_hr4_4460.tif | pred_pos=0 | gt_pos=6782 | diff=6782 (0.103) | lcc=0.103 | flagged=0
[15:08:52] DEBUG - 94202002_240504a_12~7548_hr4_4461.tif | pred_pos=0 | gt_pos=56028 | diff=56028 (0.855) | lcc=0.855 | flagged=1
[15:08:52] DEBUG - 94202002_240504a_12~7548_hr4_4464.tif | pred_pos=0 | gt_pos=10390 | diff=10390 (0.159) | lcc=0.159 | flagged=0
[15:08:52] DEBUG - 94202002_240504a_12~7548_hr4_4534.tif | pred_pos=0 | gt_pos=7680 | diff=7680 (0.117) | lcc=0.117 | flagged=0
[15:08:52] DEBUG - 94202002_240504a_12~7548_hr4_4609.tif | pred_pos=0 | gt_pos=43728 | diff=43728 (0.667) | lcc=0.667 | flagged=1
[15:08:52] DEBUG - 94202002_240504a_12~7548_hr4_4610.tif | pred_pos=0 | gt_pos=2689 | diff=2689 (0.041) | lcc=0.041 | flagged=0
[15:08:52] DEBUG - 94202002_240504a_12~7548_hr4_4838.tif | pred_pos=0 | gt_pos=0 | diff=0 (0.000) | lcc=0.000 | flagged=0
[15:08:52] DEBUG - 94202002_240504a_12~7548_hr4_4983.tif | pred_pos=0 | gt_pos=8317 | diff=8317 (0.127) | lcc=0.127 | flagged=0
[15:08:52] DEBUG - 94202002_240504a_12~7548_hr4_4984.tif | pred_pos=0 | gt_pos=20555 | diff=20555 (0.314) | lcc=0.314 | flagged=0
[15:08:52] DEBUG - 94202002_240504a_12~7548_hr4_5134.tif | pred_pos=0 | gt_pos=7018 | diff=7018 (0.107) | lcc=0.107 | flagged=0
[15:08:52] DEBUG - 94202002_240504a_12~7548_hr4_5138.tif | pred_pos=0 | gt_pos=33968 | diff=33968 (0.518) | lcc=0.518 | flagged=1
[15:08:52] DEBUG - 94202002_240504a_12~7548_hr4_5141.tif | pred_pos=0 | gt_pos=797 | diff=797 (0.012) | lcc=0.012 | flagged=0
[15:08:52] DEBUG - 94202002_240504a_12~7548_hr4_5200.tif | pred_pos=0 | gt_pos=20331 | diff=20331 (0.310) | lcc=0.310 | flagged=0
[15:08:52] DEBUG - 94202002_240504a_12~7548_hr4_5204.tif | pred_pos=0 | gt_pos=62152 | diff=62152 (0.948) | lcc=0.948 | flagged=1
[15:08:52] DEBUG - 94202002_240504a_12~7548_hr4_5275.tif | pred_pos=0 | gt_pos=65368 | diff=65368 (0.997) | lcc=0.997 | flagged=1
[15:08:52] DEBUG - 94202002_240504a_12~7548_hr4_5289.tif | pred_pos=0 | gt_pos=2311 | diff=2311 (0.035) | lcc=0.035 | flagged=0
[15:08:52] DEBUG - 94202002_240504a_12~7548_hr4_5358.tif | pred_pos=0 | gt_pos=6411 | diff=6411 (0.098) | lcc=0.098 | flagged=0
[15:08:52] DEBUG - 94202002_240504a_12~7548_hr4_5421.tif | pred_pos=0 | gt_pos=4790 | diff=4790 (0.073) | lcc=0.073 | flagged=0
[15:08:52] DEBUG - 94202002_240504a_12~7548_hr4_5422.tif | pred_pos=0 | gt_pos=65147 | diff=65147 (0.994) | lcc=0.994 | flagged=1
[15:08:52] DEBUG - 94202002_240504a_12~7548_hr4_5496.tif | pred_pos=0 | gt_pos=13962 | diff=13962 (0.213) | lcc=0.213 | flagged=0
[15:08:52] DEBUG - 94202002_240504a_12~7548_hr4_5506.tif | pred_pos=0 | gt_pos=1300 | diff=1300 (0.020) | lcc=0.020 | flagged=0
[15:08:52] DEBUG - 94202002_240504a_12~7548_hr4_5645.tif | pred_pos=0 | gt_pos=32391 | diff=32391 (0.494) | lcc=0.491 | flagged=0
[15:08:52] DEBUG - 94202002_240504a_12~7548_hr4_5659.tif | pred_pos=0 | gt_pos=0 | diff=0 (0.000) | lcc=0.000 | flagged=0
[15:08:52] DEBUG - 94202002_240504a_12~7548_hr4_5724.tif | pred_pos=0 | gt_pos=5372 | diff=5372 (0.082) | lcc=0.082 | flagged=0
[15:08:52] DEBUG - 94202002_240504a_12~7548_hr4_5727.tif | pred_pos=0 | gt_pos=7904 | diff=7904 (0.121) | lcc=0.121 | flagged=0
[15:08:52] DEBUG - 94202002_240504a_12~7548_hr4_5795.tif | pred_pos=0 | gt_pos=252 | diff=252 (0.004) | lcc=0.004 | flagged=0
[15:08:52] DEBUG - 94202002_240504a_12~7548_hr4_723.tif | pred_pos=0 | gt_pos=0 | diff=0 (0.000) | lcc=0.000 | flagged=0
[15:08:52] DEBUG - 94202003_240504a_13~7801_hr4_1024.tif | pred_pos=0 | gt_pos=0 | diff=0 (0.000) | lcc=0.000 | flagged=0
[15:08:52] DEBUG - 94202003_240504a_13~7801_hr4_1212.tif | pred_pos=0 | gt_pos=18926 | diff=18926 (0.289) | lcc=0.289 | flagged=0
[15:08:52] DEBUG - 94202003_240504a_13~7801_hr4_1226.tif | pred_pos=0 | gt_pos=65536 | diff=65536 (1.000) | lcc=1.000 | flagged=1
[15:08:52] DEBUG - 94202003_240504a_13~7801_hr4_1272.tif | pred_pos=0 | gt_pos=0 | diff=0 (0.000) | lcc=0.000 | flagged=0
[15:08:52] DEBUG - 94202003_240504a_13~7801_hr4_1287.tif | pred_pos=0 | gt_pos=2143 | diff=2143 (0.033) | lcc=0.033 | flagged=0
[15:08:52] DEBUG - 94202003_240504a_13~7801_hr4_1297.tif | pred_pos=0 | gt_pos=13172 | diff=13172 (0.201) | lcc=0.201 | flagged=0
[15:08:52] DEBUG - 94202003_240504a_13~7801_hr4_1299.tif | pred_pos=0 | gt_pos=48336 | diff=48336 (0.738) | lcc=0.737 | flagged=1
[15:08:52] DEBUG - 94202003_240504a_13~7801_hr4_1350.tif | pred_pos=0 | gt_pos=65536 | diff=65536 (1.000) | lcc=1.000 | flagged=1
[15:08:52] DEBUG - 94202003_240504a_13~7801_hr4_1370.tif | pred_pos=0 | gt_pos=20878 | diff=20878 (0.319) | lcc=0.319 | flagged=0
[15:08:52] DEBUG - 94202003_240504a_13~7801_hr4_1389.tif | pred_pos=0 | gt_pos=9046 | diff=9046 (0.138) | lcc=0.138 | flagged=0
[15:08:52] DEBUG - 94202003_240504a_13~7801_hr4_1425.tif | pred_pos=0 | gt_pos=36587 | diff=36587 (0.558) | lcc=0.383 | flagged=0
[15:08:52] DEBUG - 94202003_240504a_13~7801_hr4_1431.tif | pred_pos=0 | gt_pos=34466 | diff=34466 (0.526) | lcc=0.526 | flagged=1
[15:08:52] DEBUG - 94202003_240504a_13~7801_hr4_1436.tif | pred_pos=0 | gt_pos=65536 | diff=65536 (1.000) | lcc=1.000 | flagged=1
[15:08:52] DEBUG - 94202003_240504a_13~7801_hr4_1438.tif | pred_pos=0 | gt_pos=47120 | diff=47120 (0.719) | lcc=0.594 | flagged=1
[15:08:52] DEBUG - 94202003_240504a_13~7801_hr4_1498.tif | pred_pos=0 | gt_pos=32441 | diff=32441 (0.495) | lcc=0.495 | flagged=0
[15:08:52] DEBUG - 94202003_240504a_13~7801_hr4_1509.tif | pred_pos=0 | gt_pos=65536 | diff=65536 (1.000) | lcc=1.000 | flagged=1
[15:08:52] DEBUG - 94202003_240504a_13~7801_hr4_1522.tif | pred_pos=0 | gt_pos=18815 | diff=18815 (0.287) | lcc=0.287 | flagged=0
[15:08:52] DEBUG - 94202003_240504a_13~7801_hr4_1523.tif | pred_pos=0 | gt_pos=65536 | diff=65536 (1.000) | lcc=1.000 | flagged=1
[15:08:52] DEBUG - 94202003_240504a_13~7801_hr4_1538.tif | pred_pos=0 | gt_pos=8817 | diff=8817 (0.135) | lcc=0.135 | flagged=0
[15:08:52] DEBUG - 94202003_240504a_13~7801_hr4_1601.tif | pred_pos=0 | gt_pos=12560 | diff=12560 (0.192) | lcc=0.191 | flagged=0
[15:08:52] DEBUG - 94202003_240504a_13~7801_hr4_1602.tif | pred_pos=0 | gt_pos=50041 | diff=50041 (0.764) | lcc=0.764 | flagged=1
[15:08:52] DEBUG - 94202003_240504a_13~7801_hr4_1648.tif | pred_pos=0 | gt_pos=41511 | diff=41511 (0.633) | lcc=0.631 | flagged=1
[15:08:52] DEBUG - 94202003_240504a_13~7801_hr4_1657.tif | pred_pos=0 | gt_pos=65536 | diff=65536 (1.000) | lcc=1.000 | flagged=1
[15:08:52] DEBUG - 94202003_240504a_13~7801_hr4_1664.tif | pred_pos=0 | gt_pos=65407 | diff=65407 (0.998) | lcc=0.998 | flagged=1
[15:08:52] DEBUG - 94202003_240504a_13~7801_hr4_1675.tif | pred_pos=0 | gt_pos=32729 | diff=32729 (0.499) | lcc=0.499 | flagged=0
[15:08:52] DEBUG - 94202003_240504a_13~7801_hr4_1796.tif | pred_pos=0 | gt_pos=55260 | diff=55260 (0.843) | lcc=0.843 | flagged=1
[15:08:52] DEBUG - 94202003_240504a_13~7801_hr4_1808.tif | pred_pos=0 | gt_pos=2569 | diff=2569 (0.039) | lcc=0.039 | flagged=0
[15:08:52] DEBUG - 94202003_240504a_13~7801_hr4_1816.tif | pred_pos=0 | gt_pos=30729 | diff=30729 (0.469) | lcc=0.431 | flagged=0
[15:08:52] DEBUG - 94202003_240504a_13~7801_hr4_1832.tif | pred_pos=0 | gt_pos=18010 | diff=18010 (0.275) | lcc=0.275 | flagged=0
[15:08:52] DEBUG - 94202003_240504a_13~7801_hr4_1835.tif | pred_pos=0 | gt_pos=13402 | diff=13402 (0.204) | lcc=0.204 | flagged=0
[15:08:52] DEBUG - 94202003_240504a_13~7801_hr4_1849.tif | pred_pos=0 | gt_pos=52655 | diff=52655 (0.803) | lcc=0.803 | flagged=1
[15:08:52] DEBUG - 94202003_240504a_13~7801_hr4_1850.tif | pred_pos=0 | gt_pos=10147 | diff=10147 (0.155) | lcc=0.155 | flagged=0
[15:08:52] DEBUG - 94202003_240504a_13~7801_hr4_1854.tif | pred_pos=0 | gt_pos=3175 | diff=3175 (0.048) | lcc=0.048 | flagged=0
[15:08:52] DEBUG - 94202003_240504a_13~7801_hr4_1887.tif | pred_pos=0 | gt_pos=30 | diff=30 (0.000) | lcc=0.000 | flagged=0
[15:08:52] DEBUG - 94202003_240504a_13~7801_hr4_1896.tif | pred_pos=0 | gt_pos=26944 | diff=26944 (0.411) | lcc=0.411 | flagged=0
[15:08:53] DEBUG - 94202003_240504a_13~7801_hr4_1906.tif | pred_pos=0 | gt_pos=1509 | diff=1509 (0.023) | lcc=0.023 | flagged=0
[15:08:53] DEBUG - 94202003_240504a_13~7801_hr4_1908.tif | pred_pos=0 | gt_pos=36118 | diff=36118 (0.551) | lcc=0.551 | flagged=1
[15:08:53] DEBUG - 94202003_240504a_13~7801_hr4_1918.tif | pred_pos=0 | gt_pos=65536 | diff=65536 (1.000) | lcc=1.000 | flagged=1
[15:08:53] DEBUG - 94202003_240504a_13~7801_hr4_1921.tif | pred_pos=0 | gt_pos=53942 | diff=53942 (0.823) | lcc=0.823 | flagged=1
[15:08:53] DEBUG - 94202003_240504a_13~7801_hr4_1930.tif | pred_pos=0 | gt_pos=0 | diff=0 (0.000) | lcc=0.000 | flagged=0
[15:08:53] DEBUG - 94202003_240504a_13~7801_hr4_1976.tif | pred_pos=0 | gt_pos=43135 | diff=43135 (0.658) | lcc=0.658 | flagged=1
[15:08:53] DEBUG - 94202003_240504a_13~7801_hr4_1983.tif | pred_pos=0 | gt_pos=47 | diff=47 (0.001) | lcc=0.001 | flagged=0
[15:08:53] DEBUG - 94202003_240504a_13~7801_hr4_2054.tif | pred_pos=0 | gt_pos=45665 | diff=45665 (0.697) | lcc=0.697 | flagged=1
[15:08:53] DEBUG - 94202003_240504a_13~7801_hr4_2199.tif | pred_pos=0 | gt_pos=0 | diff=0 (0.000) | lcc=0.000 | flagged=0
[15:08:53] DEBUG - 94202003_240504a_13~7801_hr4_2212.tif | pred_pos=0 | gt_pos=390 | diff=390 (0.006) | lcc=0.006 | flagged=0
[15:08:53] DEBUG - 94202003_240504a_13~7801_hr4_2363.tif | pred_pos=0 | gt_pos=62314 | diff=62314 (0.951) | lcc=0.951 | flagged=1
[15:08:53] DEBUG - 94202003_240504a_13~7801_hr4_2461.tif | pred_pos=0 | gt_pos=0 | diff=0 (0.000) | lcc=0.000 | flagged=0
[15:08:53] DEBUG - 94202003_240504a_13~7801_hr4_3030.tif | pred_pos=0 | gt_pos=13958 | diff=13958 (0.213) | lcc=0.213 | flagged=0
[15:08:53] DEBUG - 94202003_240504a_13~7801_hr4_3253.tif | pred_pos=0 | gt_pos=0 | diff=0 (0.000) | lcc=0.000 | flagged=0
[15:08:53] DEBUG - 94202003_240504a_13~7801_hr4_3387.tif | pred_pos=0 | gt_pos=0 | diff=0 (0.000) | lcc=0.000 | flagged=0
[15:08:53] DEBUG - 94202003_240504a_13~7801_hr4_4153.tif | pred_pos=0 | gt_pos=0 | diff=0 (0.000) | lcc=0.000 | flagged=0
[15:08:53] DEBUG - 94202003_240504a_13~7801_hr4_4555.tif | pred_pos=0 | gt_pos=25120 | diff=25120 (0.383) | lcc=0.383 | flagged=0
[15:08:53] DEBUG - 94202003_240504a_13~7801_hr4_4556.tif | pred_pos=0 | gt_pos=20864 | diff=20864 (0.318) | lcc=0.318 | flagged=0
[15:08:53] DEBUG - 94202003_240504a_13~7801_hr4_4632.tif | pred_pos=0 | gt_pos=65536 | diff=65536 (1.000) | lcc=1.000 | flagged=1
[15:08:53] DEBUG - 94202003_240504a_13~7801_hr4_4679.tif | pred_pos=0 | gt_pos=0 | diff=0 (0.000) | lcc=0.000 | flagged=0
[15:08:53] DEBUG - 94202003_240504a_13~7801_hr4_4777.tif | pred_pos=0 | gt_pos=8935 | diff=8935 (0.136) | lcc=0.114 | flagged=0
[15:08:53] DEBUG - 94202003_240504a_13~7801_hr4_4850.tif | pred_pos=0 | gt_pos=31025 | diff=31025 (0.473) | lcc=0.473 | flagged=0
[15:08:53] DEBUG - 94202003_240504a_13~7801_hr4_4853.tif | pred_pos=0 | gt_pos=65536 | diff=65536 (1.000) | lcc=1.000 | flagged=1
[15:08:53] DEBUG - 94202003_240504a_13~7801_hr4_4926.tif | pred_pos=0 | gt_pos=15572 | diff=15572 (0.238) | lcc=0.238 | flagged=0
[15:08:53] DEBUG - 94202003_240504a_13~7801_hr4_4931.tif | pred_pos=0 | gt_pos=51615 | diff=51615 (0.788) | lcc=0.788 | flagged=1
[15:08:53] DEBUG - 94202003_240504a_13~7801_hr4_5229.tif | pred_pos=0 | gt_pos=1275 | diff=1275 (0.019) | lcc=0.019 | flagged=0
[15:08:53] DEBUG - 94202003_240504a_13~7801_hr4_529.tif | pred_pos=0 | gt_pos=0 | diff=0 (0.000) | lcc=0.000 | flagged=0
[15:08:53] DEBUG - 94202003_240504a_13~7801_hr4_5300.tif | pred_pos=0 | gt_pos=12445 | diff=12445 (0.190) | lcc=0.190 | flagged=0
[15:08:53] DEBUG - 94202003_240504a_13~7801_hr4_5345.tif | pred_pos=0 | gt_pos=27426 | diff=27426 (0.418) | lcc=0.418 | flagged=0
[15:08:53] DEBUG - 94202003_240504a_13~7801_hr4_5350.tif | pred_pos=0 | gt_pos=62282 | diff=62282 (0.950) | lcc=0.950 | flagged=1
[15:08:53] DEBUG - 94202003_240504a_13~7801_hr4_5358.tif | pred_pos=0 | gt_pos=8337 | diff=8337 (0.127) | lcc=0.127 | flagged=0
[15:08:53] DEBUG - 94202003_240504a_13~7801_hr4_5363.tif | pred_pos=0 | gt_pos=14784 | diff=14784 (0.226) | lcc=0.226 | flagged=0
[15:08:53] DEBUG - 94202003_240504a_13~7801_hr4_5370.tif | pred_pos=0 | gt_pos=65536 | diff=65536 (1.000) | lcc=1.000 | flagged=1
[15:08:53] DEBUG - 94202003_240504a_13~7801_hr4_5403.tif | pred_pos=0 | gt_pos=0 | diff=0 (0.000) | lcc=0.000 | flagged=0
[15:08:53] DEBUG - 94202003_240504a_13~7801_hr4_5424.tif | pred_pos=0 | gt_pos=856 | diff=856 (0.013) | lcc=0.008 | flagged=0
[15:08:53] DEBUG - 94202003_240504a_13~7801_hr4_5444.tif | pred_pos=0 | gt_pos=65536 | diff=65536 (1.000) | lcc=1.000 | flagged=1
[15:08:53] DEBUG - 94202003_240504a_13~7801_hr4_5450.tif | pred_pos=0 | gt_pos=2863 | diff=2863 (0.044) | lcc=0.044 | flagged=0
[15:08:53] DEBUG - 94202003_240504a_13~7801_hr4_5492.tif | pred_pos=0 | gt_pos=26203 | diff=26203 (0.400) | lcc=0.400 | flagged=0
[15:08:53] DEBUG - 94202003_240504a_13~7801_hr4_5499.tif | pred_pos=0 | gt_pos=53138 | diff=53138 (0.811) | lcc=0.811 | flagged=1
[15:08:53] DEBUG - 94202003_240504a_13~7801_hr4_5500.tif | pred_pos=0 | gt_pos=7154 | diff=7154 (0.109) | lcc=0.109 | flagged=0
[15:08:53] DEBUG - 94202003_240504a_13~7801_hr4_5519.tif | pred_pos=0 | gt_pos=3253 | diff=3253 (0.050) | lcc=0.050 | flagged=0
[15:08:53] DEBUG - 94202003_240504a_13~7801_hr4_5527.tif | pred_pos=0 | gt_pos=6025 | diff=6025 (0.092) | lcc=0.092 | flagged=0
[15:08:53] DEBUG - 94202003_240504a_13~7801_hr4_5578.tif | pred_pos=0 | gt_pos=6795 | diff=6795 (0.104) | lcc=0.104 | flagged=0
[15:08:53] DEBUG - 94202003_240504a_13~7801_hr4_5592.tif | pred_pos=0 | gt_pos=3102 | diff=3102 (0.047) | lcc=0.047 | flagged=0
[15:08:53] DEBUG - 94202003_240504a_13~7801_hr4_5602.tif | pred_pos=0 | gt_pos=260 | diff=260 (0.004) | lcc=0.004 | flagged=0
[15:08:53] DEBUG - 94202003_240504a_13~7801_hr4_5638.tif | pred_pos=0 | gt_pos=30631 | diff=30631 (0.467) | lcc=0.467 | flagged=0
[15:08:53] DEBUG - 94202003_240504a_13~7801_hr4_5672.tif | pred_pos=0 | gt_pos=43960 | diff=43960 (0.671) | lcc=0.399 | flagged=0
[15:08:53] DEBUG - 94202003_240504a_13~7801_hr4_5677.tif | pred_pos=0 | gt_pos=265 | diff=265 (0.004) | lcc=0.004 | flagged=0
[15:08:53] DEBUG - 94202003_240504a_13~7801_hr4_5714.tif | pred_pos=0 | gt_pos=4211 | diff=4211 (0.064) | lcc=0.037 | flagged=0
[15:08:53] DEBUG - 94202003_240504a_13~7801_hr4_5728.tif | pred_pos=0 | gt_pos=10434 | diff=10434 (0.159) | lcc=0.159 | flagged=0
[15:08:53] DEBUG - 94202003_240504a_13~7801_hr4_5731.tif | pred_pos=0 | gt_pos=21435 | diff=21435 (0.327) | lcc=0.327 | flagged=0
[15:08:53] DEBUG - 94202003_240504a_13~7801_hr4_5747.tif | pred_pos=0 | gt_pos=456 | diff=456 (0.007) | lcc=0.007 | flagged=0
[15:08:53] DEBUG - 94202003_240504a_13~7801_hr4_5804.tif | pred_pos=0 | gt_pos=3169 | diff=3169 (0.048) | lcc=0.048 | flagged=0
[15:08:53] DEBUG - 94202003_240504a_13~7801_hr4_5825.tif | pred_pos=0 | gt_pos=6760 | diff=6760 (0.103) | lcc=0.103 | flagged=0
[15:08:53] DEBUG - 94202003_240504a_13~7801_hr4_5838.tif | pred_pos=0 | gt_pos=6468 | diff=6468 (0.099) | lcc=0.099 | flagged=0
[15:08:53] DEBUG - 94202003_240504a_13~7801_hr4_597.tif | pred_pos=0 | gt_pos=0 | diff=0 (0.000) | lcc=0.000 | flagged=0
[15:08:53] DEBUG - 94202003_240504a_13~7801_hr4_678.tif | pred_pos=0 | gt_pos=0 | diff=0 (0.000) | lcc=0.000 | flagged=0
[15:08:53] DEBUG - 94202004_240504a_14~8058_hr4_1048.tif | pred_pos=0 | gt_pos=0 | diff=0 (0.000) | lcc=0.000 | flagged=0
[15:08:53] DEBUG - 94202004_240504a_14~8058_hr4_1056.tif | pred_pos=0 | gt_pos=0 | diff=0 (0.000) | lcc=0.000 | flagged=0
[15:08:53] DEBUG - 94202004_240504a_14~8058_hr4_1702.tif | pred_pos=0 | gt_pos=54146 | diff=54146 (0.826) | lcc=0.826 | flagged=1
[15:08:53] DEBUG - 94202004_240504a_14~8058_hr4_1779.tif | pred_pos=0 | gt_pos=59117 | diff=59117 (0.902) | lcc=0.902 | flagged=1
[15:08:53] DEBUG - 94202004_240504a_14~8058_hr4_1857.tif | pred_pos=0 | gt_pos=11597 | diff=11597 (0.177) | lcc=0.177 | flagged=0
[15:08:53] DEBUG - 94202004_240504a_14~8058_hr4_1924.tif | pred_pos=0 | gt_pos=18160 | diff=18160 (0.277) | lcc=0.277 | flagged=0
[15:08:53] DEBUG - 94202004_240504a_14~8058_hr4_1929.tif | pred_pos=0 | gt_pos=6950 | diff=6950 (0.106) | lcc=0.106 | flagged=0
[15:08:56] DEBUG - 94202004_240504a_14~8058_hr4_2158.tif | pred_pos=0 | gt_pos=4084 | diff=4084 (0.062) | lcc=0.062 | flagged=0
[15:08:56] DEBUG - 94202004_240504a_14~8058_hr4_2221.tif | pred_pos=0 | gt_pos=25724 | diff=25724 (0.393) | lcc=0.374 | flagged=0
[15:08:56] DEBUG - 94202004_240504a_14~8058_hr4_2339.tif | pred_pos=0 | gt_pos=0 | diff=0 (0.000) | lcc=0.000 | flagged=0
[15:08:56] DEBUG - 94202004_240504a_14~8058_hr4_2490.tif | pred_pos=0 | gt_pos=29184 | diff=29184 (0.445) | lcc=0.445 | flagged=0
[15:08:56] DEBUG - 94202004_240504a_14~8058_hr4_2604.tif | pred_pos=0 | gt_pos=62417 | diff=62417 (0.952) | lcc=0.952 | flagged=1
[15:08:56] DEBUG - 94202004_240504a_14~8058_hr4_2763.tif | pred_pos=0 | gt_pos=21265 | diff=21265 (0.324) | lcc=0.324 | flagged=0
[15:08:56] DEBUG - 94202004_240504a_14~8058_hr4_2764.tif | pred_pos=0 | gt_pos=14421 | diff=14421 (0.220) | lcc=0.220 | flagged=0
[15:08:56] DEBUG - 94202004_240504a_14~8058_hr4_2785.tif | pred_pos=0 | gt_pos=48640 | diff=48640 (0.742) | lcc=0.742 | flagged=1
[15:08:56] DEBUG - 94202004_240504a_14~8058_hr4_3007.tif | pred_pos=0 | gt_pos=65536 | diff=65536 (1.000) | lcc=1.000 | flagged=1
[15:08:56] DEBUG - 94202004_240504a_14~8058_hr4_3080.tif | pred_pos=0 | gt_pos=15001 | diff=15001 (0.229) | lcc=0.229 | flagged=0
[15:08:56] DEBUG - 94202004_240504a_14~8058_hr4_3155.tif | pred_pos=0 | gt_pos=44452 | diff=44452 (0.678) | lcc=0.591 | flagged=1
[15:08:56] DEBUG - 94202004_240504a_14~8058_hr4_3219.tif | pred_pos=0 | gt_pos=33443 | diff=33443 (0.510) | lcc=0.510 | flagged=1
[15:08:56] DEBUG - 94202004_240504a_14~8058_hr4_3303.tif | pred_pos=0 | gt_pos=14018 | diff=14018 (0.214) | lcc=0.214 | flagged=0
[15:08:56] DEBUG - 94202004_240504a_14~8058_hr4_3304.tif | pred_pos=0 | gt_pos=65536 | diff=65536 (1.000) | lcc=1.000 | flagged=1
[15:08:56] DEBUG - 94202004_240504a_14~8058_hr4_3366.tif | pred_pos=0 | gt_pos=46255 | diff=46255 (0.706) | lcc=0.706 | flagged=1
[15:08:56] DEBUG - 94202004_240504a_14~8058_hr4_3457.tif | pred_pos=0 | gt_pos=65536 | diff=65536 (1.000) | lcc=1.000 | flagged=1
[15:08:56] DEBUG - 94202004_240504a_14~8058_hr4_3459.tif | pred_pos=0 | gt_pos=11933 | diff=11933 (0.182) | lcc=0.182 | flagged=0
[15:08:56] DEBUG - 94202004_240504a_14~8058_hr4_3521.tif | pred_pos=0 | gt_pos=15261 | diff=15261 (0.233) | lcc=0.233 | flagged=0
[15:08:56] DEBUG - 94202004_240504a_14~8058_hr4_3606.tif | pred_pos=0 | gt_pos=5478 | diff=5478 (0.084) | lcc=0.084 | flagged=0
[15:08:56] DEBUG - 94202004_240504a_14~8058_hr4_3669.tif | pred_pos=0 | gt_pos=9538 | diff=9538 (0.146) | lcc=0.146 | flagged=0
[15:08:56] DEBUG - 94202004_240504a_14~8058_hr4_3886.tif | pred_pos=0 | gt_pos=29667 | diff=29667 (0.453) | lcc=0.453 | flagged=0
[15:08:56] DEBUG - 94202004_240504a_14~8058_hr4_3897.tif | pred_pos=0 | gt_pos=12258 | diff=12258 (0.187) | lcc=0.187 | flagged=0
[15:08:56] DEBUG - 94202004_240504a_14~8058_hr4_3921.tif | pred_pos=0 | gt_pos=0 | diff=0 (0.000) | lcc=0.000 | flagged=0
[15:08:56] DEBUG - 94202004_240504a_14~8058_hr4_4027.tif | pred_pos=0 | gt_pos=4316 | diff=4316 (0.066) | lcc=0.066 | flagged=0
[15:08:56] DEBUG - 94202004_240504a_14~8058_hr4_4563.tif | pred_pos=0 | gt_pos=0 | diff=0 (0.000) | lcc=0.000 | flagged=0
[15:08:56] DEBUG - 94202004_240504a_14~8058_hr4_5041.tif | pred_pos=0 | gt_pos=0 | diff=0 (0.000) | lcc=0.000 | flagged=0
[15:08:56] DEBUG - 94202004_240504a_14~8058_hr4_5700.tif | pred_pos=0 | gt_pos=51145 | diff=51145 (0.780) | lcc=0.780 | flagged=1
[15:08:56] DEBUG - 94202004_240504a_14~8058_hr4_722.tif | pred_pos=0 | gt_pos=0 | diff=0 (0.000) | lcc=0.000 | flagged=0
[15:08:56] DEBUG - 94202004_240504a_14~8058_hr4_754.tif | pred_pos=0 | gt_pos=0 | diff=0 (0.000) | lcc=0.000 | flagged=0
[15:08:56] DEBUG - 94202004_240504a_14~8058_hr4_836.tif | pred_pos=0 | gt_pos=0 | diff=0 (0.000) | lcc=0.000 | flagged=0
[15:08:56] DEBUG - 94202007_240504a_17~8909_hr4c_1096.tif | pred_pos=0 | gt_pos=38434 | diff=38434 (0.586) | lcc=0.586 | flagged=1
[15:08:56] DEBUG - 94202007_240504a_17~8909_hr4c_1245.tif | pred_pos=0 | gt_pos=35338 | diff=35338 (0.539) | lcc=0.539 | flagged=1
[15:08:56] DEBUG - 94202007_240504a_17~8909_hr4c_1567.tif | pred_pos=0 | gt_pos=0 | diff=0 (0.000) | lcc=0.000 | flagged=0
[15:08:56] DEBUG - 94202007_240504a_17~8909_hr4c_1601.tif | pred_pos=0 | gt_pos=7286 | diff=7286 (0.111) | lcc=0.111 | flagged=0
[15:08:56] DEBUG - 94202007_240504a_17~8909_hr4c_1830.tif | pred_pos=0 | gt_pos=39357 | diff=39357 (0.601) | lcc=0.601 | flagged=1
[15:08:56] DEBUG - 94202007_240504a_17~8909_hr4c_1845.tif | pred_pos=0 | gt_pos=44910 | diff=44910 (0.685) | lcc=0.685 | flagged=1
[15:08:56] DEBUG - 94202007_240504a_17~8909_hr4c_1990.tif | pred_pos=0 | gt_pos=251 | diff=251 (0.004) | lcc=0.004 | flagged=0
[15:08:56] DEBUG - 94202007_240504a_17~8909_hr4c_1992.tif | pred_pos=0 | gt_pos=6005 | diff=6005 (0.092) | lcc=0.092 | flagged=0
[15:08:56] DEBUG - 94202007_240504a_17~8909_hr4c_284.tif | pred_pos=0 | gt_pos=4711 | diff=4711 (0.072) | lcc=0.072 | flagged=0
[15:08:56] DEBUG - 94202007_240504a_17~8909_hr4c_2861.tif | pred_pos=0 | gt_pos=0 | diff=0 (0.000) | lcc=0.000 | flagged=0
[15:08:56] DEBUG - 94202007_240504a_17~8909_hr4c_3773.tif | pred_pos=0 | gt_pos=0 | diff=0 (0.000) | lcc=0.000 | flagged=0
[15:08:56] DEBUG - 94202007_240504a_17~8909_hr4c_4215.tif | pred_pos=0 | gt_pos=0 | diff=0 (0.000) | lcc=0.000 | flagged=0
[15:08:56] DEBUG - 94202007_240504a_17~8909_hr4c_5708.tif | pred_pos=0 | gt_pos=0 | diff=0 (0.000) | lcc=0.000 | flagged=0
[15:08:56] DEBUG - 94202007_240504a_17~8909_hr4c_61.tif | pred_pos=0 | gt_pos=2841 | diff=2841 (0.043) | lcc=0.043 | flagged=0
[15:08:56] DEBUG - 94202007_240504a_17~8909_hr4c_804.tif | pred_pos=0 | gt_pos=15094 | diff=15094 (0.230) | lcc=0.230 | flagged=0
[15:08:56] DEBUG - 94202007_240504a_17~8909_hr4c_952.tif | pred_pos=0 | gt_pos=13449 | diff=13449 (0.205) | lcc=0.205 | flagged=0
[15:08:56] DEBUG - 94202008_240504a_18~9194_hr4c_1000.tif | pred_pos=0 | gt_pos=0 | diff=0 (0.000) | lcc=0.000 | flagged=0
[15:08:56] DEBUG - 94202008_240504a_18~9194_hr4c_1053.tif | pred_pos=0 | gt_pos=19119 | diff=19119 (0.292) | lcc=0.292 | flagged=0
[15:08:56] DEBUG - 94202008_240504a_18~9194_hr4c_1062.tif | pred_pos=0 | gt_pos=33976 | diff=33976 (0.518) | lcc=0.518 | flagged=1
[15:08:56] DEBUG - 94202008_240504a_18~9194_hr4c_1137.tif | pred_pos=0 | gt_pos=19591 | diff=19591 (0.299) | lcc=0.299 | flagged=0
[15:08:56] DEBUG - 94202008_240504a_18~9194_hr4c_1522.tif | pred_pos=0 | gt_pos=0 | diff=0 (0.000) | lcc=0.000 | flagged=0
[15:08:56] DEBUG - 94202008_240504a_18~9194_hr4c_1706.tif | pred_pos=0 | gt_pos=8448 | diff=8448 (0.129) | lcc=0.129 | flagged=0
[15:08:56] DEBUG - 94202008_240504a_18~9194_hr4c_1713.tif | pred_pos=0 | gt_pos=0 | diff=0 (0.000) | lcc=0.000 | flagged=0
[15:08:56] DEBUG - 94202008_240504a_18~9194_hr4c_176.tif | pred_pos=0 | gt_pos=13306 | diff=13306 (0.203) | lcc=0.203 | flagged=0
[15:08:56] DEBUG - 94202008_240504a_18~9194_hr4c_1776.tif | pred_pos=0 | gt_pos=33770 | diff=33770 (0.515) | lcc=0.515 | flagged=1
[15:08:56] DEBUG - 94202008_240504a_18~9194_hr4c_1858.tif | pred_pos=0 | gt_pos=202 | diff=202 (0.003) | lcc=0.003 | flagged=0
[15:08:56] DEBUG - 94202008_240504a_18~9194_hr4c_1886.tif | pred_pos=0 | gt_pos=8829 | diff=8829 (0.135) | lcc=0.135 | flagged=0
[15:08:56] DEBUG - 94202008_240504a_18~9194_hr4c_1924.tif | pred_pos=0 | gt_pos=3665 | diff=3665 (0.056) | lcc=0.056 | flagged=0
[15:08:56] DEBUG - 94202008_240504a_18~9194_hr4c_1942.tif | pred_pos=0 | gt_pos=37853 | diff=37853 (0.578) | lcc=0.578 | flagged=1
[15:08:56] DEBUG - 94202008_240504a_18~9194_hr4c_1958.tif | pred_pos=0 | gt_pos=50719 | diff=50719 (0.774) | lcc=0.774 | flagged=1
[15:08:56] DEBUG - 94202008_240504a_18~9194_hr4c_1959.tif | pred_pos=0 | gt_pos=52605 | diff=52605 (0.803) | lcc=0.803 | flagged=1
[15:08:56] DEBUG - 94202008_240504a_18~9194_hr4c_1960.tif | pred_pos=0 | gt_pos=32779 | diff=32779 (0.500) | lcc=0.497 | flagged=0
[15:08:56] DEBUG - 94202008_240504a_18~9194_hr4c_1965.tif | pred_pos=0 | gt_pos=31794 | diff=31794 (0.485) | lcc=0.410 | flagged=0
[15:08:56] DEBUG - 94202008_240504a_18~9194_hr4c_1966.tif | pred_pos=0 | gt_pos=3396 | diff=3396 (0.052) | lcc=0.052 | flagged=0
[15:08:57] DEBUG - 94202008_240504a_18~9194_hr4c_2025.tif | pred_pos=0 | gt_pos=46354 | diff=46354 (0.707) | lcc=0.707 | flagged=1
[15:08:57] DEBUG - 94202008_240504a_18~9194_hr4c_2095.tif | pred_pos=0 | gt_pos=65534 | diff=65534 (1.000) | lcc=1.000 | flagged=1
[15:08:57] DEBUG - 94202008_240504a_18~9194_hr4c_2108.tif | pred_pos=0 | gt_pos=38326 | diff=38326 (0.585) | lcc=0.585 | flagged=1
[15:08:57] DEBUG - 94202008_240504a_18~9194_hr4c_2111.tif | pred_pos=0 | gt_pos=25502 | diff=25502 (0.389) | lcc=0.389 | flagged=0
[15:08:57] DEBUG - 94202008_240504a_18~9194_hr4c_2159.tif | pred_pos=0 | gt_pos=51069 | diff=51069 (0.779) | lcc=0.779 | flagged=1
[15:08:57] DEBUG - 94202008_240504a_18~9194_hr4c_2166.tif | pred_pos=0 | gt_pos=18852 | diff=18852 (0.288) | lcc=0.288 | flagged=0
[15:08:57] DEBUG - 94202008_240504a_18~9194_hr4c_2168.tif | pred_pos=0 | gt_pos=25118 | diff=25118 (0.383) | lcc=0.383 | flagged=0
[15:08:57] DEBUG - 94202008_240504a_18~9194_hr4c_2183.tif | pred_pos=0 | gt_pos=47441 | diff=47441 (0.724) | lcc=0.724 | flagged=1
[15:08:57] DEBUG - 94202008_240504a_18~9194_hr4c_2186.tif | pred_pos=0 | gt_pos=19766 | diff=19766 (0.302) | lcc=0.298 | flagged=0
[15:08:57] DEBUG - 94202008_240504a_18~9194_hr4c_2192.tif | pred_pos=0 | gt_pos=36865 | diff=36865 (0.563) | lcc=0.563 | flagged=1
[15:08:57] DEBUG - 94202008_240504a_18~9194_hr4c_2256.tif | pred_pos=0 | gt_pos=7047 | diff=7047 (0.108) | lcc=0.108 | flagged=0
[15:08:57] DEBUG - 94202008_240504a_18~9194_hr4c_2257.tif | pred_pos=0 | gt_pos=50819 | diff=50819 (0.775) | lcc=0.775 | flagged=1
[15:08:57] DEBUG - 94202008_240504a_18~9194_hr4c_2264.tif | pred_pos=0 | gt_pos=60937 | diff=60937 (0.930) | lcc=0.930 | flagged=1
[15:08:57] DEBUG - 94202008_240504a_18~9194_hr4c_2387.tif | pred_pos=0 | gt_pos=3397 | diff=3397 (0.052) | lcc=0.052 | flagged=0
[15:08:57] DEBUG - 94202008_240504a_18~9194_hr4c_2444.tif | pred_pos=0 | gt_pos=0 | diff=0 (0.000) | lcc=0.000 | flagged=0
[15:08:57] DEBUG - 94202008_240504a_18~9194_hr4c_2851.tif | pred_pos=0 | gt_pos=0 | diff=0 (0.000) | lcc=0.000 | flagged=0
[15:08:57] DEBUG - 94202008_240504a_18~9194_hr4c_2858.tif | pred_pos=0 | gt_pos=0 | diff=0 (0.000) | lcc=0.000 | flagged=0
[15:08:57] DEBUG - 94202008_240504a_18~9194_hr4c_286.tif | pred_pos=0 | gt_pos=0 | diff=0 (0.000) | lcc=0.000 | flagged=0
[15:08:57] DEBUG - 94202008_240504a_18~9194_hr4c_3085.tif | pred_pos=0 | gt_pos=0 | diff=0 (0.000) | lcc=0.000 | flagged=0
[15:08:57] DEBUG - 94202008_240504a_18~9194_hr4c_3483.tif | pred_pos=0 | gt_pos=0 | diff=0 (0.000) | lcc=0.000 | flagged=0
[15:08:57] DEBUG - 94202008_240504a_18~9194_hr4c_3824.tif | pred_pos=0 | gt_pos=0 | diff=0 (0.000) | lcc=0.000 | flagged=0
[15:08:57] DEBUG - 94202008_240504a_18~9194_hr4c_3984.tif | pred_pos=0 | gt_pos=0 | diff=0 (0.000) | lcc=0.000 | flagged=0
[15:08:57] DEBUG - 94202008_240504a_18~9194_hr4c_4089.tif | pred_pos=0 | gt_pos=0 | diff=0 (0.000) | lcc=0.000 | flagged=0
[15:08:57] DEBUG - 94202008_240504a_18~9194_hr4c_4345.tif | pred_pos=0 | gt_pos=0 | diff=0 (0.000) | lcc=0.000 | flagged=0
[15:08:57] DEBUG - 94202008_240504a_18~9194_hr4c_4816.tif | pred_pos=0 | gt_pos=0 | diff=0 (0.000) | lcc=0.000 | flagged=0
[15:08:57] DEBUG - 94202008_240504a_18~9194_hr4c_5232.tif | pred_pos=0 | gt_pos=0 | diff=0 (0.000) | lcc=0.000 | flagged=0
[15:08:57] DEBUG - 94202008_240504a_18~9194_hr4c_5279.tif | pred_pos=0 | gt_pos=0 | diff=0 (0.000) | lcc=0.000 | flagged=0
[15:08:57] DEBUG - 94202008_240504a_18~9194_hr4c_535.tif | pred_pos=0 | gt_pos=0 | diff=0 (0.000) | lcc=0.000 | flagged=0
[15:08:57] DEBUG - 94202008_240504a_18~9194_hr4c_5490.tif | pred_pos=0 | gt_pos=0 | diff=0 (0.000) | lcc=0.000 | flagged=0
[15:08:57] DEBUG - 94202008_240504a_18~9194_hr4c_815.tif | pred_pos=0 | gt_pos=0 | diff=0 (0.000) | lcc=0.000 | flagged=0
[15:08:57] DEBUG - 94202008_240504a_18~9194_hr4c_910.tif | pred_pos=0 | gt_pos=30242 | diff=30242 (0.461) | lcc=0.260 | flagged=0
[15:08:57] DEBUG - 94202008_240504a_18~9194_hr4c_988.tif | pred_pos=0 | gt_pos=24911 | diff=24911 (0.380) | lcc=0.380 | flagged=0
[15:08:57] DEBUG - 94202011_240504a_11~7323_hr4c_106.tif | pred_pos=0 | gt_pos=0 | diff=0 (0.000) | lcc=0.000 | flagged=0
[15:08:57] DEBUG - 94202011_240504a_11~7323_hr4c_1067.tif | pred_pos=0 | gt_pos=0 | diff=0 (0.000) | lcc=0.000 | flagged=0
[15:08:57] DEBUG - 94202011_240504a_11~7323_hr4c_1706.tif | pred_pos=0 | gt_pos=0 | diff=0 (0.000) | lcc=0.000 | flagged=0
[15:08:57] DEBUG - 94202011_240504a_11~7323_hr4c_216.tif | pred_pos=0 | gt_pos=0 | diff=0 (0.000) | lcc=0.000 | flagged=0
[15:08:57] DEBUG - 94202011_240504a_11~7323_hr4c_2432.tif | pred_pos=0 | gt_pos=26335 | diff=26335 (0.402) | lcc=0.402 | flagged=0
[15:08:57] DEBUG - 94202011_240504a_11~7323_hr4c_2435.tif | pred_pos=0 | gt_pos=10716 | diff=10716 (0.164) | lcc=0.164 | flagged=0
[15:08:57] DEBUG - 94202011_240504a_11~7323_hr4c_2547.tif | pred_pos=0 | gt_pos=0 | diff=0 (0.000) | lcc=0.000 | flagged=0
[15:08:57] DEBUG - 94202011_240504a_11~7323_hr4c_2585.tif | pred_pos=0 | gt_pos=49568 | diff=49568 (0.756) | lcc=0.731 | flagged=1
[15:08:57] DEBUG - 94202011_240504a_11~7323_hr4c_2659.tif | pred_pos=0 | gt_pos=1928 | diff=1928 (0.029) | lcc=0.029 | flagged=0
[15:08:57] DEBUG - 94202011_240504a_11~7323_hr4c_2748.tif | pred_pos=0 | gt_pos=0 | diff=0 (0.000) | lcc=0.000 | flagged=0
[15:08:57] DEBUG - 94202011_240504a_11~7323_hr4c_2811.tif | pred_pos=0 | gt_pos=3142 | diff=3142 (0.048) | lcc=0.048 | flagged=0
[15:08:57] DEBUG - 94202011_240504a_11~7323_hr4c_3025.tif | pred_pos=0 | gt_pos=31949 | diff=31949 (0.488) | lcc=0.488 | flagged=0
[15:08:57] DEBUG - 94202011_240504a_11~7323_hr4c_3099.tif | pred_pos=0 | gt_pos=0 | diff=0 (0.000) | lcc=0.000 | flagged=0
[15:08:57] DEBUG - 94202011_240504a_11~7323_hr4c_3393.tif | pred_pos=0 | gt_pos=45674 | diff=45674 (0.697) | lcc=0.697 | flagged=1
[15:08:57] DEBUG - 94202011_240504a_11~7323_hr4c_3398.tif | pred_pos=0 | gt_pos=0 | diff=0 (0.000) | lcc=0.000 | flagged=0
[15:08:57] DEBUG - 94202011_240504a_11~7323_hr4c_3401.tif | pred_pos=0 | gt_pos=0 | diff=0 (0.000) | lcc=0.000 | flagged=0
[15:08:57] DEBUG - 94202011_240504a_11~7323_hr4c_3551.tif | pred_pos=0 | gt_pos=41804 | diff=41804 (0.638) | lcc=0.638 | flagged=1
[15:08:57] DEBUG - 94202011_240504a_11~7323_hr4c_3622.tif | pred_pos=0 | gt_pos=0 | diff=0 (0.000) | lcc=0.000 | flagged=0
[15:08:57] DEBUG - 94202011_240504a_11~7323_hr4c_3818.tif | pred_pos=0 | gt_pos=0 | diff=0 (0.000) | lcc=0.000 | flagged=0
[15:08:57] DEBUG - 94202011_240504a_11~7323_hr4c_3990.tif | pred_pos=0 | gt_pos=9565 | diff=9565 (0.146) | lcc=0.146 | flagged=0
[15:08:57] DEBUG - 94202011_240504a_11~7323_hr4c_4177.tif | pred_pos=0 | gt_pos=0 | diff=0 (0.000) | lcc=0.000 | flagged=0
[15:08:57] DEBUG - 94202011_240504a_11~7323_hr4c_4245.tif | pred_pos=0 | gt_pos=0 | diff=0 (0.000) | lcc=0.000 | flagged=0
[15:08:57] DEBUG - 94202011_240504a_11~7323_hr4c_4565.tif | pred_pos=0 | gt_pos=3521 | diff=3521 (0.054) | lcc=0.054 | flagged=0
[15:08:57] DEBUG - 94202011_240504a_11~7323_hr4c_4725.tif | pred_pos=0 | gt_pos=25183 | diff=25183 (0.384) | lcc=0.384 | flagged=0
[15:08:57] DEBUG - 94202011_240504a_11~7323_hr4c_4787.tif | pred_pos=0 | gt_pos=0 | diff=0 (0.000) | lcc=0.000 | flagged=0
[15:08:57] DEBUG - 94202011_240504a_11~7323_hr4c_4858.tif | pred_pos=0 | gt_pos=14259 | diff=14259 (0.218) | lcc=0.218 | flagged=0
[15:08:57] DEBUG - 94202011_240504a_11~7323_hr4c_5010.tif | pred_pos=0 | gt_pos=9081 | diff=9081 (0.139) | lcc=0.139 | flagged=0
[15:08:57] DEBUG - 94202011_240504a_11~7323_hr4c_5070.tif | pred_pos=0 | gt_pos=733 | diff=733 (0.011) | lcc=0.011 | flagged=0
[15:08:57] DEBUG - 94202011_240504a_11~7323_hr4c_520.tif | pred_pos=0 | gt_pos=0 | diff=0 (0.000) | lcc=0.000 | flagged=0
[15:08:57] DEBUG - 94202011_240504a_11~7323_hr4c_5227.tif | pred_pos=0 | gt_pos=39261 | diff=39261 (0.599) | lcc=0.599 | flagged=1
[15:08:57] DEBUG - 94202011_240504a_11~7323_hr4c_5229.tif | pred_pos=0 | gt_pos=5800 | diff=5800 (0.089) | lcc=0.089 | flagged=0
[15:08:57] DEBUG - 94202011_240504a_11~7323_hr4c_5321.tif | pred_pos=0 | gt_pos=1198 | diff=1198 (0.018) | lcc=0.018 | flagged=0
[15:09:00] DEBUG - 94202011_240504a_11~7323_hr4c_5401.tif | pred_pos=0 | gt_pos=30267 | diff=30267 (0.462) | lcc=0.462 | flagged=0
[15:09:00] DEBUG - 94202011_240504a_11~7323_hr4c_5441.tif | pred_pos=0 | gt_pos=22437 | diff=22437 (0.342) | lcc=0.342 | flagged=0
[15:09:00] DEBUG - 94202011_240504a_11~7323_hr4c_5756.tif | pred_pos=0 | gt_pos=7407 | diff=7407 (0.113) | lcc=0.113 | flagged=0
[15:09:00] DEBUG - 94202011_240504a_11~7323_hr4c_5831.tif | pred_pos=0 | gt_pos=12357 | diff=12357 (0.189) | lcc=0.189 | flagged=0
[15:09:00] DEBUG - 94202012_240504a_12~7552_hr4c_1003.tif | pred_pos=0 | gt_pos=26375 | diff=26375 (0.402) | lcc=0.402 | flagged=0
[15:09:00] DEBUG - 94202012_240504a_12~7552_hr4c_1005.tif | pred_pos=0 | gt_pos=28839 | diff=28839 (0.440) | lcc=0.440 | flagged=0
[15:09:00] DEBUG - 94202012_240504a_12~7552_hr4c_1058.tif | pred_pos=0 | gt_pos=40706 | diff=40706 (0.621) | lcc=0.621 | flagged=1
[15:09:00] DEBUG - 94202012_240504a_12~7552_hr4c_1127.tif | pred_pos=0 | gt_pos=0 | diff=0 (0.000) | lcc=0.000 | flagged=0
[15:09:00] DEBUG - 94202012_240504a_12~7552_hr4c_1134.tif | pred_pos=0 | gt_pos=22125 | diff=22125 (0.338) | lcc=0.338 | flagged=0
[15:09:00] DEBUG - 94202012_240504a_12~7552_hr4c_1142.tif | pred_pos=0 | gt_pos=35748 | diff=35748 (0.545) | lcc=0.315 | flagged=0
[15:09:00] DEBUG - 94202012_240504a_12~7552_hr4c_1180.tif | pred_pos=0 | gt_pos=0 | diff=0 (0.000) | lcc=0.000 | flagged=0
[15:09:00] DEBUG - 94202012_240504a_12~7552_hr4c_1210.tif | pred_pos=0 | gt_pos=30137 | diff=30137 (0.460) | lcc=0.328 | flagged=0
[15:09:00] DEBUG - 94202012_240504a_12~7552_hr4c_1245.tif | pred_pos=0 | gt_pos=11230 | diff=11230 (0.171) | lcc=0.171 | flagged=0
[15:09:00] DEBUG - 94202012_240504a_12~7552_hr4c_1423.tif | pred_pos=0 | gt_pos=0 | diff=0 (0.000) | lcc=0.000 | flagged=0
[15:09:00] DEBUG - 94202012_240504a_12~7552_hr4c_1549.tif | pred_pos=0 | gt_pos=42854 | diff=42854 (0.654) | lcc=0.622 | flagged=1
[15:09:00] DEBUG - 94202012_240504a_12~7552_hr4c_1627.tif | pred_pos=0 | gt_pos=5078 | diff=5078 (0.077) | lcc=0.077 | flagged=0
[15:09:00] DEBUG - 94202012_240504a_12~7552_hr4c_1702.tif | pred_pos=0 | gt_pos=0 | diff=0 (0.000) | lcc=0.000 | flagged=0
[15:09:00] DEBUG - 94202012_240504a_12~7552_hr4c_1721.tif | pred_pos=0 | gt_pos=47615 | diff=47615 (0.727) | lcc=0.727 | flagged=1
[15:09:00] DEBUG - 94202012_240504a_12~7552_hr4c_1789.tif | pred_pos=0 | gt_pos=20812 | diff=20812 (0.318) | lcc=0.318 | flagged=0
[15:09:00] DEBUG - 94202012_240504a_12~7552_hr4c_1814.tif | pred_pos=0 | gt_pos=15210 | diff=15210 (0.232) | lcc=0.232 | flagged=0
[15:09:00] DEBUG - 94202012_240504a_12~7552_hr4c_182.tif | pred_pos=0 | gt_pos=32473 | diff=32473 (0.495) | lcc=0.384 | flagged=0
[15:09:00] DEBUG - 94202012_240504a_12~7552_hr4c_183.tif | pred_pos=0 | gt_pos=46777 | diff=46777 (0.714) | lcc=0.714 | flagged=1
[15:09:00] DEBUG - 94202012_240504a_12~7552_hr4c_1842.tif | pred_pos=0 | gt_pos=22967 | diff=22967 (0.350) | lcc=0.350 | flagged=0
[15:09:00] DEBUG - 94202012_240504a_12~7552_hr4c_1886.tif | pred_pos=0 | gt_pos=56575 | diff=56575 (0.863) | lcc=0.863 | flagged=1
[15:09:00] DEBUG - 94202012_240504a_12~7552_hr4c_192.tif | pred_pos=0 | gt_pos=0 | diff=0 (0.000) | lcc=0.000 | flagged=0
[15:09:00] DEBUG - 94202012_240504a_12~7552_hr4c_1923.tif | pred_pos=0 | gt_pos=48090 | diff=48090 (0.734) | lcc=0.569 | flagged=1
[15:09:00] DEBUG - 94202012_240504a_12~7552_hr4c_20.tif | pred_pos=0 | gt_pos=14761 | diff=14761 (0.225) | lcc=0.225 | flagged=0
[15:09:00] DEBUG - 94202012_240504a_12~7552_hr4c_2009.tif | pred_pos=0 | gt_pos=425 | diff=425 (0.006) | lcc=0.006 | flagged=0
[15:09:00] DEBUG - 94202012_240504a_12~7552_hr4c_2010.tif | pred_pos=0 | gt_pos=3162 | diff=3162 (0.048) | lcc=0.048 | flagged=0
[15:09:00] DEBUG - 94202012_240504a_12~7552_hr4c_2012.tif | pred_pos=0 | gt_pos=3308 | diff=3308 (0.050) | lcc=0.050 | flagged=0
[15:09:00] DEBUG - 94202012_240504a_12~7552_hr4c_2018.tif | pred_pos=0 | gt_pos=65536 | diff=65536 (1.000) | lcc=1.000 | flagged=1
[15:09:00] DEBUG - 94202012_240504a_12~7552_hr4c_2020.tif | pred_pos=0 | gt_pos=29240 | diff=29240 (0.446) | lcc=0.446 | flagged=0
[15:09:00] DEBUG - 94202012_240504a_12~7552_hr4c_2022.tif | pred_pos=0 | gt_pos=29090 | diff=29090 (0.444) | lcc=0.444 | flagged=0
[15:09:00] DEBUG - 94202012_240504a_12~7552_hr4c_2031.tif | pred_pos=0 | gt_pos=16702 | diff=16702 (0.255) | lcc=0.255 | flagged=0
[15:09:00] DEBUG - 94202012_240504a_12~7552_hr4c_2037.tif | pred_pos=0 | gt_pos=20898 | diff=20898 (0.319) | lcc=0.319 | flagged=0
[15:09:00] DEBUG - 94202012_240504a_12~7552_hr4c_2094.tif | pred_pos=0 | gt_pos=41600 | diff=41600 (0.635) | lcc=0.635 | flagged=1
[15:09:00] DEBUG - 94202012_240504a_12~7552_hr4c_2096.tif | pred_pos=0 | gt_pos=39779 | diff=39779 (0.607) | lcc=0.607 | flagged=1
[15:09:00] DEBUG - 94202012_240504a_12~7552_hr4c_2144.tif | pred_pos=0 | gt_pos=44630 | diff=44630 (0.681) | lcc=0.681 | flagged=1
[15:09:00] DEBUG - 94202012_240504a_12~7552_hr4c_2155.tif | pred_pos=0 | gt_pos=0 | diff=0 (0.000) | lcc=0.000 | flagged=0
[15:09:00] DEBUG - 94202012_240504a_12~7552_hr4c_2169.tif | pred_pos=0 | gt_pos=2504 | diff=2504 (0.038) | lcc=0.038 | flagged=0
[15:09:00] DEBUG - 94202012_240504a_12~7552_hr4c_2184.tif | pred_pos=0 | gt_pos=27019 | diff=27019 (0.412) | lcc=0.412 | flagged=0
[15:09:00] DEBUG - 94202012_240504a_12~7552_hr4c_22.tif | pred_pos=0 | gt_pos=3258 | diff=3258 (0.050) | lcc=0.036 | flagged=0
[15:09:00] DEBUG - 94202012_240504a_12~7552_hr4c_2234.tif | pred_pos=0 | gt_pos=0 | diff=0 (0.000) | lcc=0.000 | flagged=0
[15:09:00] DEBUG - 94202012_240504a_12~7552_hr4c_2254.tif | pred_pos=0 | gt_pos=37980 | diff=37980 (0.580) | lcc=0.580 | flagged=1
[15:09:00] DEBUG - 94202012_240504a_12~7552_hr4c_2300.tif | pred_pos=0 | gt_pos=26362 | diff=26362 (0.402) | lcc=0.402 | flagged=0
[15:09:00] DEBUG - 94202012_240504a_12~7552_hr4c_2367.tif | pred_pos=0 | gt_pos=1347 | diff=1347 (0.021) | lcc=0.021 | flagged=0
[15:09:00] DEBUG - 94202012_240504a_12~7552_hr4c_2377.tif | pred_pos=0 | gt_pos=30017 | diff=30017 (0.458) | lcc=0.446 | flagged=0
[15:09:00] DEBUG - 94202012_240504a_12~7552_hr4c_2387.tif | pred_pos=0 | gt_pos=902 | diff=902 (0.014) | lcc=0.014 | flagged=0
[15:09:00] DEBUG - 94202012_240504a_12~7552_hr4c_2407.tif | pred_pos=0 | gt_pos=65464 | diff=65464 (0.999) | lcc=0.999 | flagged=1
[15:09:00] DEBUG - 94202012_240504a_12~7552_hr4c_2430.tif | pred_pos=0 | gt_pos=21424 | diff=21424 (0.327) | lcc=0.327 | flagged=0
[15:09:00] DEBUG - 94202012_240504a_12~7552_hr4c_2544.tif | pred_pos=0 | gt_pos=65536 | diff=65536 (1.000) | lcc=1.000 | flagged=1
[15:09:00] DEBUG - 94202012_240504a_12~7552_hr4c_2603.tif | pred_pos=0 | gt_pos=1833 | diff=1833 (0.028) | lcc=0.028 | flagged=0
[15:09:00] DEBUG - 94202012_240504a_12~7552_hr4c_2619.tif | pred_pos=0 | gt_pos=48093 | diff=48093 (0.734) | lcc=0.550 | flagged=1
[15:09:00] DEBUG - 94202012_240504a_12~7552_hr4c_2655.tif | pred_pos=0 | gt_pos=49131 | diff=49131 (0.750) | lcc=0.750 | flagged=1
[15:09:00] DEBUG - 94202012_240504a_12~7552_hr4c_2683.tif | pred_pos=0 | gt_pos=20012 | diff=20012 (0.305) | lcc=0.305 | flagged=0
[15:09:00] DEBUG - 94202012_240504a_12~7552_hr4c_2706.tif | pred_pos=0 | gt_pos=37603 | diff=37603 (0.574) | lcc=0.574 | flagged=1
[15:09:00] DEBUG - 94202012_240504a_12~7552_hr4c_2708.tif | pred_pos=0 | gt_pos=65536 | diff=65536 (1.000) | lcc=1.000 | flagged=1
[15:09:00] DEBUG - 94202012_240504a_12~7552_hr4c_2727.tif | pred_pos=0 | gt_pos=32730 | diff=32730 (0.499) | lcc=0.499 | flagged=0
[15:09:00] DEBUG - 94202012_240504a_12~7552_hr4c_2730.tif | pred_pos=0 | gt_pos=5047 | diff=5047 (0.077) | lcc=0.077 | flagged=0
[15:09:00] DEBUG - 94202012_240504a_12~7552_hr4c_2732.tif | pred_pos=0 | gt_pos=7075 | diff=7075 (0.108) | lcc=0.108 | flagged=0
[15:09:00] DEBUG - 94202012_240504a_12~7552_hr4c_2747.tif | pred_pos=0 | gt_pos=39152 | diff=39152 (0.597) | lcc=0.597 | flagged=1
[15:09:00] DEBUG - 94202012_240504a_12~7552_hr4c_2751.tif | pred_pos=0 | gt_pos=48937 | diff=48937 (0.747) | lcc=0.734 | flagged=1
[15:09:00] DEBUG - 94202012_240504a_12~7552_hr4c_2758.tif | pred_pos=0 | gt_pos=26273 | diff=26273 (0.401) | lcc=0.401 | flagged=0
[15:09:00] DEBUG - 94202012_240504a_12~7552_hr4c_2771.tif | pred_pos=0 | gt_pos=65536 | diff=65536 (1.000) | lcc=1.000 | flagged=1
[15:09:01] DEBUG - 94202012_240504a_12~7552_hr4c_2817.tif | pred_pos=0 | gt_pos=28734 | diff=28734 (0.438) | lcc=0.434 | flagged=0
[15:09:01] DEBUG - 94202012_240504a_12~7552_hr4c_2853.tif | pred_pos=0 | gt_pos=65536 | diff=65536 (1.000) | lcc=1.000 | flagged=1
[15:09:01] DEBUG - 94202012_240504a_12~7552_hr4c_2889.tif | pred_pos=0 | gt_pos=19509 | diff=19509 (0.298) | lcc=0.298 | flagged=0
[15:09:01] DEBUG - 94202012_240504a_12~7552_hr4c_2895.tif | pred_pos=0 | gt_pos=11959 | diff=11959 (0.182) | lcc=0.136 | flagged=0
[15:09:01] DEBUG - 94202012_240504a_12~7552_hr4c_29.tif | pred_pos=0 | gt_pos=23339 | diff=23339 (0.356) | lcc=0.356 | flagged=0
[15:09:01] DEBUG - 94202012_240504a_12~7552_hr4c_2926.tif | pred_pos=0 | gt_pos=38931 | diff=38931 (0.594) | lcc=0.594 | flagged=1
[15:09:01] DEBUG - 94202012_240504a_12~7552_hr4c_304.tif | pred_pos=0 | gt_pos=0 | diff=0 (0.000) | lcc=0.000 | flagged=0
[15:09:01] DEBUG - 94202012_240504a_12~7552_hr4c_3143.tif | pred_pos=0 | gt_pos=9827 | diff=9827 (0.150) | lcc=0.150 | flagged=0
[15:09:01] DEBUG - 94202012_240504a_12~7552_hr4c_3149.tif | pred_pos=0 | gt_pos=37571 | diff=37571 (0.573) | lcc=0.573 | flagged=1
[15:09:01] DEBUG - 94202012_240504a_12~7552_hr4c_317.tif | pred_pos=0 | gt_pos=16294 | diff=16294 (0.249) | lcc=0.200 | flagged=0
[15:09:01] DEBUG - 94202012_240504a_12~7552_hr4c_3196.tif | pred_pos=0 | gt_pos=25003 | diff=25003 (0.382) | lcc=0.382 | flagged=0
[15:09:01] DEBUG - 94202012_240504a_12~7552_hr4c_3225.tif | pred_pos=0 | gt_pos=52697 | diff=52697 (0.804) | lcc=0.804 | flagged=1
[15:09:01] DEBUG - 94202012_240504a_12~7552_hr4c_324.tif | pred_pos=0 | gt_pos=7806 | diff=7806 (0.119) | lcc=0.119 | flagged=0
[15:09:01] DEBUG - 94202012_240504a_12~7552_hr4c_3267.tif | pred_pos=0 | gt_pos=51836 | diff=51836 (0.791) | lcc=0.791 | flagged=1
[15:09:01] DEBUG - 94202012_240504a_12~7552_hr4c_3415.tif | pred_pos=0 | gt_pos=23075 | diff=23075 (0.352) | lcc=0.352 | flagged=0
[15:09:01] DEBUG - 94202012_240504a_12~7552_hr4c_3745.tif | pred_pos=0 | gt_pos=64751 | diff=64751 (0.988) | lcc=0.988 | flagged=1
[15:09:01] DEBUG - 94202012_240504a_12~7552_hr4c_3788.tif | pred_pos=0 | gt_pos=1055 | diff=1055 (0.016) | lcc=0.016 | flagged=0
[15:09:01] DEBUG - 94202012_240504a_12~7552_hr4c_3853.tif | pred_pos=0 | gt_pos=164 | diff=164 (0.003) | lcc=0.003 | flagged=0
[15:09:01] DEBUG - 94202012_240504a_12~7552_hr4c_394.tif | pred_pos=0 | gt_pos=22242 | diff=22242 (0.339) | lcc=0.339 | flagged=0
[15:09:01] DEBUG - 94202012_240504a_12~7552_hr4c_4072.tif | pred_pos=0 | gt_pos=2197 | diff=2197 (0.034) | lcc=0.034 | flagged=0
[15:09:01] DEBUG - 94202012_240504a_12~7552_hr4c_4113.tif | pred_pos=0 | gt_pos=6718 | diff=6718 (0.103) | lcc=0.103 | flagged=0
[15:09:01] DEBUG - 94202012_240504a_12~7552_hr4c_4117.tif | pred_pos=0 | gt_pos=7542 | diff=7542 (0.115) | lcc=0.115 | flagged=0
[15:09:01] DEBUG - 94202012_240504a_12~7552_hr4c_4160.tif | pred_pos=0 | gt_pos=35791 | diff=35791 (0.546) | lcc=0.546 | flagged=1
[15:09:01] DEBUG - 94202012_240504a_12~7552_hr4c_4169.tif | pred_pos=0 | gt_pos=9500 | diff=9500 (0.145) | lcc=0.145 | flagged=0
[15:09:01] DEBUG - 94202012_240504a_12~7552_hr4c_4185.tif | pred_pos=0 | gt_pos=65405 | diff=65405 (0.998) | lcc=0.998 | flagged=1
[15:09:01] DEBUG - 94202012_240504a_12~7552_hr4c_4186.tif | pred_pos=0 | gt_pos=10402 | diff=10402 (0.159) | lcc=0.159 | flagged=0
[15:09:01] DEBUG - 94202012_240504a_12~7552_hr4c_4194.tif | pred_pos=0 | gt_pos=16266 | diff=16266 (0.248) | lcc=0.248 | flagged=0
[15:09:01] DEBUG - 94202012_240504a_12~7552_hr4c_4241.tif | pred_pos=0 | gt_pos=48247 | diff=48247 (0.736) | lcc=0.736 | flagged=1
[15:09:01] DEBUG - 94202012_240504a_12~7552_hr4c_4258.tif | pred_pos=0 | gt_pos=8161 | diff=8161 (0.125) | lcc=0.094 | flagged=0
[15:09:01] DEBUG - 94202012_240504a_12~7552_hr4c_4304.tif | pred_pos=0 | gt_pos=20990 | diff=20990 (0.320) | lcc=0.295 | flagged=0
[15:09:01] DEBUG - 94202012_240504a_12~7552_hr4c_4361.tif | pred_pos=0 | gt_pos=30040 | diff=30040 (0.458) | lcc=0.458 | flagged=0
[15:09:01] DEBUG - 94202012_240504a_12~7552_hr4c_4376.tif | pred_pos=0 | gt_pos=11524 | diff=11524 (0.176) | lcc=0.176 | flagged=0
[15:09:01] DEBUG - 94202012_240504a_12~7552_hr4c_4405.tif | pred_pos=0 | gt_pos=5585 | diff=5585 (0.085) | lcc=0.085 | flagged=0
[15:09:01] DEBUG - 94202012_240504a_12~7552_hr4c_4471.tif | pred_pos=0 | gt_pos=56772 | diff=56772 (0.866) | lcc=0.866 | flagged=1
[15:09:01] DEBUG - 94202012_240504a_12~7552_hr4c_4473.tif | pred_pos=0 | gt_pos=26976 | diff=26976 (0.412) | lcc=0.412 | flagged=0
[15:09:01] DEBUG - 94202012_240504a_12~7552_hr4c_4515.tif | pred_pos=0 | gt_pos=0 | diff=0 (0.000) | lcc=0.000 | flagged=0
[15:09:01] DEBUG - 94202012_240504a_12~7552_hr4c_4531.tif | pred_pos=0 | gt_pos=34585 | diff=34585 (0.528) | lcc=0.528 | flagged=1
[15:09:01] DEBUG - 94202012_240504a_12~7552_hr4c_4537.tif | pred_pos=0 | gt_pos=65536 | diff=65536 (1.000) | lcc=1.000 | flagged=1
[15:09:01] DEBUG - 94202012_240504a_12~7552_hr4c_4590.tif | pred_pos=0 | gt_pos=36567 | diff=36567 (0.558) | lcc=0.558 | flagged=1
[15:09:01] DEBUG - 94202012_240504a_12~7552_hr4c_4664.tif | pred_pos=0 | gt_pos=23907 | diff=23907 (0.365) | lcc=0.365 | flagged=0
[15:09:01] DEBUG - 94202012_240504a_12~7552_hr4c_4677.tif | pred_pos=0 | gt_pos=1618 | diff=1618 (0.025) | lcc=0.025 | flagged=0
[15:09:01] DEBUG - 94202012_240504a_12~7552_hr4c_4691.tif | pred_pos=0 | gt_pos=24883 | diff=24883 (0.380) | lcc=0.364 | flagged=0
[15:09:01] DEBUG - 94202012_240504a_12~7552_hr4c_4737.tif | pred_pos=0 | gt_pos=446 | diff=446 (0.007) | lcc=0.007 | flagged=0
[15:09:01] DEBUG - 94202012_240504a_12~7552_hr4c_4742.tif | pred_pos=0 | gt_pos=8448 | diff=8448 (0.129) | lcc=0.129 | flagged=0
[15:09:01] DEBUG - 94202012_240504a_12~7552_hr4c_4795.tif | pred_pos=0 | gt_pos=46610 | diff=46610 (0.711) | lcc=0.711 | flagged=1
[15:09:01] DEBUG - 94202012_240504a_12~7552_hr4c_4831.tif | pred_pos=0 | gt_pos=1743 | diff=1743 (0.027) | lcc=0.027 | flagged=0
[15:09:01] DEBUG - 94202012_240504a_12~7552_hr4c_4912.tif | pred_pos=0 | gt_pos=14221 | diff=14221 (0.217) | lcc=0.164 | flagged=0
[15:09:01] DEBUG - 94202012_240504a_12~7552_hr4c_4951.tif | pred_pos=0 | gt_pos=15066 | diff=15066 (0.230) | lcc=0.230 | flagged=0
[15:09:01] DEBUG - 94202012_240504a_12~7552_hr4c_4968.tif | pred_pos=0 | gt_pos=48949 | diff=48949 (0.747) | lcc=0.747 | flagged=1
[15:09:01] DEBUG - 94202012_240504a_12~7552_hr4c_5023.tif | pred_pos=0 | gt_pos=7350 | diff=7350 (0.112) | lcc=0.112 | flagged=0
[15:09:01] DEBUG - 94202012_240504a_12~7552_hr4c_5034.tif | pred_pos=0 | gt_pos=14132 | diff=14132 (0.216) | lcc=0.208 | flagged=0
[15:09:01] DEBUG - 94202012_240504a_12~7552_hr4c_5042.tif | pred_pos=0 | gt_pos=39570 | diff=39570 (0.604) | lcc=0.604 | flagged=1
[15:09:01] DEBUG - 94202012_240504a_12~7552_hr4c_5066.tif | pred_pos=0 | gt_pos=389 | diff=389 (0.006) | lcc=0.006 | flagged=0
[15:09:01] DEBUG - 94202012_240504a_12~7552_hr4c_5073.tif | pred_pos=0 | gt_pos=0 | diff=0 (0.000) | lcc=0.000 | flagged=0
[15:09:01] DEBUG - 94202012_240504a_12~7552_hr4c_5098.tif | pred_pos=0 | gt_pos=48719 | diff=48719 (0.743) | lcc=0.743 | flagged=1
[15:09:01] DEBUG - 94202012_240504a_12~7552_hr4c_5128.tif | pred_pos=0 | gt_pos=29958 | diff=29958 (0.457) | lcc=0.203 | flagged=0
[15:09:01] DEBUG - 94202012_240504a_12~7552_hr4c_5142.tif | pred_pos=0 | gt_pos=59716 | diff=59716 (0.911) | lcc=0.911 | flagged=1
[15:09:01] DEBUG - 94202012_240504a_12~7552_hr4c_5148.tif | pred_pos=0 | gt_pos=15 | diff=15 (0.000) | lcc=0.000 | flagged=0
[15:09:01] DEBUG - 94202012_240504a_12~7552_hr4c_5149.tif | pred_pos=0 | gt_pos=37411 | diff=37411 (0.571) | lcc=0.571 | flagged=1
[15:09:01] DEBUG - 94202012_240504a_12~7552_hr4c_5202.tif | pred_pos=0 | gt_pos=50153 | diff=50153 (0.765) | lcc=0.747 | flagged=1
[15:09:01] DEBUG - 94202012_240504a_12~7552_hr4c_5210.tif | pred_pos=0 | gt_pos=273 | diff=273 (0.004) | lcc=0.004 | flagged=0
[15:09:01] DEBUG - 94202012_240504a_12~7552_hr4c_5214.tif | pred_pos=0 | gt_pos=18384 | diff=18384 (0.281) | lcc=0.281 | flagged=0
[15:09:01] DEBUG - 94202012_240504a_12~7552_hr4c_5215.tif | pred_pos=0 | gt_pos=26885 | diff=26885 (0.410) | lcc=0.346 | flagged=0
[15:09:01] DEBUG - 94202012_240504a_12~7552_hr4c_5243.tif | pred_pos=0 | gt_pos=65289 | diff=65289 (0.996) | lcc=0.996 | flagged=1
[15:09:04] DEBUG - 94202012_240504a_12~7552_hr4c_5270.tif | pred_pos=0 | gt_pos=186 | diff=186 (0.003) | lcc=0.003 | flagged=0
[15:09:04] DEBUG - 94202012_240504a_12~7552_hr4c_5297.tif | pred_pos=0 | gt_pos=25486 | diff=25486 (0.389) | lcc=0.389 | flagged=0
[15:09:04] DEBUG - 94202012_240504a_12~7552_hr4c_5319.tif | pred_pos=0 | gt_pos=11908 | diff=11908 (0.182) | lcc=0.182 | flagged=0
[15:09:04] DEBUG - 94202012_240504a_12~7552_hr4c_5386.tif | pred_pos=0 | gt_pos=32203 | diff=32203 (0.491) | lcc=0.491 | flagged=0
[15:09:04] DEBUG - 94202012_240504a_12~7552_hr4c_5391.tif | pred_pos=0 | gt_pos=47915 | diff=47915 (0.731) | lcc=0.731 | flagged=1
[15:09:04] DEBUG - 94202012_240504a_12~7552_hr4c_5402.tif | pred_pos=0 | gt_pos=2512 | diff=2512 (0.038) | lcc=0.038 | flagged=0
[15:09:04] DEBUG - 94202012_240504a_12~7552_hr4c_5410.tif | pred_pos=0 | gt_pos=65536 | diff=65536 (1.000) | lcc=1.000 | flagged=1
[15:09:04] DEBUG - 94202012_240504a_12~7552_hr4c_5411.tif | pred_pos=0 | gt_pos=18002 | diff=18002 (0.275) | lcc=0.275 | flagged=0
[15:09:04] DEBUG - 94202012_240504a_12~7552_hr4c_5422.tif | pred_pos=0 | gt_pos=59486 | diff=59486 (0.908) | lcc=0.908 | flagged=1
[15:09:04] DEBUG - 94202012_240504a_12~7552_hr4c_5482.tif | pred_pos=0 | gt_pos=1874 | diff=1874 (0.029) | lcc=0.029 | flagged=0
[15:09:04] DEBUG - 94202012_240504a_12~7552_hr4c_5494.tif | pred_pos=0 | gt_pos=34642 | diff=34642 (0.529) | lcc=0.529 | flagged=1
[15:09:04] DEBUG - 94202012_240504a_12~7552_hr4c_5497.tif | pred_pos=0 | gt_pos=8233 | diff=8233 (0.126) | lcc=0.126 | flagged=0
[15:09:04] DEBUG - 94202012_240504a_12~7552_hr4c_5542.tif | pred_pos=0 | gt_pos=24248 | diff=24248 (0.370) | lcc=0.370 | flagged=0
[15:09:04] DEBUG - 94202012_240504a_12~7552_hr4c_5576.tif | pred_pos=0 | gt_pos=47337 | diff=47337 (0.722) | lcc=0.722 | flagged=1
[15:09:04] DEBUG - 94202012_240504a_12~7552_hr4c_5643.tif | pred_pos=0 | gt_pos=65301 | diff=65301 (0.996) | lcc=0.996 | flagged=1
[15:09:04] DEBUG - 94202012_240504a_12~7552_hr4c_5646.tif | pred_pos=0 | gt_pos=65352 | diff=65352 (0.997) | lcc=0.997 | flagged=1
[15:09:04] DEBUG - 94202012_240504a_12~7552_hr4c_5672.tif | pred_pos=0 | gt_pos=17504 | diff=17504 (0.267) | lcc=0.267 | flagged=0
[15:09:04] DEBUG - 94202012_240504a_12~7552_hr4c_5720.tif | pred_pos=0 | gt_pos=58139 | diff=58139 (0.887) | lcc=0.887 | flagged=1
[15:09:04] DEBUG - 94202012_240504a_12~7552_hr4c_5752.tif | pred_pos=0 | gt_pos=0 | diff=0 (0.000) | lcc=0.000 | flagged=0
[15:09:04] DEBUG - 94202012_240504a_12~7552_hr4c_5759.tif | pred_pos=0 | gt_pos=28448 | diff=28448 (0.434) | lcc=0.434 | flagged=0
[15:09:04] DEBUG - 94202012_240504a_12~7552_hr4c_617.tif | pred_pos=0 | gt_pos=3622 | diff=3622 (0.055) | lcc=0.055 | flagged=0
[15:09:04] DEBUG - 94202012_240504a_12~7552_hr4c_637.tif | pred_pos=0 | gt_pos=41538 | diff=41538 (0.634) | lcc=0.634 | flagged=1
[15:09:04] DEBUG - 94202012_240504a_12~7552_hr4c_849.tif | pred_pos=0 | gt_pos=54018 | diff=54018 (0.824) | lcc=0.824 | flagged=1
[15:09:04] DEBUG - 94202012_240504a_12~7552_hr4c_854.tif | pred_pos=0 | gt_pos=37941 | diff=37941 (0.579) | lcc=0.579 | flagged=1
[15:09:04] DEBUG - 94202012_240504a_12~7552_hr4c_922.tif | pred_pos=0 | gt_pos=6959 | diff=6959 (0.106) | lcc=0.106 | flagged=0
[15:09:04] DEBUG - 94202012_240504a_12~7552_hr4c_924.tif | pred_pos=0 | gt_pos=32890 | diff=32890 (0.502) | lcc=0.502 | flagged=1
[15:09:04] DEBUG - 94202012_240504a_12~7552_hr4c_986.tif | pred_pos=0 | gt_pos=924 | diff=924 (0.014) | lcc=0.014 | flagged=0
[15:09:04] DEBUG - 94202012_240504a_12~7552_hr4c_99.tif | pred_pos=0 | gt_pos=44770 | diff=44770 (0.683) | lcc=0.683 | flagged=1
[15:09:04] DEBUG - 94202012_240504a_12~7552_hr4c_998.tif | pred_pos=0 | gt_pos=36725 | diff=36725 (0.560) | lcc=0.560 | flagged=1
[15:09:04] DEBUG - 94202013_240504a_13~7805_hr4_1007.tif | pred_pos=0 | gt_pos=21728 | diff=21728 (0.332) | lcc=0.332 | flagged=0
[15:09:04] DEBUG - 94202013_240504a_13~7805_hr4_1030.tif | pred_pos=0 | gt_pos=26624 | diff=26624 (0.406) | lcc=0.406 | flagged=0
[15:09:04] DEBUG - 94202013_240504a_13~7805_hr4_1051.tif | pred_pos=0 | gt_pos=20222 | diff=20222 (0.309) | lcc=0.309 | flagged=0
[15:09:04] DEBUG - 94202013_240504a_13~7805_hr4_1057.tif | pred_pos=0 | gt_pos=65536 | diff=65536 (1.000) | lcc=1.000 | flagged=1
[15:09:04] DEBUG - 94202013_240504a_13~7805_hr4_1058.tif | pred_pos=0 | gt_pos=65536 | diff=65536 (1.000) | lcc=1.000 | flagged=1
[15:09:04] DEBUG - 94202013_240504a_13~7805_hr4_1081.tif | pred_pos=0 | gt_pos=60037 | diff=60037 (0.916) | lcc=0.916 | flagged=1
[15:09:04] DEBUG - 94202013_240504a_13~7805_hr4_1095.tif | pred_pos=0 | gt_pos=11952 | diff=11952 (0.182) | lcc=0.182 | flagged=0
[15:09:04] DEBUG - 94202013_240504a_13~7805_hr4_111.tif | pred_pos=0 | gt_pos=1024 | diff=1024 (0.016) | lcc=0.016 | flagged=0
[15:09:04] DEBUG - 94202013_240504a_13~7805_hr4_1132.tif | pred_pos=0 | gt_pos=13138 | diff=13138 (0.200) | lcc=0.200 | flagged=0
[15:09:04] DEBUG - 94202013_240504a_13~7805_hr4_1139.tif | pred_pos=0 | gt_pos=8923 | diff=8923 (0.136) | lcc=0.136 | flagged=0
[15:09:04] DEBUG - 94202013_240504a_13~7805_hr4_1208.tif | pred_pos=0 | gt_pos=26371 | diff=26371 (0.402) | lcc=0.402 | flagged=0
[15:09:04] DEBUG - 94202013_240504a_13~7805_hr4_1215.tif | pred_pos=0 | gt_pos=33620 | diff=33620 (0.513) | lcc=0.513 | flagged=1
[15:09:04] DEBUG - 94202013_240504a_13~7805_hr4_122.tif | pred_pos=0 | gt_pos=1355 | diff=1355 (0.021) | lcc=0.020 | flagged=0
[15:09:04] DEBUG - 94202013_240504a_13~7805_hr4_1236.tif | pred_pos=0 | gt_pos=9284 | diff=9284 (0.142) | lcc=0.142 | flagged=0
[15:09:04] DEBUG - 94202013_240504a_13~7805_hr4_1251.tif | pred_pos=0 | gt_pos=20077 | diff=20077 (0.306) | lcc=0.306 | flagged=0
[15:09:04] DEBUG - 94202013_240504a_13~7805_hr4_1257.tif | pred_pos=0 | gt_pos=13049 | diff=13049 (0.199) | lcc=0.199 | flagged=0
[15:09:04] DEBUG - 94202013_240504a_13~7805_hr4_1274.tif | pred_pos=0 | gt_pos=1171 | diff=1171 (0.018) | lcc=0.018 | flagged=0
[15:09:04] DEBUG - 94202013_240504a_13~7805_hr4_1280.tif | pred_pos=0 | gt_pos=861 | diff=861 (0.013) | lcc=0.013 | flagged=0
[15:09:04] DEBUG - 94202013_240504a_13~7805_hr4_1290.tif | pred_pos=0 | gt_pos=65536 | diff=65536 (1.000) | lcc=1.000 | flagged=1
[15:09:04] DEBUG - 94202013_240504a_13~7805_hr4_1302.tif | pred_pos=0 | gt_pos=52325 | diff=52325 (0.798) | lcc=0.798 | flagged=1
[15:09:04] DEBUG - 94202013_240504a_13~7805_hr4_1347.tif | pred_pos=0 | gt_pos=24 | diff=24 (0.000) | lcc=0.000 | flagged=0
[15:09:04] DEBUG - 94202013_240504a_13~7805_hr4_1349.tif | pred_pos=0 | gt_pos=20692 | diff=20692 (0.316) | lcc=0.316 | flagged=0
[15:09:04] DEBUG - 94202013_240504a_13~7805_hr4_1351.tif | pred_pos=0 | gt_pos=17181 | diff=17181 (0.262) | lcc=0.262 | flagged=0
[15:09:04] DEBUG - 94202013_240504a_13~7805_hr4_1388.tif | pred_pos=0 | gt_pos=46178 | diff=46178 (0.705) | lcc=0.534 | flagged=1
[15:09:04] DEBUG - 94202013_240504a_13~7805_hr4_1430.tif | pred_pos=0 | gt_pos=29096 | diff=29096 (0.444) | lcc=0.444 | flagged=0
[15:09:04] DEBUG - 94202013_240504a_13~7805_hr4_1462.tif | pred_pos=0 | gt_pos=22772 | diff=22772 (0.347) | lcc=0.347 | flagged=0
[15:09:04] DEBUG - 94202013_240504a_13~7805_hr4_1500.tif | pred_pos=0 | gt_pos=57998 | diff=57998 (0.885) | lcc=0.885 | flagged=1
[15:09:04] DEBUG - 94202013_240504a_13~7805_hr4_1501.tif | pred_pos=0 | gt_pos=65536 | diff=65536 (1.000) | lcc=1.000 | flagged=1
[15:09:04] DEBUG - 94202013_240504a_13~7805_hr4_1539.tif | pred_pos=0 | gt_pos=40638 | diff=40638 (0.620) | lcc=0.620 | flagged=1
[15:09:04] DEBUG - 94202013_240504a_13~7805_hr4_1551.tif | pred_pos=0 | gt_pos=13688 | diff=13688 (0.209) | lcc=0.209 | flagged=0
[15:09:04] DEBUG - 94202013_240504a_13~7805_hr4_1567.tif | pred_pos=0 | gt_pos=33404 | diff=33404 (0.510) | lcc=0.494 | flagged=0
[15:09:04] DEBUG - 94202013_240504a_13~7805_hr4_1568.tif | pred_pos=0 | gt_pos=719 | diff=719 (0.011) | lcc=0.010 | flagged=0
[15:09:04] DEBUG - 94202013_240504a_13~7805_hr4_1574.tif | pred_pos=0 | gt_pos=29069 | diff=29069 (0.444) | lcc=0.444 | flagged=0
[15:09:04] DEBUG - 94202013_240504a_13~7805_hr4_1599.tif | pred_pos=0 | gt_pos=65536 | diff=65536 (1.000) | lcc=1.000 | flagged=1
[15:09:04] DEBUG - 94202013_240504a_13~7805_hr4_16.tif | pred_pos=0 | gt_pos=38936 | diff=38936 (0.594) | lcc=0.594 | flagged=1
[15:09:05] DEBUG - 94202013_240504a_13~7805_hr4_1632.tif | pred_pos=0 | gt_pos=21361 | diff=21361 (0.326) | lcc=0.326 | flagged=0
[15:09:05] DEBUG - 94202013_240504a_13~7805_hr4_1650.tif | pred_pos=0 | gt_pos=280 | diff=280 (0.004) | lcc=0.004 | flagged=0
[15:09:05] DEBUG - 94202013_240504a_13~7805_hr4_1664.tif | pred_pos=0 | gt_pos=0 | diff=0 (0.000) | lcc=0.000 | flagged=0
[15:09:05] DEBUG - 94202013_240504a_13~7805_hr4_1673.tif | pred_pos=0 | gt_pos=65536 | diff=65536 (1.000) | lcc=1.000 | flagged=1
[15:09:05] DEBUG - 94202013_240504a_13~7805_hr4_1682.tif | pred_pos=0 | gt_pos=10308 | diff=10308 (0.157) | lcc=0.157 | flagged=0
[15:09:05] DEBUG - 94202013_240504a_13~7805_hr4_1689.tif | pred_pos=0 | gt_pos=4605 | diff=4605 (0.070) | lcc=0.070 | flagged=0
[15:09:05] DEBUG - 94202013_240504a_13~7805_hr4_1712.tif | pred_pos=0 | gt_pos=65536 | diff=65536 (1.000) | lcc=1.000 | flagged=1
[15:09:05] DEBUG - 94202013_240504a_13~7805_hr4_1725.tif | pred_pos=0 | gt_pos=20808 | diff=20808 (0.318) | lcc=0.318 | flagged=0
[15:09:05] DEBUG - 94202013_240504a_13~7805_hr4_1727.tif | pred_pos=0 | gt_pos=37107 | diff=37107 (0.566) | lcc=0.566 | flagged=1
[15:09:05] DEBUG - 94202013_240504a_13~7805_hr4_1728.tif | pred_pos=0 | gt_pos=34394 | diff=34394 (0.525) | lcc=0.525 | flagged=1
[15:09:05] DEBUG - 94202013_240504a_13~7805_hr4_1756.tif | pred_pos=0 | gt_pos=1968 | diff=1968 (0.030) | lcc=0.030 | flagged=0
[15:09:05] DEBUG - 94202013_240504a_13~7805_hr4_1779.tif | pred_pos=0 | gt_pos=22160 | diff=22160 (0.338) | lcc=0.338 | flagged=0
[15:09:05] DEBUG - 94202013_240504a_13~7805_hr4_1782.tif | pred_pos=0 | gt_pos=41268 | diff=41268 (0.630) | lcc=0.630 | flagged=1
[15:09:05] DEBUG - 94202013_240504a_13~7805_hr4_1810.tif | pred_pos=0 | gt_pos=10791 | diff=10791 (0.165) | lcc=0.165 | flagged=0
[15:09:05] DEBUG - 94202013_240504a_13~7805_hr4_1828.tif | pred_pos=0 | gt_pos=52812 | diff=52812 (0.806) | lcc=0.806 | flagged=1
[15:09:05] DEBUG - 94202013_240504a_13~7805_hr4_1838.tif | pred_pos=0 | gt_pos=24778 | diff=24778 (0.378) | lcc=0.378 | flagged=0
[15:09:05] DEBUG - 94202013_240504a_13~7805_hr4_1847.tif | pred_pos=0 | gt_pos=46967 | diff=46967 (0.717) | lcc=0.717 | flagged=1
[15:09:05] DEBUG - 94202013_240504a_13~7805_hr4_1887.tif | pred_pos=0 | gt_pos=21925 | diff=21925 (0.335) | lcc=0.335 | flagged=0
[15:09:05] DEBUG - 94202013_240504a_13~7805_hr4_1900.tif | pred_pos=0 | gt_pos=365 | diff=365 (0.006) | lcc=0.006 | flagged=0
[15:09:05] DEBUG - 94202013_240504a_13~7805_hr4_191.tif | pred_pos=0 | gt_pos=18934 | diff=18934 (0.289) | lcc=0.289 | flagged=0
[15:09:05] DEBUG - 94202013_240504a_13~7805_hr4_1921.tif | pred_pos=0 | gt_pos=57722 | diff=57722 (0.881) | lcc=0.881 | flagged=1
[15:09:05] DEBUG - 94202013_240504a_13~7805_hr4_1961.tif | pred_pos=0 | gt_pos=7358 | diff=7358 (0.112) | lcc=0.112 | flagged=0
[15:09:05] DEBUG - 94202013_240504a_13~7805_hr4_1971.tif | pred_pos=0 | gt_pos=46658 | diff=46658 (0.712) | lcc=0.712 | flagged=1
[15:09:05] DEBUG - 94202013_240504a_13~7805_hr4_2003.tif | pred_pos=0 | gt_pos=15638 | diff=15638 (0.239) | lcc=0.239 | flagged=0
[15:09:05] DEBUG - 94202013_240504a_13~7805_hr4_2010.tif | pred_pos=0 | gt_pos=48708 | diff=48708 (0.743) | lcc=0.743 | flagged=1
[15:09:05] DEBUG - 94202013_240504a_13~7805_hr4_2030.tif | pred_pos=0 | gt_pos=4209 | diff=4209 (0.064) | lcc=0.064 | flagged=0
[15:09:05] DEBUG - 94202013_240504a_13~7805_hr4_2033.tif | pred_pos=0 | gt_pos=28346 | diff=28346 (0.433) | lcc=0.433 | flagged=0
[15:09:05] DEBUG - 94202013_240504a_13~7805_hr4_2056.tif | pred_pos=0 | gt_pos=65536 | diff=65536 (1.000) | lcc=1.000 | flagged=1
[15:09:05] DEBUG - 94202013_240504a_13~7805_hr4_2104.tif | pred_pos=0 | gt_pos=26128 | diff=26128 (0.399) | lcc=0.399 | flagged=0
[15:09:05] DEBUG - 94202013_240504a_13~7805_hr4_2204.tif | pred_pos=0 | gt_pos=36814 | diff=36814 (0.562) | lcc=0.562 | flagged=1
[15:09:05] DEBUG - 94202013_240504a_13~7805_hr4_2265.tif | pred_pos=0 | gt_pos=10727 | diff=10727 (0.164) | lcc=0.164 | flagged=0
[15:09:05] DEBUG - 94202013_240504a_13~7805_hr4_2321.tif | pred_pos=0 | gt_pos=62549 | diff=62549 (0.954) | lcc=0.954 | flagged=1
[15:09:05] DEBUG - 94202013_240504a_13~7805_hr4_2328.tif | pred_pos=0 | gt_pos=14812 | diff=14812 (0.226) | lcc=0.226 | flagged=0
[15:09:05] DEBUG - 94202013_240504a_13~7805_hr4_2354.tif | pred_pos=0 | gt_pos=388 | diff=388 (0.006) | lcc=0.006 | flagged=0
[15:09:05] DEBUG - 94202013_240504a_13~7805_hr4_239.tif | pred_pos=0 | gt_pos=24872 | diff=24872 (0.380) | lcc=0.380 | flagged=0
[15:09:05] DEBUG - 94202013_240504a_13~7805_hr4_2393.tif | pred_pos=0 | gt_pos=35928 | diff=35928 (0.548) | lcc=0.548 | flagged=1
[15:09:05] DEBUG - 94202013_240504a_13~7805_hr4_2418.tif | pred_pos=0 | gt_pos=5770 | diff=5770 (0.088) | lcc=0.088 | flagged=0
[15:09:05] DEBUG - 94202013_240504a_13~7805_hr4_2430.tif | pred_pos=0 | gt_pos=61643 | diff=61643 (0.941) | lcc=0.941 | flagged=1
[15:09:05] DEBUG - 94202013_240504a_13~7805_hr4_2455.tif | pred_pos=0 | gt_pos=25282 | diff=25282 (0.386) | lcc=0.386 | flagged=0
[15:09:05] DEBUG - 94202013_240504a_13~7805_hr4_249.tif | pred_pos=0 | gt_pos=39453 | diff=39453 (0.602) | lcc=0.460 | flagged=0
[15:09:05] DEBUG - 94202013_240504a_13~7805_hr4_2499.tif | pred_pos=0 | gt_pos=19552 | diff=19552 (0.298) | lcc=0.298 | flagged=0
[15:09:05] DEBUG - 94202013_240504a_13~7805_hr4_2543.tif | pred_pos=0 | gt_pos=6037 | diff=6037 (0.092) | lcc=0.092 | flagged=0
[15:09:05] DEBUG - 94202013_240504a_13~7805_hr4_2614.tif | pred_pos=0 | gt_pos=13044 | diff=13044 (0.199) | lcc=0.199 | flagged=0
[15:09:05] DEBUG - 94202013_240504a_13~7805_hr4_264.tif | pred_pos=0 | gt_pos=873 | diff=873 (0.013) | lcc=0.013 | flagged=0
[15:09:05] DEBUG - 94202013_240504a_13~7805_hr4_2647.tif | pred_pos=0 | gt_pos=49436 | diff=49436 (0.754) | lcc=0.754 | flagged=1
[15:09:05] DEBUG - 94202013_240504a_13~7805_hr4_2649.tif | pred_pos=0 | gt_pos=32822 | diff=32822 (0.501) | lcc=0.501 | flagged=1
[15:09:05] DEBUG - 94202013_240504a_13~7805_hr4_2650.tif | pred_pos=0 | gt_pos=24442 | diff=24442 (0.373) | lcc=0.373 | flagged=0
[15:09:05] DEBUG - 94202013_240504a_13~7805_hr4_2651.tif | pred_pos=0 | gt_pos=0 | diff=0 (0.000) | lcc=0.000 | flagged=0
[15:09:05] DEBUG - 94202013_240504a_13~7805_hr4_2675.tif | pred_pos=0 | gt_pos=36052 | diff=36052 (0.550) | lcc=0.550 | flagged=1
[15:09:05] DEBUG - 94202013_240504a_13~7805_hr4_2676.tif | pred_pos=0 | gt_pos=40363 | diff=40363 (0.616) | lcc=0.616 | flagged=1
[15:09:05] DEBUG - 94202013_240504a_13~7805_hr4_2697.tif | pred_pos=0 | gt_pos=41220 | diff=41220 (0.629) | lcc=0.629 | flagged=1
[15:09:05] DEBUG - 94202013_240504a_13~7805_hr4_2707.tif | pred_pos=0 | gt_pos=13746 | diff=13746 (0.210) | lcc=0.210 | flagged=0
[15:09:05] DEBUG - 94202013_240504a_13~7805_hr4_2708.tif | pred_pos=0 | gt_pos=51096 | diff=51096 (0.780) | lcc=0.780 | flagged=1
[15:09:05] DEBUG - 94202013_240504a_13~7805_hr4_2720.tif | pred_pos=0 | gt_pos=58497 | diff=58497 (0.893) | lcc=0.893 | flagged=1
[15:09:05] DEBUG - 94202013_240504a_13~7805_hr4_2750.tif | pred_pos=0 | gt_pos=35055 | diff=35055 (0.535) | lcc=0.535 | flagged=1
[15:09:05] DEBUG - 94202013_240504a_13~7805_hr4_2760.tif | pred_pos=0 | gt_pos=838 | diff=838 (0.013) | lcc=0.013 | flagged=0
[15:09:05] DEBUG - 94202013_240504a_13~7805_hr4_2762.tif | pred_pos=0 | gt_pos=6552 | diff=6552 (0.100) | lcc=0.100 | flagged=0
[15:09:05] DEBUG - 94202013_240504a_13~7805_hr4_2769.tif | pred_pos=0 | gt_pos=41417 | diff=41417 (0.632) | lcc=0.624 | flagged=1
[15:09:05] DEBUG - 94202013_240504a_13~7805_hr4_2770.tif | pred_pos=0 | gt_pos=61615 | diff=61615 (0.940) | lcc=0.940 | flagged=1
[15:09:05] DEBUG - 94202013_240504a_13~7805_hr4_2857.tif | pred_pos=0 | gt_pos=9893 | diff=9893 (0.151) | lcc=0.151 | flagged=0
[15:09:05] DEBUG - 94202013_240504a_13~7805_hr4_2862.tif | pred_pos=0 | gt_pos=34951 | diff=34951 (0.533) | lcc=0.533 | flagged=1
[15:09:05] DEBUG - 94202013_240504a_13~7805_hr4_2880.tif | pred_pos=0 | gt_pos=0 | diff=0 (0.000) | lcc=0.000 | flagged=0
[15:09:05] DEBUG - 94202013_240504a_13~7805_hr4_2896.tif | pred_pos=0 | gt_pos=37918 | diff=37918 (0.579) | lcc=0.579 | flagged=1
[15:09:05] DEBUG - 94202013_240504a_13~7805_hr4_2906.tif | pred_pos=0 | gt_pos=7992 | diff=7992 (0.122) | lcc=0.122 | flagged=0
[15:09:08] DEBUG - 94202013_240504a_13~7805_hr4_2910.tif | pred_pos=0 | gt_pos=42375 | diff=42375 (0.647) | lcc=0.647 | flagged=1
[15:09:08] DEBUG - 94202013_240504a_13~7805_hr4_2923.tif | pred_pos=0 | gt_pos=25959 | diff=25959 (0.396) | lcc=0.396 | flagged=0
[15:09:08] DEBUG - 94202013_240504a_13~7805_hr4_2924.tif | pred_pos=0 | gt_pos=18232 | diff=18232 (0.278) | lcc=0.278 | flagged=0
[15:09:08] DEBUG - 94202013_240504a_13~7805_hr4_2935.tif | pred_pos=0 | gt_pos=857 | diff=857 (0.013) | lcc=0.013 | flagged=0
[15:09:08] DEBUG - 94202013_240504a_13~7805_hr4_2998.tif | pred_pos=0 | gt_pos=31312 | diff=31312 (0.478) | lcc=0.478 | flagged=0
[15:09:08] DEBUG - 94202013_240504a_13~7805_hr4_311.tif | pred_pos=0 | gt_pos=65441 | diff=65441 (0.999) | lcc=0.999 | flagged=1
[15:09:08] DEBUG - 94202013_240504a_13~7805_hr4_3126.tif | pred_pos=0 | gt_pos=24984 | diff=24984 (0.381) | lcc=0.381 | flagged=0
[15:09:08] DEBUG - 94202013_240504a_13~7805_hr4_3163.tif | pred_pos=0 | gt_pos=24598 | diff=24598 (0.375) | lcc=0.375 | flagged=0
[15:09:08] DEBUG - 94202013_240504a_13~7805_hr4_3194.tif | pred_pos=0 | gt_pos=0 | diff=0 (0.000) | lcc=0.000 | flagged=0
[15:09:08] DEBUG - 94202013_240504a_13~7805_hr4_321.tif | pred_pos=0 | gt_pos=23397 | diff=23397 (0.357) | lcc=0.357 | flagged=0
[15:09:08] DEBUG - 94202013_240504a_13~7805_hr4_3278.tif | pred_pos=0 | gt_pos=52 | diff=52 (0.001) | lcc=0.001 | flagged=0
[15:09:08] DEBUG - 94202013_240504a_13~7805_hr4_3373.tif | pred_pos=0 | gt_pos=13826 | diff=13826 (0.211) | lcc=0.211 | flagged=0
[15:09:08] DEBUG - 94202013_240504a_13~7805_hr4_3411.tif | pred_pos=0 | gt_pos=7306 | diff=7306 (0.111) | lcc=0.111 | flagged=0
[15:09:08] DEBUG - 94202013_240504a_13~7805_hr4_3425.tif | pred_pos=0 | gt_pos=27294 | diff=27294 (0.416) | lcc=0.416 | flagged=0
[15:09:08] DEBUG - 94202013_240504a_13~7805_hr4_343.tif | pred_pos=0 | gt_pos=55708 | diff=55708 (0.850) | lcc=0.836 | flagged=1
[15:09:08] DEBUG - 94202013_240504a_13~7805_hr4_3443.tif | pred_pos=0 | gt_pos=806 | diff=806 (0.012) | lcc=0.012 | flagged=0
[15:09:08] DEBUG - 94202013_240504a_13~7805_hr4_3453.tif | pred_pos=0 | gt_pos=31767 | diff=31767 (0.485) | lcc=0.485 | flagged=0
[15:09:08] DEBUG - 94202013_240504a_13~7805_hr4_351.tif | pred_pos=0 | gt_pos=65536 | diff=65536 (1.000) | lcc=1.000 | flagged=1
[15:09:08] DEBUG - 94202013_240504a_13~7805_hr4_3511.tif | pred_pos=0 | gt_pos=4272 | diff=4272 (0.065) | lcc=0.065 | flagged=0
[15:09:08] DEBUG - 94202013_240504a_13~7805_hr4_3517.tif | pred_pos=0 | gt_pos=15134 | diff=15134 (0.231) | lcc=0.229 | flagged=0
[15:09:08] DEBUG - 94202013_240504a_13~7805_hr4_3530.tif | pred_pos=0 | gt_pos=54 | diff=54 (0.001) | lcc=0.001 | flagged=0
[15:09:08] DEBUG - 94202013_240504a_13~7805_hr4_3531.tif | pred_pos=0 | gt_pos=50668 | diff=50668 (0.773) | lcc=0.499 | flagged=0
[15:09:08] DEBUG - 94202013_240504a_13~7805_hr4_3534.tif | pred_pos=0 | gt_pos=18702 | diff=18702 (0.285) | lcc=0.285 | flagged=0
[15:09:08] DEBUG - 94202013_240504a_13~7805_hr4_3561.tif | pred_pos=0 | gt_pos=1008 | diff=1008 (0.015) | lcc=0.015 | flagged=0
[15:09:08] DEBUG - 94202013_240504a_13~7805_hr4_3664.tif | pred_pos=0 | gt_pos=5484 | diff=5484 (0.084) | lcc=0.084 | flagged=0
[15:09:08] DEBUG - 94202013_240504a_13~7805_hr4_3678.tif | pred_pos=0 | gt_pos=14486 | diff=14486 (0.221) | lcc=0.221 | flagged=0
[15:09:08] DEBUG - 94202013_240504a_13~7805_hr4_3679.tif | pred_pos=0 | gt_pos=45722 | diff=45722 (0.698) | lcc=0.698 | flagged=1
[15:09:08] DEBUG - 94202013_240504a_13~7805_hr4_3685.tif | pred_pos=0 | gt_pos=26180 | diff=26180 (0.399) | lcc=0.399 | flagged=0
[15:09:08] DEBUG - 94202013_240504a_13~7805_hr4_3688.tif | pred_pos=0 | gt_pos=64496 | diff=64496 (0.984) | lcc=0.984 | flagged=1
[15:09:08] DEBUG - 94202013_240504a_13~7805_hr4_3690.tif | pred_pos=0 | gt_pos=51763 | diff=51763 (0.790) | lcc=0.790 | flagged=1
[15:09:08] DEBUG - 94202013_240504a_13~7805_hr4_3747.tif | pred_pos=0 | gt_pos=9588 | diff=9588 (0.146) | lcc=0.146 | flagged=0
[15:09:08] DEBUG - 94202013_240504a_13~7805_hr4_3749.tif | pred_pos=0 | gt_pos=1117 | diff=1117 (0.017) | lcc=0.017 | flagged=0
[15:09:08] DEBUG - 94202013_240504a_13~7805_hr4_3833.tif | pred_pos=0 | gt_pos=8633 | diff=8633 (0.132) | lcc=0.132 | flagged=0
[15:09:08] DEBUG - 94202013_240504a_13~7805_hr4_3878.tif | pred_pos=0 | gt_pos=9738 | diff=9738 (0.149) | lcc=0.149 | flagged=0
[15:09:08] DEBUG - 94202013_240504a_13~7805_hr4_3897.tif | pred_pos=0 | gt_pos=20997 | diff=20997 (0.320) | lcc=0.320 | flagged=0
[15:09:08] DEBUG - 94202013_240504a_13~7805_hr4_3910.tif | pred_pos=0 | gt_pos=35686 | diff=35686 (0.545) | lcc=0.421 | flagged=0
[15:09:08] DEBUG - 94202013_240504a_13~7805_hr4_3965.tif | pred_pos=0 | gt_pos=20729 | diff=20729 (0.316) | lcc=0.251 | flagged=0
[15:09:08] DEBUG - 94202013_240504a_13~7805_hr4_3969.tif | pred_pos=0 | gt_pos=14615 | diff=14615 (0.223) | lcc=0.223 | flagged=0
[15:09:08] DEBUG - 94202013_240504a_13~7805_hr4_401.tif | pred_pos=0 | gt_pos=25551 | diff=25551 (0.390) | lcc=0.390 | flagged=0
[15:09:08] DEBUG - 94202013_240504a_13~7805_hr4_4041.tif | pred_pos=0 | gt_pos=20714 | diff=20714 (0.316) | lcc=0.316 | flagged=0
[15:09:08] DEBUG - 94202013_240504a_13~7805_hr4_4045.tif | pred_pos=0 | gt_pos=15879 | diff=15879 (0.242) | lcc=0.242 | flagged=0
[15:09:08] DEBUG - 94202013_240504a_13~7805_hr4_4069.tif | pred_pos=0 | gt_pos=37822 | diff=37822 (0.577) | lcc=0.577 | flagged=1
[15:09:08] DEBUG - 94202013_240504a_13~7805_hr4_4086.tif | pred_pos=0 | gt_pos=51467 | diff=51467 (0.785) | lcc=0.785 | flagged=1
[15:09:08] DEBUG - 94202013_240504a_13~7805_hr4_4097.tif | pred_pos=0 | gt_pos=1280 | diff=1280 (0.020) | lcc=0.020 | flagged=0
[15:09:08] DEBUG - 94202013_240504a_13~7805_hr4_4112.tif | pred_pos=0 | gt_pos=9554 | diff=9554 (0.146) | lcc=0.146 | flagged=0
[15:09:08] DEBUG - 94202013_240504a_13~7805_hr4_4115.tif | pred_pos=0 | gt_pos=24356 | diff=24356 (0.372) | lcc=0.372 | flagged=0
[15:09:08] DEBUG - 94202013_240504a_13~7805_hr4_4123.tif | pred_pos=0 | gt_pos=71 | diff=71 (0.001) | lcc=0.001 | flagged=0
[15:09:08] DEBUG - 94202013_240504a_13~7805_hr4_4124.tif | pred_pos=0 | gt_pos=605 | diff=605 (0.009) | lcc=0.009 | flagged=0
[15:09:08] DEBUG - 94202013_240504a_13~7805_hr4_4165.tif | pred_pos=0 | gt_pos=336 | diff=336 (0.005) | lcc=0.005 | flagged=0
[15:09:08] DEBUG - 94202013_240504a_13~7805_hr4_4180.tif | pred_pos=0 | gt_pos=23044 | diff=23044 (0.352) | lcc=0.352 | flagged=0
[15:09:08] DEBUG - 94202013_240504a_13~7805_hr4_4187.tif | pred_pos=0 | gt_pos=24524 | diff=24524 (0.374) | lcc=0.374 | flagged=0
[15:09:08] DEBUG - 94202013_240504a_13~7805_hr4_42.tif | pred_pos=0 | gt_pos=52597 | diff=52597 (0.803) | lcc=0.803 | flagged=1
[15:09:08] DEBUG - 94202013_240504a_13~7805_hr4_424.tif | pred_pos=0 | gt_pos=55383 | diff=55383 (0.845) | lcc=0.845 | flagged=1
[15:09:08] DEBUG - 94202013_240504a_13~7805_hr4_425.tif | pred_pos=0 | gt_pos=65536 | diff=65536 (1.000) | lcc=1.000 | flagged=1
[15:09:08] DEBUG - 94202013_240504a_13~7805_hr4_4259.tif | pred_pos=0 | gt_pos=2990 | diff=2990 (0.046) | lcc=0.046 | flagged=0
[15:09:08] DEBUG - 94202013_240504a_13~7805_hr4_4262.tif | pred_pos=0 | gt_pos=28664 | diff=28664 (0.437) | lcc=0.437 | flagged=0
[15:09:08] DEBUG - 94202013_240504a_13~7805_hr4_4263.tif | pred_pos=0 | gt_pos=30957 | diff=30957 (0.472) | lcc=0.259 | flagged=0
[15:09:08] DEBUG - 94202013_240504a_13~7805_hr4_438.tif | pred_pos=0 | gt_pos=65536 | diff=65536 (1.000) | lcc=1.000 | flagged=1
[15:09:08] DEBUG - 94202013_240504a_13~7805_hr4_4431.tif | pred_pos=0 | gt_pos=26976 | diff=26976 (0.412) | lcc=0.412 | flagged=0
[15:09:08] DEBUG - 94202013_240504a_13~7805_hr4_4453.tif | pred_pos=0 | gt_pos=5660 | diff=5660 (0.086) | lcc=0.086 | flagged=0
[15:09:08] DEBUG - 94202013_240504a_13~7805_hr4_4454.tif | pred_pos=0 | gt_pos=231 | diff=231 (0.004) | lcc=0.004 | flagged=0
[15:09:08] DEBUG - 94202013_240504a_13~7805_hr4_4530.tif | pred_pos=0 | gt_pos=8511 | diff=8511 (0.130) | lcc=0.130 | flagged=0
[15:09:08] DEBUG - 94202013_240504a_13~7805_hr4_4535.tif | pred_pos=0 | gt_pos=64948 | diff=64948 (0.991) | lcc=0.991 | flagged=1
[15:09:08] DEBUG - 94202013_240504a_13~7805_hr4_4536.tif | pred_pos=0 | gt_pos=2816 | diff=2816 (0.043) | lcc=0.043 | flagged=0
[15:09:09] DEBUG - 94202013_240504a_13~7805_hr4_4575.tif | pred_pos=0 | gt_pos=32937 | diff=32937 (0.503) | lcc=0.503 | flagged=1
[15:09:09] DEBUG - 94202013_240504a_13~7805_hr4_4586.tif | pred_pos=0 | gt_pos=26037 | diff=26037 (0.397) | lcc=0.397 | flagged=0
[15:09:09] DEBUG - 94202013_240504a_13~7805_hr4_4641.tif | pred_pos=0 | gt_pos=18462 | diff=18462 (0.282) | lcc=0.282 | flagged=0
[15:09:09] DEBUG - 94202013_240504a_13~7805_hr4_4656.tif | pred_pos=0 | gt_pos=1916 | diff=1916 (0.029) | lcc=0.029 | flagged=0
[15:09:09] DEBUG - 94202013_240504a_13~7805_hr4_4660.tif | pred_pos=0 | gt_pos=21202 | diff=21202 (0.324) | lcc=0.324 | flagged=0
[15:09:09] DEBUG - 94202013_240504a_13~7805_hr4_4672.tif | pred_pos=0 | gt_pos=3569 | diff=3569 (0.054) | lcc=0.054 | flagged=0
[15:09:09] DEBUG - 94202013_240504a_13~7805_hr4_4733.tif | pred_pos=0 | gt_pos=50252 | diff=50252 (0.767) | lcc=0.767 | flagged=1
[15:09:09] DEBUG - 94202013_240504a_13~7805_hr4_4736.tif | pred_pos=0 | gt_pos=4682 | diff=4682 (0.071) | lcc=0.071 | flagged=0
[15:09:09] DEBUG - 94202013_240504a_13~7805_hr4_4740.tif | pred_pos=0 | gt_pos=46985 | diff=46985 (0.717) | lcc=0.701 | flagged=1
[15:09:09] DEBUG - 94202013_240504a_13~7805_hr4_4752.tif | pred_pos=0 | gt_pos=150 | diff=150 (0.002) | lcc=0.002 | flagged=0
[15:09:09] DEBUG - 94202013_240504a_13~7805_hr4_477.tif | pred_pos=0 | gt_pos=40285 | diff=40285 (0.615) | lcc=0.615 | flagged=1
[15:09:09] DEBUG - 94202013_240504a_13~7805_hr4_4791.tif | pred_pos=0 | gt_pos=2738 | diff=2738 (0.042) | lcc=0.042 | flagged=0
[15:09:09] DEBUG - 94202013_240504a_13~7805_hr4_4807.tif | pred_pos=0 | gt_pos=29118 | diff=29118 (0.444) | lcc=0.444 | flagged=0
[15:09:09] DEBUG - 94202013_240504a_13~7805_hr4_4808.tif | pred_pos=0 | gt_pos=2725 | diff=2725 (0.042) | lcc=0.042 | flagged=0
[15:09:09] DEBUG - 94202013_240504a_13~7805_hr4_4830.tif | pred_pos=0 | gt_pos=7126 | diff=7126 (0.109) | lcc=0.109 | flagged=0
[15:09:09] DEBUG - 94202013_240504a_13~7805_hr4_4835.tif | pred_pos=0 | gt_pos=11335 | diff=11335 (0.173) | lcc=0.173 | flagged=0
[15:09:09] DEBUG - 94202013_240504a_13~7805_hr4_4905.tif | pred_pos=0 | gt_pos=30417 | diff=30417 (0.464) | lcc=0.433 | flagged=0
[15:09:09] DEBUG - 94202013_240504a_13~7805_hr4_4906.tif | pred_pos=0 | gt_pos=16650 | diff=16650 (0.254) | lcc=0.254 | flagged=0
[15:09:09] DEBUG - 94202013_240504a_13~7805_hr4_4937.tif | pred_pos=0 | gt_pos=38857 | diff=38857 (0.593) | lcc=0.593 | flagged=1
[15:09:09] DEBUG - 94202013_240504a_13~7805_hr4_4964.tif | pred_pos=0 | gt_pos=129 | diff=129 (0.002) | lcc=0.002 | flagged=0
[15:09:09] DEBUG - 94202013_240504a_13~7805_hr4_4999.tif | pred_pos=0 | gt_pos=36415 | diff=36415 (0.556) | lcc=0.556 | flagged=1
[15:09:09] DEBUG - 94202013_240504a_13~7805_hr4_5036.tif | pred_pos=0 | gt_pos=22149 | diff=22149 (0.338) | lcc=0.338 | flagged=0
[15:09:09] DEBUG - 94202013_240504a_13~7805_hr4_5052.tif | pred_pos=0 | gt_pos=3050 | diff=3050 (0.047) | lcc=0.047 | flagged=0
[15:09:09] DEBUG - 94202013_240504a_13~7805_hr4_5060.tif | pred_pos=0 | gt_pos=463 | diff=463 (0.007) | lcc=0.007 | flagged=0
[15:09:09] DEBUG - 94202013_240504a_13~7805_hr4_5089.tif | pred_pos=0 | gt_pos=19616 | diff=19616 (0.299) | lcc=0.299 | flagged=0
[15:09:09] DEBUG - 94202013_240504a_13~7805_hr4_5094.tif | pred_pos=0 | gt_pos=12069 | diff=12069 (0.184) | lcc=0.184 | flagged=0
[15:09:09] DEBUG - 94202013_240504a_13~7805_hr4_5154.tif | pred_pos=0 | gt_pos=1423 | diff=1423 (0.022) | lcc=0.022 | flagged=0
[15:09:09] DEBUG - 94202013_240504a_13~7805_hr4_5163.tif | pred_pos=0 | gt_pos=37204 | diff=37204 (0.568) | lcc=0.568 | flagged=1
[15:09:09] DEBUG - 94202013_240504a_13~7805_hr4_5168.tif | pred_pos=0 | gt_pos=14213 | diff=14213 (0.217) | lcc=0.213 | flagged=0
[15:09:09] DEBUG - 94202013_240504a_13~7805_hr4_5176.tif | pred_pos=0 | gt_pos=56822 | diff=56822 (0.867) | lcc=0.867 | flagged=1
[15:09:09] DEBUG - 94202013_240504a_13~7805_hr4_5217.tif | pred_pos=0 | gt_pos=22531 | diff=22531 (0.344) | lcc=0.339 | flagged=0
[15:09:09] DEBUG - 94202013_240504a_13~7805_hr4_5230.tif | pred_pos=0 | gt_pos=0 | diff=0 (0.000) | lcc=0.000 | flagged=0
[15:09:09] DEBUG - 94202013_240504a_13~7805_hr4_5298.tif | pred_pos=0 | gt_pos=2959 | diff=2959 (0.045) | lcc=0.045 | flagged=0
[15:09:09] DEBUG - 94202013_240504a_13~7805_hr4_5301.tif | pred_pos=0 | gt_pos=2324 | diff=2324 (0.035) | lcc=0.035 | flagged=0
[15:09:09] DEBUG - 94202013_240504a_13~7805_hr4_5347.tif | pred_pos=0 | gt_pos=19471 | diff=19471 (0.297) | lcc=0.297 | flagged=0
[15:09:09] DEBUG - 94202013_240504a_13~7805_hr4_5366.tif | pred_pos=0 | gt_pos=2610 | diff=2610 (0.040) | lcc=0.040 | flagged=0
[15:09:09] DEBUG - 94202013_240504a_13~7805_hr4_549.tif | pred_pos=0 | gt_pos=31230 | diff=31230 (0.477) | lcc=0.477 | flagged=0
[15:09:09] DEBUG - 94202013_240504a_13~7805_hr4_5509.tif | pred_pos=0 | gt_pos=0 | diff=0 (0.000) | lcc=0.000 | flagged=0
[15:09:09] DEBUG - 94202013_240504a_13~7805_hr4_5533.tif | pred_pos=0 | gt_pos=7230 | diff=7230 (0.110) | lcc=0.110 | flagged=0
[15:09:09] DEBUG - 94202013_240504a_13~7805_hr4_5539.tif | pred_pos=0 | gt_pos=112 | diff=112 (0.002) | lcc=0.002 | flagged=0
[15:09:09] DEBUG - 94202013_240504a_13~7805_hr4_5551.tif | pred_pos=0 | gt_pos=3992 | diff=3992 (0.061) | lcc=0.061 | flagged=0
[15:09:09] DEBUG - 94202013_240504a_13~7805_hr4_5605.tif | pred_pos=0 | gt_pos=23345 | diff=23345 (0.356) | lcc=0.356 | flagged=0
[15:09:09] DEBUG - 94202013_240504a_13~7805_hr4_5682.tif | pred_pos=0 | gt_pos=36295 | diff=36295 (0.554) | lcc=0.554 | flagged=1
[15:09:09] DEBUG - 94202013_240504a_13~7805_hr4_5769.tif | pred_pos=0 | gt_pos=23274 | diff=23274 (0.355) | lcc=0.355 | flagged=0
[15:09:09] DEBUG - 94202013_240504a_13~7805_hr4_5814.tif | pred_pos=0 | gt_pos=2114 | diff=2114 (0.032) | lcc=0.032 | flagged=0
[15:09:09] DEBUG - 94202013_240504a_13~7805_hr4_5815.tif | pred_pos=0 | gt_pos=12661 | diff=12661 (0.193) | lcc=0.193 | flagged=0
[15:09:09] DEBUG - 94202013_240504a_13~7805_hr4_5821.tif | pred_pos=0 | gt_pos=1598 | diff=1598 (0.024) | lcc=0.024 | flagged=0
[15:09:09] DEBUG - 94202013_240504a_13~7805_hr4_587.tif | pred_pos=0 | gt_pos=16355 | diff=16355 (0.250) | lcc=0.250 | flagged=0
[15:09:09] DEBUG - 94202013_240504a_13~7805_hr4_611.tif | pred_pos=0 | gt_pos=64221 | diff=64221 (0.980) | lcc=0.980 | flagged=1
[15:09:09] DEBUG - 94202013_240504a_13~7805_hr4_623.tif | pred_pos=0 | gt_pos=487 | diff=487 (0.007) | lcc=0.007 | flagged=0
[15:09:09] DEBUG - 94202013_240504a_13~7805_hr4_640.tif | pred_pos=0 | gt_pos=6197 | diff=6197 (0.095) | lcc=0.095 | flagged=0
[15:09:09] DEBUG - 94202013_240504a_13~7805_hr4_685.tif | pred_pos=0 | gt_pos=65536 | diff=65536 (1.000) | lcc=1.000 | flagged=1
[15:09:09] DEBUG - 94202013_240504a_13~7805_hr4_734.tif | pred_pos=0 | gt_pos=88 | diff=88 (0.001) | lcc=0.001 | flagged=0
[15:09:09] DEBUG - 94202013_240504a_13~7805_hr4_759.tif | pred_pos=0 | gt_pos=62161 | diff=62161 (0.949) | lcc=0.949 | flagged=1
[15:09:09] DEBUG - 94202013_240504a_13~7805_hr4_762.tif | pred_pos=0 | gt_pos=44925 | diff=44925 (0.686) | lcc=0.499 | flagged=0
[15:09:09] DEBUG - 94202013_240504a_13~7805_hr4_804.tif | pred_pos=0 | gt_pos=50049 | diff=50049 (0.764) | lcc=0.764 | flagged=1
[15:09:09] DEBUG - 94202013_240504a_13~7805_hr4_806.tif | pred_pos=0 | gt_pos=14924 | diff=14924 (0.228) | lcc=0.228 | flagged=0
[15:09:09] DEBUG - 94202013_240504a_13~7805_hr4_836.tif | pred_pos=0 | gt_pos=65536 | diff=65536 (1.000) | lcc=1.000 | flagged=1
[15:09:09] DEBUG - 94202013_240504a_13~7805_hr4_840.tif | pred_pos=0 | gt_pos=64335 | diff=64335 (0.982) | lcc=0.982 | flagged=1
[15:09:09] DEBUG - 94202013_240504a_13~7805_hr4_859.tif | pred_pos=0 | gt_pos=8571 | diff=8571 (0.131) | lcc=0.084 | flagged=0
[15:09:09] DEBUG - 94202013_240504a_13~7805_hr4_873.tif | pred_pos=0 | gt_pos=16414 | diff=16414 (0.250) | lcc=0.250 | flagged=0
[15:09:09] DEBUG - 94202013_240504a_13~7805_hr4_909.tif | pred_pos=0 | gt_pos=40726 | diff=40726 (0.621) | lcc=0.621 | flagged=1
[15:09:09] DEBUG - 94202013_240504a_13~7805_hr4_911.tif | pred_pos=0 | gt_pos=14252 | diff=14252 (0.217) | lcc=0.213 | flagged=0
[15:09:09] DEBUG - 94202013_240504a_13~7805_hr4_914.tif | pred_pos=0 | gt_pos=1406 | diff=1406 (0.021) | lcc=0.021 | flagged=0
[15:09:12] DEBUG - 94202013_240504a_13~7805_hr4_930.tif | pred_pos=0 | gt_pos=34 | diff=34 (0.001) | lcc=0.001 | flagged=0
[15:09:12] DEBUG - 94202013_240504a_13~7805_hr4_957.tif | pred_pos=0 | gt_pos=3127 | diff=3127 (0.048) | lcc=0.048 | flagged=0
[15:09:12] DEBUG - 94202014_240504a_14~8062_hr4_1041.tif | pred_pos=0 | gt_pos=39858 | diff=39858 (0.608) | lcc=0.608 | flagged=1
[15:09:12] DEBUG - 94202014_240504a_14~8062_hr4_1044.tif | pred_pos=0 | gt_pos=63311 | diff=63311 (0.966) | lcc=0.966 | flagged=1
[15:09:12] DEBUG - 94202014_240504a_14~8062_hr4_1051.tif | pred_pos=0 | gt_pos=2394 | diff=2394 (0.037) | lcc=0.037 | flagged=0
[15:09:12] DEBUG - 94202014_240504a_14~8062_hr4_1053.tif | pred_pos=0 | gt_pos=0 | diff=0 (0.000) | lcc=0.000 | flagged=0
[15:09:12] DEBUG - 94202014_240504a_14~8062_hr4_1123.tif | pred_pos=0 | gt_pos=33072 | diff=33072 (0.505) | lcc=0.505 | flagged=1
[15:09:12] DEBUG - 94202014_240504a_14~8062_hr4_1157.tif | pred_pos=0 | gt_pos=0 | diff=0 (0.000) | lcc=0.000 | flagged=0
[15:09:12] DEBUG - 94202014_240504a_14~8062_hr4_1184.tif | pred_pos=0 | gt_pos=17066 | diff=17066 (0.260) | lcc=0.260 | flagged=0
[15:09:12] DEBUG - 94202014_240504a_14~8062_hr4_1194.tif | pred_pos=0 | gt_pos=0 | diff=0 (0.000) | lcc=0.000 | flagged=0
[15:09:12] DEBUG - 94202014_240504a_14~8062_hr4_1281.tif | pred_pos=0 | gt_pos=2120 | diff=2120 (0.032) | lcc=0.032 | flagged=0
[15:09:12] DEBUG - 94202014_240504a_14~8062_hr4_1289.tif | pred_pos=0 | gt_pos=10552 | diff=10552 (0.161) | lcc=0.161 | flagged=0
[15:09:12] DEBUG - 94202014_240504a_14~8062_hr4_1343.tif | pred_pos=0 | gt_pos=17853 | diff=17853 (0.272) | lcc=0.272 | flagged=0
[15:09:12] DEBUG - 94202014_240504a_14~8062_hr4_1355.tif | pred_pos=0 | gt_pos=10751 | diff=10751 (0.164) | lcc=0.164 | flagged=0
[15:09:12] DEBUG - 94202014_240504a_14~8062_hr4_1356.tif | pred_pos=0 | gt_pos=62448 | diff=62448 (0.953) | lcc=0.953 | flagged=1
[15:09:12] DEBUG - 94202014_240504a_14~8062_hr4_1421.tif | pred_pos=0 | gt_pos=60207 | diff=60207 (0.919) | lcc=0.919 | flagged=1
[15:09:12] DEBUG - 94202014_240504a_14~8062_hr4_1427.tif | pred_pos=0 | gt_pos=6057 | diff=6057 (0.092) | lcc=0.092 | flagged=0
[15:09:12] DEBUG - 94202014_240504a_14~8062_hr4_1429.tif | pred_pos=0 | gt_pos=5125 | diff=5125 (0.078) | lcc=0.078 | flagged=0
[15:09:12] DEBUG - 94202014_240504a_14~8062_hr4_1439.tif | pred_pos=0 | gt_pos=1450 | diff=1450 (0.022) | lcc=0.022 | flagged=0
[15:09:12] DEBUG - 94202014_240504a_14~8062_hr4_1492.tif | pred_pos=0 | gt_pos=19520 | diff=19520 (0.298) | lcc=0.298 | flagged=0
[15:09:12] DEBUG - 94202014_240504a_14~8062_hr4_1639.tif | pred_pos=0 | gt_pos=42178 | diff=42178 (0.644) | lcc=0.644 | flagged=1
[15:09:12] DEBUG - 94202014_240504a_14~8062_hr4_1640.tif | pred_pos=0 | gt_pos=19359 | diff=19359 (0.295) | lcc=0.295 | flagged=0
[15:09:12] DEBUG - 94202014_240504a_14~8062_hr4_1671.tif | pred_pos=0 | gt_pos=0 | diff=0 (0.000) | lcc=0.000 | flagged=0
[15:09:12] DEBUG - 94202014_240504a_14~8062_hr4_1704.tif | pred_pos=0 | gt_pos=21170 | diff=21170 (0.323) | lcc=0.323 | flagged=0
[15:09:12] DEBUG - 94202014_240504a_14~8062_hr4_1720.tif | pred_pos=0 | gt_pos=11695 | diff=11695 (0.178) | lcc=0.178 | flagged=0
[15:09:12] DEBUG - 94202014_240504a_14~8062_hr4_1857.tif | pred_pos=0 | gt_pos=53895 | diff=53895 (0.822) | lcc=0.822 | flagged=1
[15:09:12] DEBUG - 94202014_240504a_14~8062_hr4_1870.tif | pred_pos=0 | gt_pos=1733 | diff=1733 (0.026) | lcc=0.026 | flagged=0
[15:09:12] DEBUG - 94202014_240504a_14~8062_hr4_198.tif | pred_pos=0 | gt_pos=0 | diff=0 (0.000) | lcc=0.000 | flagged=0
[15:09:12] DEBUG - 94202014_240504a_14~8062_hr4_2167.tif | pred_pos=0 | gt_pos=928 | diff=928 (0.014) | lcc=0.014 | flagged=0
[15:09:12] DEBUG - 94202014_240504a_14~8062_hr4_223.tif | pred_pos=0 | gt_pos=85 | diff=85 (0.001) | lcc=0.001 | flagged=0
[15:09:12] DEBUG - 94202014_240504a_14~8062_hr4_2242.tif | pred_pos=0 | gt_pos=40515 | diff=40515 (0.618) | lcc=0.522 | flagged=1
[15:09:12] DEBUG - 94202014_240504a_14~8062_hr4_2277.tif | pred_pos=0 | gt_pos=0 | diff=0 (0.000) | lcc=0.000 | flagged=0
[15:09:12] DEBUG - 94202014_240504a_14~8062_hr4_2469.tif | pred_pos=0 | gt_pos=25454 | diff=25454 (0.388) | lcc=0.388 | flagged=0
[15:09:12] DEBUG - 94202014_240504a_14~8062_hr4_2531.tif | pred_pos=0 | gt_pos=38605 | diff=38605 (0.589) | lcc=0.589 | flagged=1
[15:09:12] DEBUG - 94202014_240504a_14~8062_hr4_2534.tif | pred_pos=0 | gt_pos=705 | diff=705 (0.011) | lcc=0.008 | flagged=0
[15:09:12] DEBUG - 94202014_240504a_14~8062_hr4_2677.tif | pred_pos=0 | gt_pos=32580 | diff=32580 (0.497) | lcc=0.497 | flagged=0
[15:09:12] DEBUG - 94202014_240504a_14~8062_hr4_2682.tif | pred_pos=0 | gt_pos=19191 | diff=19191 (0.293) | lcc=0.279 | flagged=0
[15:09:12] DEBUG - 94202014_240504a_14~8062_hr4_2688.tif | pred_pos=0 | gt_pos=21 | diff=21 (0.000) | lcc=0.000 | flagged=0
[15:09:12] DEBUG - 94202014_240504a_14~8062_hr4_2758.tif | pred_pos=0 | gt_pos=48267 | diff=48267 (0.736) | lcc=0.736 | flagged=1
[15:09:12] DEBUG - 94202014_240504a_14~8062_hr4_2763.tif | pred_pos=0 | gt_pos=11685 | diff=11685 (0.178) | lcc=0.178 | flagged=0
[15:09:12] DEBUG - 94202014_240504a_14~8062_hr4_2767.tif | pred_pos=0 | gt_pos=0 | diff=0 (0.000) | lcc=0.000 | flagged=0
[15:09:12] DEBUG - 94202014_240504a_14~8062_hr4_2835.tif | pred_pos=0 | gt_pos=19853 | diff=19853 (0.303) | lcc=0.303 | flagged=0
[15:09:12] DEBUG - 94202014_240504a_14~8062_hr4_2847.tif | pred_pos=0 | gt_pos=0 | diff=0 (0.000) | lcc=0.000 | flagged=0
[15:09:12] DEBUG - 94202014_240504a_14~8062_hr4_2903.tif | pred_pos=0 | gt_pos=29282 | diff=29282 (0.447) | lcc=0.447 | flagged=0
[15:09:12] DEBUG - 94202014_240504a_14~8062_hr4_294.tif | pred_pos=0 | gt_pos=0 | diff=0 (0.000) | lcc=0.000 | flagged=0
[15:09:12] DEBUG - 94202014_240504a_14~8062_hr4_2978.tif | pred_pos=0 | gt_pos=4351 | diff=4351 (0.066) | lcc=0.066 | flagged=0
[15:09:12] DEBUG - 94202014_240504a_14~8062_hr4_2985.tif | pred_pos=0 | gt_pos=34306 | diff=34306 (0.523) | lcc=0.523 | flagged=1
[15:09:12] DEBUG - 94202014_240504a_14~8062_hr4_2988.tif | pred_pos=0 | gt_pos=4212 | diff=4212 (0.064) | lcc=0.064 | flagged=0
[15:09:12] DEBUG - 94202014_240504a_14~8062_hr4_299.tif | pred_pos=0 | gt_pos=4415 | diff=4415 (0.067) | lcc=0.067 | flagged=0
[15:09:12] DEBUG - 94202014_240504a_14~8062_hr4_3048.tif | pred_pos=0 | gt_pos=0 | diff=0 (0.000) | lcc=0.000 | flagged=0
[15:09:12] DEBUG - 94202014_240504a_14~8062_hr4_3265.tif | pred_pos=0 | gt_pos=18309 | diff=18309 (0.279) | lcc=0.279 | flagged=0
[15:09:12] DEBUG - 94202014_240504a_14~8062_hr4_3491.tif | pred_pos=0 | gt_pos=8111 | diff=8111 (0.124) | lcc=0.124 | flagged=0
[15:09:12] DEBUG - 94202014_240504a_14~8062_hr4_385.tif | pred_pos=0 | gt_pos=0 | diff=0 (0.000) | lcc=0.000 | flagged=0
[15:09:12] DEBUG - 94202014_240504a_14~8062_hr4_3937.tif | pred_pos=0 | gt_pos=39085 | diff=39085 (0.596) | lcc=0.596 | flagged=1
[15:09:12] DEBUG - 94202014_240504a_14~8062_hr4_3960.tif | pred_pos=0 | gt_pos=0 | diff=0 (0.000) | lcc=0.000 | flagged=0
[15:09:12] DEBUG - 94202014_240504a_14~8062_hr4_4078.tif | pred_pos=0 | gt_pos=0 | diff=0 (0.000) | lcc=0.000 | flagged=0
[15:09:12] DEBUG - 94202014_240504a_14~8062_hr4_4218.tif | pred_pos=0 | gt_pos=9237 | diff=9237 (0.141) | lcc=0.127 | flagged=0
[15:09:12] DEBUG - 94202014_240504a_14~8062_hr4_4224.tif | pred_pos=0 | gt_pos=28204 | diff=28204 (0.430) | lcc=0.430 | flagged=0
[15:09:12] DEBUG - 94202014_240504a_14~8062_hr4_4225.tif | pred_pos=0 | gt_pos=4979 | diff=4979 (0.076) | lcc=0.076 | flagged=0
[15:09:12] DEBUG - 94202014_240504a_14~8062_hr4_4232.tif | pred_pos=0 | gt_pos=22943 | diff=22943 (0.350) | lcc=0.350 | flagged=0
[15:09:12] DEBUG - 94202014_240504a_14~8062_hr4_4262.tif | pred_pos=0 | gt_pos=0 | diff=0 (0.000) | lcc=0.000 | flagged=0
[15:09:12] DEBUG - 94202014_240504a_14~8062_hr4_4323.tif | pred_pos=0 | gt_pos=0 | diff=0 (0.000) | lcc=0.000 | flagged=0
[15:09:12] DEBUG - 94202014_240504a_14~8062_hr4_4514.tif | pred_pos=0 | gt_pos=65536 | diff=65536 (1.000) | lcc=1.000 | flagged=1
[15:09:12] DEBUG - 94202014_240504a_14~8062_hr4_4516.tif | pred_pos=0 | gt_pos=1731 | diff=1731 (0.026) | lcc=0.026 | flagged=0
[15:09:13] DEBUG - 94202014_240504a_14~8062_hr4_4588.tif | pred_pos=0 | gt_pos=65536 | diff=65536 (1.000) | lcc=1.000 | flagged=1
[15:09:13] DEBUG - 94202014_240504a_14~8062_hr4_4663.tif | pred_pos=0 | gt_pos=25369 | diff=25369 (0.387) | lcc=0.387 | flagged=0
[15:09:13] DEBUG - 94202014_240504a_14~8062_hr4_4738.tif | pred_pos=0 | gt_pos=2489 | diff=2489 (0.038) | lcc=0.038 | flagged=0
[15:09:13] DEBUG - 94202014_240504a_14~8062_hr4_4750.tif | pred_pos=0 | gt_pos=0 | diff=0 (0.000) | lcc=0.000 | flagged=0
[15:09:13] DEBUG - 94202014_240504a_14~8062_hr4_4845.tif | pred_pos=0 | gt_pos=0 | diff=0 (0.000) | lcc=0.000 | flagged=0
[15:09:13] DEBUG - 94202014_240504a_14~8062_hr4_5184.tif | pred_pos=0 | gt_pos=12144 | diff=12144 (0.185) | lcc=0.185 | flagged=0
[15:09:13] DEBUG - 94202014_240504a_14~8062_hr4_5259.tif | pred_pos=0 | gt_pos=39294 | diff=39294 (0.600) | lcc=0.600 | flagged=1
[15:09:13] DEBUG - 94202014_240504a_14~8062_hr4_5285.tif | pred_pos=0 | gt_pos=0 | diff=0 (0.000) | lcc=0.000 | flagged=0
[15:09:13] DEBUG - 94202014_240504a_14~8062_hr4_5694.tif | pred_pos=0 | gt_pos=0 | diff=0 (0.000) | lcc=0.000 | flagged=0
[15:09:13] DEBUG - 94202014_240504a_14~8062_hr4_5698.tif | pred_pos=0 | gt_pos=57604 | diff=57604 (0.879) | lcc=0.879 | flagged=1
[15:09:13] DEBUG - 94202014_240504a_14~8062_hr4_5773.tif | pred_pos=0 | gt_pos=154 | diff=154 (0.002) | lcc=0.002 | flagged=0
[15:09:13] DEBUG - 94202014_240504a_14~8062_hr4_594.tif | pred_pos=0 | gt_pos=30046 | diff=30046 (0.458) | lcc=0.458 | flagged=0
[15:09:13] DEBUG - 94202014_240504a_14~8062_hr4_750.tif | pred_pos=0 | gt_pos=21862 | diff=21862 (0.334) | lcc=0.334 | flagged=0
[15:09:13] DEBUG - 94202014_240504a_14~8062_hr4_753.tif | pred_pos=0 | gt_pos=18021 | diff=18021 (0.275) | lcc=0.267 | flagged=0
[15:09:13] DEBUG - 94202014_240504a_14~8062_hr4_919.tif | pred_pos=0 | gt_pos=0 | diff=0 (0.000) | lcc=0.000 | flagged=0
[15:09:13] DEBUG - 94202014_240504a_14~8062_hr4_967.tif | pred_pos=0 | gt_pos=30640 | diff=30640 (0.468) | lcc=0.468 | flagged=0
[15:09:13] DEBUG - 94202014_240504a_14~8062_hr4_968.tif | pred_pos=0 | gt_pos=61609 | diff=61609 (0.940) | lcc=0.940 | flagged=1
[15:09:13] DEBUG - 94202021_240504a_11~7327_hr4_1081.tif | pred_pos=0 | gt_pos=65536 | diff=65536 (1.000) | lcc=1.000 | flagged=1
[15:09:13] DEBUG - 94202021_240504a_11~7327_hr4_1087.tif | pred_pos=0 | gt_pos=9226 | diff=9226 (0.141) | lcc=0.141 | flagged=0
[15:09:13] DEBUG - 94202021_240504a_11~7327_hr4_112.tif | pred_pos=0 | gt_pos=19 | diff=19 (0.000) | lcc=0.000 | flagged=0
[15:09:13] DEBUG - 94202021_240504a_11~7327_hr4_1154.tif | pred_pos=0 | gt_pos=11568 | diff=11568 (0.177) | lcc=0.177 | flagged=0
[15:09:13] DEBUG - 94202021_240504a_11~7327_hr4_1173.tif | pred_pos=0 | gt_pos=737 | diff=737 (0.011) | lcc=0.011 | flagged=0
[15:09:13] DEBUG - 94202021_240504a_11~7327_hr4_1228.tif | pred_pos=0 | gt_pos=690 | diff=690 (0.011) | lcc=0.011 | flagged=0
[15:09:13] DEBUG - 94202021_240504a_11~7327_hr4_1233.tif | pred_pos=0 | gt_pos=36800 | diff=36800 (0.562) | lcc=0.562 | flagged=1
[15:09:13] DEBUG - 94202021_240504a_11~7327_hr4_1235.tif | pred_pos=0 | gt_pos=42867 | diff=42867 (0.654) | lcc=0.654 | flagged=1
[15:09:13] DEBUG - 94202021_240504a_11~7327_hr4_1298.tif | pred_pos=0 | gt_pos=18611 | diff=18611 (0.284) | lcc=0.244 | flagged=0
[15:09:13] DEBUG - 94202021_240504a_11~7327_hr4_1379.tif | pred_pos=0 | gt_pos=4682 | diff=4682 (0.071) | lcc=0.071 | flagged=0
[15:09:13] DEBUG - 94202021_240504a_11~7327_hr4_1382.tif | pred_pos=0 | gt_pos=56 | diff=56 (0.001) | lcc=0.001 | flagged=0
[15:09:13] DEBUG - 94202021_240504a_11~7327_hr4_1468.tif | pred_pos=0 | gt_pos=52645 | diff=52645 (0.803) | lcc=0.743 | flagged=1
[15:09:13] DEBUG - 94202021_240504a_11~7327_hr4_1543.tif | pred_pos=0 | gt_pos=28066 | diff=28066 (0.428) | lcc=0.428 | flagged=0
[15:09:13] DEBUG - 94202021_240504a_11~7327_hr4_1549.tif | pred_pos=0 | gt_pos=0 | diff=0 (0.000) | lcc=0.000 | flagged=0
[15:09:13] DEBUG - 94202021_240504a_11~7327_hr4_1614.tif | pred_pos=0 | gt_pos=57483 | diff=57483 (0.877) | lcc=0.877 | flagged=1
[15:09:13] DEBUG - 94202021_240504a_11~7327_hr4_1687.tif | pred_pos=0 | gt_pos=22223 | diff=22223 (0.339) | lcc=0.339 | flagged=0
[15:09:13] DEBUG - 94202021_240504a_11~7327_hr4_1695.tif | pred_pos=0 | gt_pos=4519 | diff=4519 (0.069) | lcc=0.069 | flagged=0
[15:09:13] DEBUG - 94202021_240504a_11~7327_hr4_1752.tif | pred_pos=0 | gt_pos=0 | diff=0 (0.000) | lcc=0.000 | flagged=0
[15:09:13] DEBUG - 94202021_240504a_11~7327_hr4_186.tif | pred_pos=0 | gt_pos=4149 | diff=4149 (0.063) | lcc=0.063 | flagged=0
[15:09:13] DEBUG - 94202021_240504a_11~7327_hr4_1903.tif | pred_pos=0 | gt_pos=14515 | diff=14515 (0.221) | lcc=0.221 | flagged=0
[15:09:13] DEBUG - 94202021_240504a_11~7327_hr4_1969.tif | pred_pos=0 | gt_pos=10222 | diff=10222 (0.156) | lcc=0.156 | flagged=0
[15:09:13] DEBUG - 94202021_240504a_11~7327_hr4_1976.tif | pred_pos=0 | gt_pos=4090 | diff=4090 (0.062) | lcc=0.062 | flagged=0
[15:09:13] DEBUG - 94202021_240504a_11~7327_hr4_2047.tif | pred_pos=0 | gt_pos=17975 | diff=17975 (0.274) | lcc=0.274 | flagged=0
[15:09:13] DEBUG - 94202021_240504a_11~7327_hr4_2060.tif | pred_pos=0 | gt_pos=12611 | diff=12611 (0.192) | lcc=0.150 | flagged=0
[15:09:13] DEBUG - 94202021_240504a_11~7327_hr4_2148.tif | pred_pos=0 | gt_pos=0 | diff=0 (0.000) | lcc=0.000 | flagged=0
[15:09:13] DEBUG - 94202021_240504a_11~7327_hr4_2164.tif | pred_pos=0 | gt_pos=0 | diff=0 (0.000) | lcc=0.000 | flagged=0
[15:09:13] DEBUG - 94202021_240504a_11~7327_hr4_2204.tif | pred_pos=0 | gt_pos=0 | diff=0 (0.000) | lcc=0.000 | flagged=0
[15:09:13] DEBUG - 94202021_240504a_11~7327_hr4_2225.tif | pred_pos=0 | gt_pos=0 | diff=0 (0.000) | lcc=0.000 | flagged=0
[15:09:13] DEBUG - 94202021_240504a_11~7327_hr4_2416.tif | pred_pos=0 | gt_pos=0 | diff=0 (0.000) | lcc=0.000 | flagged=0
[15:09:13] DEBUG - 94202021_240504a_11~7327_hr4_2878.tif | pred_pos=0 | gt_pos=0 | diff=0 (0.000) | lcc=0.000 | flagged=0
[15:09:13] DEBUG - 94202021_240504a_11~7327_hr4_2989.tif | pred_pos=0 | gt_pos=0 | diff=0 (0.000) | lcc=0.000 | flagged=0
[15:09:13] DEBUG - 94202021_240504a_11~7327_hr4_4515.tif | pred_pos=0 | gt_pos=0 | diff=0 (0.000) | lcc=0.000 | flagged=0
[15:09:13] DEBUG - 94202021_240504a_11~7327_hr4_4660.tif | pred_pos=0 | gt_pos=2554 | diff=2554 (0.039) | lcc=0.039 | flagged=0
[15:09:13] DEBUG - 94202021_240504a_11~7327_hr4_4735.tif | pred_pos=0 | gt_pos=25223 | diff=25223 (0.385) | lcc=0.385 | flagged=0
[15:09:13] DEBUG - 94202021_240504a_11~7327_hr4_48.tif | pred_pos=0 | gt_pos=2874 | diff=2874 (0.044) | lcc=0.044 | flagged=0
[15:09:13] DEBUG - 94202021_240504a_11~7327_hr4_506.tif | pred_pos=0 | gt_pos=2191 | diff=2191 (0.033) | lcc=0.033 | flagged=0
[15:09:13] DEBUG - 94202021_240504a_11~7327_hr4_5100.tif | pred_pos=0 | gt_pos=6192 | diff=6192 (0.094) | lcc=0.094 | flagged=0
[15:09:13] DEBUG - 94202021_240504a_11~7327_hr4_5241.tif | pred_pos=0 | gt_pos=0 | diff=0 (0.000) | lcc=0.000 | flagged=0
[15:09:13] DEBUG - 94202021_240504a_11~7327_hr4_5349.tif | pred_pos=0 | gt_pos=0 | diff=0 (0.000) | lcc=0.000 | flagged=0
[15:09:13] DEBUG - 94202021_240504a_11~7327_hr4_5393.tif | pred_pos=0 | gt_pos=31999 | diff=31999 (0.488) | lcc=0.488 | flagged=0
[15:09:13] DEBUG - 94202021_240504a_11~7327_hr4_5468.tif | pred_pos=0 | gt_pos=37411 | diff=37411 (0.571) | lcc=0.571 | flagged=1
[15:09:13] DEBUG - 94202021_240504a_11~7327_hr4_5539.tif | pred_pos=0 | gt_pos=31943 | diff=31943 (0.487) | lcc=0.487 | flagged=0
[15:09:13] DEBUG - 94202021_240504a_11~7327_hr4_5689.tif | pred_pos=0 | gt_pos=65536 | diff=65536 (1.000) | lcc=1.000 | flagged=1
[15:09:13] DEBUG - 94202021_240504a_11~7327_hr4_5691.tif | pred_pos=0 | gt_pos=12 | diff=12 (0.000) | lcc=0.000 | flagged=0
[15:09:13] DEBUG - 94202021_240504a_11~7327_hr4_576.tif | pred_pos=0 | gt_pos=29853 | diff=29853 (0.456) | lcc=0.456 | flagged=0
[15:09:13] DEBUG - 94202021_240504a_11~7327_hr4_5771.tif | pred_pos=0 | gt_pos=17159 | diff=17159 (0.262) | lcc=0.262 | flagged=0
[15:09:13] DEBUG - 94202021_240504a_11~7327_hr4_588.tif | pred_pos=0 | gt_pos=28418 | diff=28418 (0.434) | lcc=0.253 | flagged=0
[15:09:16] DEBUG - 94202021_240504a_11~7327_hr4_663.tif | pred_pos=0 | gt_pos=65536 | diff=65536 (1.000) | lcc=1.000 | flagged=1
[15:09:16] DEBUG - 94202021_240504a_11~7327_hr4_707.tif | pred_pos=0 | gt_pos=0 | diff=0 (0.000) | lcc=0.000 | flagged=0
[15:09:16] DEBUG - 94202021_240504a_11~7327_hr4_735.tif | pred_pos=0 | gt_pos=41446 | diff=41446 (0.632) | lcc=0.594 | flagged=1
[15:09:16] DEBUG - 94202021_240504a_11~7327_hr4_739.tif | pred_pos=0 | gt_pos=45430 | diff=45430 (0.693) | lcc=0.693 | flagged=1
[15:09:16] DEBUG - 94202022_240504a_12~7556_hr4_1008.tif | pred_pos=0 | gt_pos=16030 | diff=16030 (0.245) | lcc=0.245 | flagged=0
[15:09:16] DEBUG - 94202022_240504a_12~7556_hr4_1110.tif | pred_pos=0 | gt_pos=812 | diff=812 (0.012) | lcc=0.012 | flagged=0
[15:09:16] DEBUG - 94202022_240504a_12~7556_hr4_1123.tif | pred_pos=0 | gt_pos=18190 | diff=18190 (0.278) | lcc=0.140 | flagged=0
[15:09:16] DEBUG - 94202022_240504a_12~7556_hr4_1163.tif | pred_pos=0 | gt_pos=2883 | diff=2883 (0.044) | lcc=0.044 | flagged=0
[15:09:16] DEBUG - 94202022_240504a_12~7556_hr4_1281.tif | pred_pos=0 | gt_pos=40688 | diff=40688 (0.621) | lcc=0.621 | flagged=1
[15:09:16] DEBUG - 94202022_240504a_12~7556_hr4_1341.tif | pred_pos=0 | gt_pos=31442 | diff=31442 (0.480) | lcc=0.337 | flagged=0
[15:09:16] DEBUG - 94202022_240504a_12~7556_hr4_1356.tif | pred_pos=0 | gt_pos=25263 | diff=25263 (0.385) | lcc=0.385 | flagged=0
[15:09:16] DEBUG - 94202022_240504a_12~7556_hr4_1368.tif | pred_pos=0 | gt_pos=14141 | diff=14141 (0.216) | lcc=0.216 | flagged=0
[15:09:16] DEBUG - 94202022_240504a_12~7556_hr4_1381.tif | pred_pos=0 | gt_pos=42744 | diff=42744 (0.652) | lcc=0.652 | flagged=1
[15:09:16] DEBUG - 94202022_240504a_12~7556_hr4_1408.tif | pred_pos=0 | gt_pos=25993 | diff=25993 (0.397) | lcc=0.397 | flagged=0
[15:09:16] DEBUG - 94202022_240504a_12~7556_hr4_1430.tif | pred_pos=0 | gt_pos=22032 | diff=22032 (0.336) | lcc=0.336 | flagged=0
[15:09:16] DEBUG - 94202022_240504a_12~7556_hr4_1530.tif | pred_pos=0 | gt_pos=6684 | diff=6684 (0.102) | lcc=0.102 | flagged=0
[15:09:16] DEBUG - 94202022_240504a_12~7556_hr4_1534.tif | pred_pos=0 | gt_pos=110 | diff=110 (0.002) | lcc=0.002 | flagged=0
[15:09:16] DEBUG - 94202022_240504a_12~7556_hr4_1554.tif | pred_pos=0 | gt_pos=46405 | diff=46405 (0.708) | lcc=0.708 | flagged=1
[15:09:16] DEBUG - 94202022_240504a_12~7556_hr4_1594.tif | pred_pos=0 | gt_pos=44358 | diff=44358 (0.677) | lcc=0.677 | flagged=1
[15:09:16] DEBUG - 94202022_240504a_12~7556_hr4_1604.tif | pred_pos=0 | gt_pos=661 | diff=661 (0.010) | lcc=0.010 | flagged=0
[15:09:16] DEBUG - 94202022_240504a_12~7556_hr4_1618.tif | pred_pos=0 | gt_pos=136 | diff=136 (0.002) | lcc=0.002 | flagged=0
[15:09:16] DEBUG - 94202022_240504a_12~7556_hr4_1632.tif | pred_pos=0 | gt_pos=30516 | diff=30516 (0.466) | lcc=0.466 | flagged=0
[15:09:16] DEBUG - 94202022_240504a_12~7556_hr4_1652.tif | pred_pos=0 | gt_pos=48750 | diff=48750 (0.744) | lcc=0.744 | flagged=1
[15:09:16] DEBUG - 94202022_240504a_12~7556_hr4_1766.tif | pred_pos=0 | gt_pos=50745 | diff=50745 (0.774) | lcc=0.774 | flagged=1
[15:09:16] DEBUG - 94202022_240504a_12~7556_hr4_1798.tif | pred_pos=0 | gt_pos=61719 | diff=61719 (0.942) | lcc=0.942 | flagged=1
[15:09:16] DEBUG - 94202022_240504a_12~7556_hr4_184.tif | pred_pos=0 | gt_pos=8888 | diff=8888 (0.136) | lcc=0.135 | flagged=0
[15:09:16] DEBUG - 94202022_240504a_12~7556_hr4_1859.tif | pred_pos=0 | gt_pos=15212 | diff=15212 (0.232) | lcc=0.232 | flagged=0
[15:09:16] DEBUG - 94202022_240504a_12~7556_hr4_1869.tif | pred_pos=0 | gt_pos=0 | diff=0 (0.000) | lcc=0.000 | flagged=0
[15:09:16] DEBUG - 94202022_240504a_12~7556_hr4_19.tif | pred_pos=0 | gt_pos=42460 | diff=42460 (0.648) | lcc=0.648 | flagged=1
[15:09:16] DEBUG - 94202022_240504a_12~7556_hr4_1956.tif | pred_pos=0 | gt_pos=8463 | diff=8463 (0.129) | lcc=0.129 | flagged=0
[15:09:16] DEBUG - 94202022_240504a_12~7556_hr4_1980.tif | pred_pos=0 | gt_pos=116 | diff=116 (0.002) | lcc=0.002 | flagged=0
[15:09:16] DEBUG - 94202022_240504a_12~7556_hr4_2056.tif | pred_pos=0 | gt_pos=40383 | diff=40383 (0.616) | lcc=0.375 | flagged=0
[15:09:16] DEBUG - 94202022_240504a_12~7556_hr4_2063.tif | pred_pos=0 | gt_pos=23717 | diff=23717 (0.362) | lcc=0.362 | flagged=0
[15:09:16] DEBUG - 94202022_240504a_12~7556_hr4_2137.tif | pred_pos=0 | gt_pos=13 | diff=13 (0.000) | lcc=0.000 | flagged=0
[15:09:16] DEBUG - 94202022_240504a_12~7556_hr4_2212.tif | pred_pos=0 | gt_pos=65536 | diff=65536 (1.000) | lcc=1.000 | flagged=1
[15:09:16] DEBUG - 94202022_240504a_12~7556_hr4_242.tif | pred_pos=0 | gt_pos=45449 | diff=45449 (0.693) | lcc=0.693 | flagged=1
[15:09:16] DEBUG - 94202022_240504a_12~7556_hr4_248.tif | pred_pos=0 | gt_pos=37938 | diff=37938 (0.579) | lcc=0.579 | flagged=1
[15:09:16] DEBUG - 94202022_240504a_12~7556_hr4_2510.tif | pred_pos=0 | gt_pos=48153 | diff=48153 (0.735) | lcc=0.447 | flagged=0
[15:09:16] DEBUG - 94202022_240504a_12~7556_hr4_2514.tif | pred_pos=0 | gt_pos=33262 | diff=33262 (0.508) | lcc=0.508 | flagged=1
[15:09:16] DEBUG - 94202022_240504a_12~7556_hr4_2649.tif | pred_pos=0 | gt_pos=5969 | diff=5969 (0.091) | lcc=0.091 | flagged=0
[15:09:16] DEBUG - 94202022_240504a_12~7556_hr4_2717.tif | pred_pos=0 | gt_pos=18704 | diff=18704 (0.285) | lcc=0.285 | flagged=0
[15:09:16] DEBUG - 94202022_240504a_12~7556_hr4_2732.tif | pred_pos=0 | gt_pos=38535 | diff=38535 (0.588) | lcc=0.588 | flagged=1
[15:09:16] DEBUG - 94202022_240504a_12~7556_hr4_2806.tif | pred_pos=0 | gt_pos=20693 | diff=20693 (0.316) | lcc=0.316 | flagged=0
[15:09:16] DEBUG - 94202022_240504a_12~7556_hr4_286.tif | pred_pos=0 | gt_pos=1068 | diff=1068 (0.016) | lcc=0.016 | flagged=0
[15:09:16] DEBUG - 94202022_240504a_12~7556_hr4_2952.tif | pred_pos=0 | gt_pos=16834 | diff=16834 (0.257) | lcc=0.257 | flagged=0
[15:09:16] DEBUG - 94202022_240504a_12~7556_hr4_2957.tif | pred_pos=0 | gt_pos=4383 | diff=4383 (0.067) | lcc=0.067 | flagged=0
[15:09:16] DEBUG - 94202022_240504a_12~7556_hr4_308.tif | pred_pos=0 | gt_pos=51580 | diff=51580 (0.787) | lcc=0.787 | flagged=1
[15:09:16] DEBUG - 94202022_240504a_12~7556_hr4_323.tif | pred_pos=0 | gt_pos=8904 | diff=8904 (0.136) | lcc=0.130 | flagged=0
[15:09:16] DEBUG - 94202022_240504a_12~7556_hr4_324.tif | pred_pos=0 | gt_pos=39294 | diff=39294 (0.600) | lcc=0.600 | flagged=1
[15:09:16] DEBUG - 94202022_240504a_12~7556_hr4_336.tif | pred_pos=0 | gt_pos=34223 | diff=34223 (0.522) | lcc=0.522 | flagged=1
[15:09:16] DEBUG - 94202022_240504a_12~7556_hr4_348.tif | pred_pos=0 | gt_pos=31899 | diff=31899 (0.487) | lcc=0.487 | flagged=0
[15:09:16] DEBUG - 94202022_240504a_12~7556_hr4_3616.tif | pred_pos=0 | gt_pos=20259 | diff=20259 (0.309) | lcc=0.309 | flagged=0
[15:09:16] DEBUG - 94202022_240504a_12~7556_hr4_3645.tif | pred_pos=0 | gt_pos=0 | diff=0 (0.000) | lcc=0.000 | flagged=0
[15:09:16] DEBUG - 94202022_240504a_12~7556_hr4_3771.tif | pred_pos=0 | gt_pos=38647 | diff=38647 (0.590) | lcc=0.590 | flagged=1
[15:09:16] DEBUG - 94202022_240504a_12~7556_hr4_3803.tif | pred_pos=0 | gt_pos=0 | diff=0 (0.000) | lcc=0.000 | flagged=0
[15:09:16] DEBUG - 94202022_240504a_12~7556_hr4_3841.tif | pred_pos=0 | gt_pos=22867 | diff=22867 (0.349) | lcc=0.349 | flagged=0
[15:09:16] DEBUG - 94202022_240504a_12~7556_hr4_3845.tif | pred_pos=0 | gt_pos=21600 | diff=21600 (0.330) | lcc=0.330 | flagged=0
[15:09:16] DEBUG - 94202022_240504a_12~7556_hr4_3846.tif | pred_pos=0 | gt_pos=54087 | diff=54087 (0.825) | lcc=0.825 | flagged=1
[15:09:16] DEBUG - 94202022_240504a_12~7556_hr4_3910.tif | pred_pos=0 | gt_pos=16615 | diff=16615 (0.254) | lcc=0.254 | flagged=0
[15:09:16] DEBUG - 94202022_240504a_12~7556_hr4_3914.tif | pred_pos=0 | gt_pos=54899 | diff=54899 (0.838) | lcc=0.838 | flagged=1
[15:09:16] DEBUG - 94202022_240504a_12~7556_hr4_3921.tif | pred_pos=0 | gt_pos=1906 | diff=1906 (0.029) | lcc=0.029 | flagged=0
[15:09:16] DEBUG - 94202022_240504a_12~7556_hr4_3934.tif | pred_pos=0 | gt_pos=0 | diff=0 (0.000) | lcc=0.000 | flagged=0
[15:09:16] DEBUG - 94202022_240504a_12~7556_hr4_4012.tif | pred_pos=0 | gt_pos=0 | diff=0 (0.000) | lcc=0.000 | flagged=0
[15:09:16] DEBUG - 94202022_240504a_12~7556_hr4_4057.tif | pred_pos=0 | gt_pos=57871 | diff=57871 (0.883) | lcc=0.883 | flagged=1
[15:09:17] DEBUG - 94202022_240504a_12~7556_hr4_4060.tif | pred_pos=0 | gt_pos=30337 | diff=30337 (0.463) | lcc=0.440 | flagged=0
[15:09:17] DEBUG - 94202022_240504a_12~7556_hr4_411.tif | pred_pos=0 | gt_pos=20582 | diff=20582 (0.314) | lcc=0.314 | flagged=0
[15:09:17] DEBUG - 94202022_240504a_12~7556_hr4_4132.tif | pred_pos=0 | gt_pos=28290 | diff=28290 (0.432) | lcc=0.279 | flagged=0
[15:09:17] DEBUG - 94202022_240504a_12~7556_hr4_4201.tif | pred_pos=0 | gt_pos=324 | diff=324 (0.005) | lcc=0.005 | flagged=0
[15:09:17] DEBUG - 94202022_240504a_12~7556_hr4_422.tif | pred_pos=0 | gt_pos=15608 | diff=15608 (0.238) | lcc=0.238 | flagged=0
[15:09:17] DEBUG - 94202022_240504a_12~7556_hr4_4281.tif | pred_pos=0 | gt_pos=52291 | diff=52291 (0.798) | lcc=0.798 | flagged=1
[15:09:17] DEBUG - 94202022_240504a_12~7556_hr4_4361.tif | pred_pos=0 | gt_pos=0 | diff=0 (0.000) | lcc=0.000 | flagged=0
[15:09:17] DEBUG - 94202022_240504a_12~7556_hr4_4421.tif | pred_pos=0 | gt_pos=10762 | diff=10762 (0.164) | lcc=0.164 | flagged=0
[15:09:17] DEBUG - 94202022_240504a_12~7556_hr4_4470.tif | pred_pos=0 | gt_pos=0 | diff=0 (0.000) | lcc=0.000 | flagged=0
[15:09:17] DEBUG - 94202022_240504a_12~7556_hr4_4504.tif | pred_pos=0 | gt_pos=55519 | diff=55519 (0.847) | lcc=0.847 | flagged=1
[15:09:17] DEBUG - 94202022_240504a_12~7556_hr4_4505.tif | pred_pos=0 | gt_pos=16954 | diff=16954 (0.259) | lcc=0.259 | flagged=0
[15:09:17] DEBUG - 94202022_240504a_12~7556_hr4_456.tif | pred_pos=0 | gt_pos=21778 | diff=21778 (0.332) | lcc=0.332 | flagged=0
[15:09:17] DEBUG - 94202022_240504a_12~7556_hr4_4643.tif | pred_pos=0 | gt_pos=3303 | diff=3303 (0.050) | lcc=0.049 | flagged=0
[15:09:17] DEBUG - 94202022_240504a_12~7556_hr4_4652.tif | pred_pos=0 | gt_pos=65536 | diff=65536 (1.000) | lcc=1.000 | flagged=1
[15:09:17] DEBUG - 94202022_240504a_12~7556_hr4_4655.tif | pred_pos=0 | gt_pos=65536 | diff=65536 (1.000) | lcc=1.000 | flagged=1
[15:09:17] DEBUG - 94202022_240504a_12~7556_hr4_4669.tif | pred_pos=0 | gt_pos=8662 | diff=8662 (0.132) | lcc=0.132 | flagged=0
[15:09:17] DEBUG - 94202022_240504a_12~7556_hr4_471.tif | pred_pos=0 | gt_pos=2828 | diff=2828 (0.043) | lcc=0.043 | flagged=0
[15:09:17] DEBUG - 94202022_240504a_12~7556_hr4_4723.tif | pred_pos=0 | gt_pos=29179 | diff=29179 (0.445) | lcc=0.445 | flagged=0
[15:09:17] DEBUG - 94202022_240504a_12~7556_hr4_478.tif | pred_pos=0 | gt_pos=64648 | diff=64648 (0.986) | lcc=0.986 | flagged=1
[15:09:17] DEBUG - 94202022_240504a_12~7556_hr4_4791.tif | pred_pos=0 | gt_pos=3138 | diff=3138 (0.048) | lcc=0.048 | flagged=0
[15:09:17] DEBUG - 94202022_240504a_12~7556_hr4_4808.tif | pred_pos=0 | gt_pos=44253 | diff=44253 (0.675) | lcc=0.675 | flagged=1
[15:09:17] DEBUG - 94202022_240504a_12~7556_hr4_4809.tif | pred_pos=0 | gt_pos=39129 | diff=39129 (0.597) | lcc=0.597 | flagged=1
[15:09:17] DEBUG - 94202022_240504a_12~7556_hr4_4850.tif | pred_pos=0 | gt_pos=45666 | diff=45666 (0.697) | lcc=0.697 | flagged=1
[15:09:17] DEBUG - 94202022_240504a_12~7556_hr4_4862.tif | pred_pos=0 | gt_pos=27516 | diff=27516 (0.420) | lcc=0.395 | flagged=0
[15:09:17] DEBUG - 94202022_240504a_12~7556_hr4_4870.tif | pred_pos=0 | gt_pos=2777 | diff=2777 (0.042) | lcc=0.042 | flagged=0
[15:09:17] DEBUG - 94202022_240504a_12~7556_hr4_4902.tif | pred_pos=0 | gt_pos=15280 | diff=15280 (0.233) | lcc=0.233 | flagged=0
[15:09:17] DEBUG - 94202022_240504a_12~7556_hr4_492.tif | pred_pos=0 | gt_pos=18285 | diff=18285 (0.279) | lcc=0.279 | flagged=0
[15:09:17] DEBUG - 94202022_240504a_12~7556_hr4_4925.tif | pred_pos=0 | gt_pos=2303 | diff=2303 (0.035) | lcc=0.035 | flagged=0
[15:09:17] DEBUG - 94202022_240504a_12~7556_hr4_4937.tif | pred_pos=0 | gt_pos=49227 | diff=49227 (0.751) | lcc=0.751 | flagged=1
[15:09:17] DEBUG - 94202022_240504a_12~7556_hr4_4945.tif | pred_pos=0 | gt_pos=5544 | diff=5544 (0.085) | lcc=0.085 | flagged=0
[15:09:17] DEBUG - 94202022_240504a_12~7556_hr4_4956.tif | pred_pos=0 | gt_pos=11054 | diff=11054 (0.169) | lcc=0.169 | flagged=0
[15:09:17] DEBUG - 94202022_240504a_12~7556_hr4_4960.tif | pred_pos=0 | gt_pos=15538 | diff=15538 (0.237) | lcc=0.237 | flagged=0
[15:09:17] DEBUG - 94202022_240504a_12~7556_hr4_4979.tif | pred_pos=0 | gt_pos=46021 | diff=46021 (0.702) | lcc=0.702 | flagged=1
[15:09:17] DEBUG - 94202022_240504a_12~7556_hr4_5018.tif | pred_pos=0 | gt_pos=4080 | diff=4080 (0.062) | lcc=0.062 | flagged=0
[15:09:17] DEBUG - 94202022_240504a_12~7556_hr4_5084.tif | pred_pos=0 | gt_pos=31486 | diff=31486 (0.480) | lcc=0.480 | flagged=0
[15:09:17] DEBUG - 94202022_240504a_12~7556_hr4_509.tif | pred_pos=0 | gt_pos=26986 | diff=26986 (0.412) | lcc=0.412 | flagged=0
[15:09:17] DEBUG - 94202022_240504a_12~7556_hr4_5094.tif | pred_pos=0 | gt_pos=35777 | diff=35777 (0.546) | lcc=0.546 | flagged=1
[15:09:17] DEBUG - 94202022_240504a_12~7556_hr4_515.tif | pred_pos=0 | gt_pos=4636 | diff=4636 (0.071) | lcc=0.071 | flagged=0
[15:09:17] DEBUG - 94202022_240504a_12~7556_hr4_5157.tif | pred_pos=0 | gt_pos=8207 | diff=8207 (0.125) | lcc=0.125 | flagged=0
[15:09:17] DEBUG - 94202022_240504a_12~7556_hr4_5158.tif | pred_pos=0 | gt_pos=55227 | diff=55227 (0.843) | lcc=0.843 | flagged=1
[15:09:17] DEBUG - 94202022_240504a_12~7556_hr4_5179.tif | pred_pos=0 | gt_pos=14027 | diff=14027 (0.214) | lcc=0.214 | flagged=0
[15:09:17] DEBUG - 94202022_240504a_12~7556_hr4_5181.tif | pred_pos=0 | gt_pos=9525 | diff=9525 (0.145) | lcc=0.145 | flagged=0
[15:09:17] DEBUG - 94202022_240504a_12~7556_hr4_520.tif | pred_pos=0 | gt_pos=937 | diff=937 (0.014) | lcc=0.014 | flagged=0
[15:09:17] DEBUG - 94202022_240504a_12~7556_hr4_5218.tif | pred_pos=0 | gt_pos=25740 | diff=25740 (0.393) | lcc=0.393 | flagged=0
[15:09:17] DEBUG - 94202022_240504a_12~7556_hr4_5233.tif | pred_pos=0 | gt_pos=2314 | diff=2314 (0.035) | lcc=0.019 | flagged=0
[15:09:17] DEBUG - 94202022_240504a_12~7556_hr4_5273.tif | pred_pos=0 | gt_pos=5765 | diff=5765 (0.088) | lcc=0.088 | flagged=0
[15:09:17] DEBUG - 94202022_240504a_12~7556_hr4_5315.tif | pred_pos=0 | gt_pos=20812 | diff=20812 (0.318) | lcc=0.318 | flagged=0
[15:09:17] DEBUG - 94202022_240504a_12~7556_hr4_5331.tif | pred_pos=0 | gt_pos=0 | diff=0 (0.000) | lcc=0.000 | flagged=0
[15:09:17] DEBUG - 94202022_240504a_12~7556_hr4_5369.tif | pred_pos=0 | gt_pos=27939 | diff=27939 (0.426) | lcc=0.426 | flagged=0
[15:09:17] DEBUG - 94202022_240504a_12~7556_hr4_5378.tif | pred_pos=0 | gt_pos=4612 | diff=4612 (0.070) | lcc=0.070 | flagged=0
[15:09:17] DEBUG - 94202022_240504a_12~7556_hr4_5382.tif | pred_pos=0 | gt_pos=24892 | diff=24892 (0.380) | lcc=0.380 | flagged=0
[15:09:17] DEBUG - 94202022_240504a_12~7556_hr4_539.tif | pred_pos=0 | gt_pos=15615 | diff=15615 (0.238) | lcc=0.238 | flagged=0
[15:09:17] DEBUG - 94202022_240504a_12~7556_hr4_5402.tif | pred_pos=0 | gt_pos=65056 | diff=65056 (0.993) | lcc=0.993 | flagged=1
[15:09:17] DEBUG - 94202022_240504a_12~7556_hr4_5403.tif | pred_pos=0 | gt_pos=8726 | diff=8726 (0.133) | lcc=0.133 | flagged=0
[15:09:17] DEBUG - 94202022_240504a_12~7556_hr4_5453.tif | pred_pos=0 | gt_pos=9552 | diff=9552 (0.146) | lcc=0.146 | flagged=0
[15:09:17] DEBUG - 94202022_240504a_12~7556_hr4_5483.tif | pred_pos=0 | gt_pos=302 | diff=302 (0.005) | lcc=0.005 | flagged=0
[15:09:17] DEBUG - 94202022_240504a_12~7556_hr4_549.tif | pred_pos=0 | gt_pos=45343 | diff=45343 (0.692) | lcc=0.686 | flagged=1
[15:09:17] DEBUG - 94202022_240504a_12~7556_hr4_5518.tif | pred_pos=0 | gt_pos=0 | diff=0 (0.000) | lcc=0.000 | flagged=0
[15:09:17] DEBUG - 94202022_240504a_12~7556_hr4_5542.tif | pred_pos=0 | gt_pos=65536 | diff=65536 (1.000) | lcc=1.000 | flagged=1
[15:09:17] DEBUG - 94202022_240504a_12~7556_hr4_5619.tif | pred_pos=0 | gt_pos=7008 | diff=7008 (0.107) | lcc=0.107 | flagged=0
[15:09:17] DEBUG - 94202022_240504a_12~7556_hr4_565.tif | pred_pos=0 | gt_pos=22695 | diff=22695 (0.346) | lcc=0.346 | flagged=0
[15:09:17] DEBUG - 94202022_240504a_12~7556_hr4_567.tif | pred_pos=0 | gt_pos=13205 | diff=13205 (0.201) | lcc=0.201 | flagged=0
[15:09:17] DEBUG - 94202022_240504a_12~7556_hr4_5676.tif | pred_pos=0 | gt_pos=45518 | diff=45518 (0.695) | lcc=0.695 | flagged=1
[15:09:17] DEBUG - 94202022_240504a_12~7556_hr4_5677.tif | pred_pos=0 | gt_pos=43607 | diff=43607 (0.665) | lcc=0.665 | flagged=1
[15:09:20] DEBUG - 94202022_240504a_12~7556_hr4_5742.tif | pred_pos=0 | gt_pos=65536 | diff=65536 (1.000) | lcc=1.000 | flagged=1
[15:09:20] DEBUG - 94202022_240504a_12~7556_hr4_585.tif | pred_pos=0 | gt_pos=4166 | diff=4166 (0.064) | lcc=0.064 | flagged=0
[15:09:20] DEBUG - 94202022_240504a_12~7556_hr4_586.tif | pred_pos=0 | gt_pos=3678 | diff=3678 (0.056) | lcc=0.056 | flagged=0
[15:09:20] DEBUG - 94202022_240504a_12~7556_hr4_592.tif | pred_pos=0 | gt_pos=20187 | diff=20187 (0.308) | lcc=0.308 | flagged=0
[15:09:20] DEBUG - 94202022_240504a_12~7556_hr4_596.tif | pred_pos=0 | gt_pos=65536 | diff=65536 (1.000) | lcc=1.000 | flagged=1
[15:09:20] DEBUG - 94202022_240504a_12~7556_hr4_618.tif | pred_pos=0 | gt_pos=30064 | diff=30064 (0.459) | lcc=0.343 | flagged=0
[15:09:20] DEBUG - 94202022_240504a_12~7556_hr4_624.tif | pred_pos=0 | gt_pos=65536 | diff=65536 (1.000) | lcc=1.000 | flagged=1
[15:09:20] DEBUG - 94202022_240504a_12~7556_hr4_64.tif | pred_pos=0 | gt_pos=20891 | diff=20891 (0.319) | lcc=0.319 | flagged=0
[15:09:20] DEBUG - 94202022_240504a_12~7556_hr4_648.tif | pred_pos=0 | gt_pos=6863 | diff=6863 (0.105) | lcc=0.105 | flagged=0
[15:09:20] DEBUG - 94202022_240504a_12~7556_hr4_681.tif | pred_pos=0 | gt_pos=5738 | diff=5738 (0.088) | lcc=0.088 | flagged=0
[15:09:20] DEBUG - 94202022_240504a_12~7556_hr4_755.tif | pred_pos=0 | gt_pos=61790 | diff=61790 (0.943) | lcc=0.943 | flagged=1
[15:09:20] DEBUG - 94202022_240504a_12~7556_hr4_79.tif | pred_pos=0 | gt_pos=3390 | diff=3390 (0.052) | lcc=0.052 | flagged=0
[15:09:20] DEBUG - 94202022_240504a_12~7556_hr4_792.tif | pred_pos=0 | gt_pos=49233 | diff=49233 (0.751) | lcc=0.751 | flagged=1
[15:09:20] DEBUG - 94202022_240504a_12~7556_hr4_809.tif | pred_pos=0 | gt_pos=47159 | diff=47159 (0.720) | lcc=0.720 | flagged=1
[15:09:20] DEBUG - 94202022_240504a_12~7556_hr4_81.tif | pred_pos=0 | gt_pos=37677 | diff=37677 (0.575) | lcc=0.575 | flagged=1
[15:09:20] DEBUG - 94202022_240504a_12~7556_hr4_829.tif | pred_pos=0 | gt_pos=60856 | diff=60856 (0.929) | lcc=0.929 | flagged=1
[15:09:20] DEBUG - 94202022_240504a_12~7556_hr4_890.tif | pred_pos=0 | gt_pos=3559 | diff=3559 (0.054) | lcc=0.054 | flagged=0
[15:09:20] DEBUG - 94202022_240504a_12~7556_hr4_9.tif | pred_pos=0 | gt_pos=57226 | diff=57226 (0.873) | lcc=0.873 | flagged=1
[15:09:20] DEBUG - 94202022_240504a_12~7556_hr4_906.tif | pred_pos=0 | gt_pos=19353 | diff=19353 (0.295) | lcc=0.295 | flagged=0
[15:09:20] DEBUG - 94202022_240504a_12~7556_hr4_937.tif | pred_pos=0 | gt_pos=4314 | diff=4314 (0.066) | lcc=0.066 | flagged=0
[15:09:20] DEBUG - 94202022_240504a_12~7556_hr4_938.tif | pred_pos=0 | gt_pos=19816 | diff=19816 (0.302) | lcc=0.302 | flagged=0
[15:09:20] DEBUG - 94202022_240504a_12~7556_hr4_94.tif | pred_pos=0 | gt_pos=44194 | diff=44194 (0.674) | lcc=0.674 | flagged=1
[15:09:20] DEBUG - 94202022_240504a_12~7556_hr4_947.tif | pred_pos=0 | gt_pos=10954 | diff=10954 (0.167) | lcc=0.167 | flagged=0
[15:09:20] DEBUG - 94202022_240504a_12~7556_hr4_95.tif | pred_pos=0 | gt_pos=20200 | diff=20200 (0.308) | lcc=0.308 | flagged=0
[15:09:20] DEBUG - 94202022_240504a_12~7556_hr4_975.tif | pred_pos=0 | gt_pos=27630 | diff=27630 (0.422) | lcc=0.422 | flagged=0
[15:09:20] DEBUG - 94202022_240504a_12~7556_hr4_982.tif | pred_pos=0 | gt_pos=65351 | diff=65351 (0.997) | lcc=0.997 | flagged=1
[15:09:20] DEBUG - 94202023_240504a_13~7809_hr4_1013.tif | pred_pos=0 | gt_pos=1071 | diff=1071 (0.016) | lcc=0.016 | flagged=0
[15:09:20] DEBUG - 94202023_240504a_13~7809_hr4_1025.tif | pred_pos=0 | gt_pos=2665 | diff=2665 (0.041) | lcc=0.041 | flagged=0
[15:09:20] DEBUG - 94202023_240504a_13~7809_hr4_1029.tif | pred_pos=0 | gt_pos=3546 | diff=3546 (0.054) | lcc=0.054 | flagged=0
[15:09:20] DEBUG - 94202023_240504a_13~7809_hr4_1061.tif | pred_pos=0 | gt_pos=34613 | diff=34613 (0.528) | lcc=0.528 | flagged=1
[15:09:20] DEBUG - 94202023_240504a_13~7809_hr4_1068.tif | pred_pos=0 | gt_pos=42667 | diff=42667 (0.651) | lcc=0.579 | flagged=1
[15:09:20] DEBUG - 94202023_240504a_13~7809_hr4_1093.tif | pred_pos=0 | gt_pos=10279 | diff=10279 (0.157) | lcc=0.152 | flagged=0
[15:09:20] DEBUG - 94202023_240504a_13~7809_hr4_110.tif | pred_pos=0 | gt_pos=582 | diff=582 (0.009) | lcc=0.009 | flagged=0
[15:09:20] DEBUG - 94202023_240504a_13~7809_hr4_111.tif | pred_pos=0 | gt_pos=2889 | diff=2889 (0.044) | lcc=0.044 | flagged=0
[15:09:20] DEBUG - 94202023_240504a_13~7809_hr4_1169.tif | pred_pos=0 | gt_pos=9011 | diff=9011 (0.137) | lcc=0.137 | flagged=0
[15:09:20] DEBUG - 94202023_240504a_13~7809_hr4_1177.tif | pred_pos=0 | gt_pos=30815 | diff=30815 (0.470) | lcc=0.444 | flagged=0
[15:09:20] DEBUG - 94202023_240504a_13~7809_hr4_1223.tif | pred_pos=0 | gt_pos=8495 | diff=8495 (0.130) | lcc=0.130 | flagged=0
[15:09:20] DEBUG - 94202023_240504a_13~7809_hr4_1253.tif | pred_pos=0 | gt_pos=21458 | diff=21458 (0.327) | lcc=0.327 | flagged=0
[15:09:20] DEBUG - 94202023_240504a_13~7809_hr4_1293.tif | pred_pos=0 | gt_pos=1050 | diff=1050 (0.016) | lcc=0.016 | flagged=0
[15:09:20] DEBUG - 94202023_240504a_13~7809_hr4_1294.tif | pred_pos=0 | gt_pos=26902 | diff=26902 (0.410) | lcc=0.410 | flagged=0
[15:09:20] DEBUG - 94202023_240504a_13~7809_hr4_1403.tif | pred_pos=0 | gt_pos=16980 | diff=16980 (0.259) | lcc=0.259 | flagged=0
[15:09:20] DEBUG - 94202023_240504a_13~7809_hr4_1479.tif | pred_pos=0 | gt_pos=17479 | diff=17479 (0.267) | lcc=0.267 | flagged=0
[15:09:20] DEBUG - 94202023_240504a_13~7809_hr4_149.tif | pred_pos=0 | gt_pos=30376 | diff=30376 (0.464) | lcc=0.464 | flagged=0
[15:09:20] DEBUG - 94202023_240504a_13~7809_hr4_1517.tif | pred_pos=0 | gt_pos=2298 | diff=2298 (0.035) | lcc=0.035 | flagged=0
[15:09:20] DEBUG - 94202023_240504a_13~7809_hr4_1553.tif | pred_pos=0 | gt_pos=6112 | diff=6112 (0.093) | lcc=0.090 | flagged=0
[15:09:20] DEBUG - 94202023_240504a_13~7809_hr4_1576.tif | pred_pos=0 | gt_pos=16257 | diff=16257 (0.248) | lcc=0.248 | flagged=0
[15:09:20] DEBUG - 94202023_240504a_13~7809_hr4_1609.tif | pred_pos=0 | gt_pos=3691 | diff=3691 (0.056) | lcc=0.056 | flagged=0
[15:09:20] DEBUG - 94202023_240504a_13~7809_hr4_1648.tif | pred_pos=0 | gt_pos=31746 | diff=31746 (0.484) | lcc=0.484 | flagged=0
[15:09:20] DEBUG - 94202023_240504a_13~7809_hr4_1672.tif | pred_pos=0 | gt_pos=17801 | diff=17801 (0.272) | lcc=0.252 | flagged=0
[15:09:20] DEBUG - 94202023_240504a_13~7809_hr4_1676.tif | pred_pos=0 | gt_pos=22963 | diff=22963 (0.350) | lcc=0.350 | flagged=0
[15:09:20] DEBUG - 94202023_240504a_13~7809_hr4_1677.tif | pred_pos=0 | gt_pos=30979 | diff=30979 (0.473) | lcc=0.473 | flagged=0
[15:09:20] DEBUG - 94202023_240504a_13~7809_hr4_1701.tif | pred_pos=0 | gt_pos=56290 | diff=56290 (0.859) | lcc=0.859 | flagged=1
[15:09:20] DEBUG - 94202023_240504a_13~7809_hr4_1721.tif | pred_pos=0 | gt_pos=37599 | diff=37599 (0.574) | lcc=0.574 | flagged=1
[15:09:20] DEBUG - 94202023_240504a_13~7809_hr4_1749.tif | pred_pos=0 | gt_pos=17181 | diff=17181 (0.262) | lcc=0.262 | flagged=0
[15:09:20] DEBUG - 94202023_240504a_13~7809_hr4_1763.tif | pred_pos=0 | gt_pos=29759 | diff=29759 (0.454) | lcc=0.454 | flagged=0
[15:09:20] DEBUG - 94202023_240504a_13~7809_hr4_1765.tif | pred_pos=0 | gt_pos=65536 | diff=65536 (1.000) | lcc=1.000 | flagged=1
[15:09:20] DEBUG - 94202023_240504a_13~7809_hr4_1805.tif | pred_pos=0 | gt_pos=65536 | diff=65536 (1.000) | lcc=1.000 | flagged=1
[15:09:20] DEBUG - 94202023_240504a_13~7809_hr4_1817.tif | pred_pos=0 | gt_pos=24630 | diff=24630 (0.376) | lcc=0.376 | flagged=0
[15:09:20] DEBUG - 94202023_240504a_13~7809_hr4_1830.tif | pred_pos=0 | gt_pos=870 | diff=870 (0.013) | lcc=0.013 | flagged=0
[15:09:20] DEBUG - 94202023_240504a_13~7809_hr4_1839.tif | pred_pos=0 | gt_pos=12466 | diff=12466 (0.190) | lcc=0.149 | flagged=0
[15:09:20] DEBUG - 94202023_240504a_13~7809_hr4_1858.tif | pred_pos=0 | gt_pos=9637 | diff=9637 (0.147) | lcc=0.147 | flagged=0
[15:09:20] DEBUG - 94202023_240504a_13~7809_hr4_1880.tif | pred_pos=0 | gt_pos=45421 | diff=45421 (0.693) | lcc=0.693 | flagged=1
[15:09:20] DEBUG - 94202023_240504a_13~7809_hr4_1908.tif | pred_pos=0 | gt_pos=62147 | diff=62147 (0.948) | lcc=0.948 | flagged=1
[15:09:20] DEBUG - 94202023_240504a_13~7809_hr4_1931.tif | pred_pos=0 | gt_pos=64610 | diff=64610 (0.986) | lcc=0.986 | flagged=1
[15:09:21] DEBUG - 94202023_240504a_13~7809_hr4_1932.tif | pred_pos=0 | gt_pos=18498 | diff=18498 (0.282) | lcc=0.282 | flagged=0
[15:09:21] DEBUG - 94202023_240504a_13~7809_hr4_1958.tif | pred_pos=0 | gt_pos=16881 | diff=16881 (0.258) | lcc=0.258 | flagged=0
[15:09:21] DEBUG - 94202023_240504a_13~7809_hr4_1994.tif | pred_pos=0 | gt_pos=7366 | diff=7366 (0.112) | lcc=0.112 | flagged=0
[15:09:21] DEBUG - 94202023_240504a_13~7809_hr4_1995.tif | pred_pos=0 | gt_pos=34733 | diff=34733 (0.530) | lcc=0.530 | flagged=1
[15:09:21] DEBUG - 94202023_240504a_13~7809_hr4_2001.tif | pred_pos=0 | gt_pos=355 | diff=355 (0.005) | lcc=0.005 | flagged=0
[15:09:21] DEBUG - 94202023_240504a_13~7809_hr4_2010.tif | pred_pos=0 | gt_pos=51 | diff=51 (0.001) | lcc=0.001 | flagged=0
[15:09:21] DEBUG - 94202023_240504a_13~7809_hr4_2012.tif | pred_pos=0 | gt_pos=57919 | diff=57919 (0.884) | lcc=0.884 | flagged=1
[15:09:21] DEBUG - 94202023_240504a_13~7809_hr4_2032.tif | pred_pos=0 | gt_pos=31399 | diff=31399 (0.479) | lcc=0.479 | flagged=0
[15:09:21] DEBUG - 94202023_240504a_13~7809_hr4_2039.tif | pred_pos=0 | gt_pos=47765 | diff=47765 (0.729) | lcc=0.729 | flagged=1
[15:09:21] DEBUG - 94202023_240504a_13~7809_hr4_2072.tif | pred_pos=0 | gt_pos=31633 | diff=31633 (0.483) | lcc=0.360 | flagged=0
[15:09:21] DEBUG - 94202023_240504a_13~7809_hr4_2086.tif | pred_pos=0 | gt_pos=10601 | diff=10601 (0.162) | lcc=0.162 | flagged=0
[15:09:21] DEBUG - 94202023_240504a_13~7809_hr4_2171.tif | pred_pos=0 | gt_pos=115 | diff=115 (0.002) | lcc=0.002 | flagged=0
[15:09:21] DEBUG - 94202023_240504a_13~7809_hr4_2175.tif | pred_pos=0 | gt_pos=1722 | diff=1722 (0.026) | lcc=0.026 | flagged=0
[15:09:21] DEBUG - 94202023_240504a_13~7809_hr4_2182.tif | pred_pos=0 | gt_pos=4444 | diff=4444 (0.068) | lcc=0.068 | flagged=0
[15:09:21] DEBUG - 94202023_240504a_13~7809_hr4_2227.tif | pred_pos=0 | gt_pos=21146 | diff=21146 (0.323) | lcc=0.226 | flagged=0
[15:09:21] DEBUG - 94202023_240504a_13~7809_hr4_225.tif | pred_pos=0 | gt_pos=0 | diff=0 (0.000) | lcc=0.000 | flagged=0
[15:09:21] DEBUG - 94202023_240504a_13~7809_hr4_2277.tif | pred_pos=0 | gt_pos=6453 | diff=6453 (0.098) | lcc=0.098 | flagged=0
[15:09:21] DEBUG - 94202023_240504a_13~7809_hr4_2300.tif | pred_pos=0 | gt_pos=65536 | diff=65536 (1.000) | lcc=1.000 | flagged=1
[15:09:21] DEBUG - 94202023_240504a_13~7809_hr4_2307.tif | pred_pos=0 | gt_pos=22192 | diff=22192 (0.339) | lcc=0.333 | flagged=0
[15:09:21] DEBUG - 94202023_240504a_13~7809_hr4_2314.tif | pred_pos=0 | gt_pos=22535 | diff=22535 (0.344) | lcc=0.344 | flagged=0
[15:09:21] DEBUG - 94202023_240504a_13~7809_hr4_2315.tif | pred_pos=0 | gt_pos=13427 | diff=13427 (0.205) | lcc=0.205 | flagged=0
[15:09:21] DEBUG - 94202023_240504a_13~7809_hr4_2365.tif | pred_pos=0 | gt_pos=16399 | diff=16399 (0.250) | lcc=0.234 | flagged=0
[15:09:21] DEBUG - 94202023_240504a_13~7809_hr4_2412.tif | pred_pos=0 | gt_pos=31007 | diff=31007 (0.473) | lcc=0.262 | flagged=0
[15:09:21] DEBUG - 94202023_240504a_13~7809_hr4_2420.tif | pred_pos=0 | gt_pos=36 | diff=36 (0.001) | lcc=0.001 | flagged=0
[15:09:21] DEBUG - 94202023_240504a_13~7809_hr4_2426.tif | pred_pos=0 | gt_pos=64666 | diff=64666 (0.987) | lcc=0.987 | flagged=1
[15:09:21] DEBUG - 94202023_240504a_13~7809_hr4_2427.tif | pred_pos=0 | gt_pos=26136 | diff=26136 (0.399) | lcc=0.321 | flagged=0
[15:09:21] DEBUG - 94202023_240504a_13~7809_hr4_2455.tif | pred_pos=0 | gt_pos=65536 | diff=65536 (1.000) | lcc=1.000 | flagged=1
[15:09:21] DEBUG - 94202023_240504a_13~7809_hr4_246.tif | pred_pos=0 | gt_pos=2510 | diff=2510 (0.038) | lcc=0.038 | flagged=0
[15:09:21] DEBUG - 94202023_240504a_13~7809_hr4_2489.tif | pred_pos=0 | gt_pos=4248 | diff=4248 (0.065) | lcc=0.065 | flagged=0
[15:09:21] DEBUG - 94202023_240504a_13~7809_hr4_2509.tif | pred_pos=0 | gt_pos=21217 | diff=21217 (0.324) | lcc=0.324 | flagged=0
[15:09:21] DEBUG - 94202023_240504a_13~7809_hr4_2516.tif | pred_pos=0 | gt_pos=15038 | diff=15038 (0.229) | lcc=0.190 | flagged=0
[15:09:21] DEBUG - 94202023_240504a_13~7809_hr4_2527.tif | pred_pos=0 | gt_pos=64561 | diff=64561 (0.985) | lcc=0.985 | flagged=1
[15:09:21] DEBUG - 94202023_240504a_13~7809_hr4_2528.tif | pred_pos=0 | gt_pos=50614 | diff=50614 (0.772) | lcc=0.580 | flagged=1
[15:09:21] DEBUG - 94202023_240504a_13~7809_hr4_2530.tif | pred_pos=0 | gt_pos=65536 | diff=65536 (1.000) | lcc=1.000 | flagged=1
[15:09:21] DEBUG - 94202023_240504a_13~7809_hr4_2534.tif | pred_pos=0 | gt_pos=56197 | diff=56197 (0.857) | lcc=0.857 | flagged=1
[15:09:21] DEBUG - 94202023_240504a_13~7809_hr4_2556.tif | pred_pos=0 | gt_pos=111 | diff=111 (0.002) | lcc=0.002 | flagged=0
[15:09:21] DEBUG - 94202023_240504a_13~7809_hr4_2590.tif | pred_pos=0 | gt_pos=36418 | diff=36418 (0.556) | lcc=0.556 | flagged=1
[15:09:21] DEBUG - 94202023_240504a_13~7809_hr4_2642.tif | pred_pos=0 | gt_pos=38513 | diff=38513 (0.588) | lcc=0.377 | flagged=0
[15:09:21] DEBUG - 94202023_240504a_13~7809_hr4_2686.tif | pred_pos=0 | gt_pos=8037 | diff=8037 (0.123) | lcc=0.123 | flagged=0
[15:09:21] DEBUG - 94202023_240504a_13~7809_hr4_2687.tif | pred_pos=0 | gt_pos=2060 | diff=2060 (0.031) | lcc=0.031 | flagged=0
[15:09:21] DEBUG - 94202023_240504a_13~7809_hr4_2690.tif | pred_pos=0 | gt_pos=14807 | diff=14807 (0.226) | lcc=0.226 | flagged=0
[15:09:21] DEBUG - 94202023_240504a_13~7809_hr4_271.tif | pred_pos=0 | gt_pos=14715 | diff=14715 (0.225) | lcc=0.225 | flagged=0
[15:09:21] DEBUG - 94202023_240504a_13~7809_hr4_2711.tif | pred_pos=0 | gt_pos=1546 | diff=1546 (0.024) | lcc=0.024 | flagged=0
[15:09:21] DEBUG - 94202023_240504a_13~7809_hr4_2736.tif | pred_pos=0 | gt_pos=12190 | diff=12190 (0.186) | lcc=0.186 | flagged=0
[15:09:21] DEBUG - 94202023_240504a_13~7809_hr4_2739.tif | pred_pos=0 | gt_pos=6955 | diff=6955 (0.106) | lcc=0.106 | flagged=0
[15:09:21] DEBUG - 94202023_240504a_13~7809_hr4_2761.tif | pred_pos=0 | gt_pos=15367 | diff=15367 (0.234) | lcc=0.234 | flagged=0
[15:09:21] DEBUG - 94202023_240504a_13~7809_hr4_2775.tif | pred_pos=0 | gt_pos=39514 | diff=39514 (0.603) | lcc=0.603 | flagged=1
[15:09:21] DEBUG - 94202023_240504a_13~7809_hr4_278.tif | pred_pos=0 | gt_pos=271 | diff=271 (0.004) | lcc=0.004 | flagged=0
[15:09:21] DEBUG - 94202023_240504a_13~7809_hr4_2828.tif | pred_pos=0 | gt_pos=40398 | diff=40398 (0.616) | lcc=0.616 | flagged=1
[15:09:21] DEBUG - 94202023_240504a_13~7809_hr4_2849.tif | pred_pos=0 | gt_pos=65536 | diff=65536 (1.000) | lcc=1.000 | flagged=1
[15:09:21] DEBUG - 94202023_240504a_13~7809_hr4_2876.tif | pred_pos=0 | gt_pos=62913 | diff=62913 (0.960) | lcc=0.960 | flagged=1
[15:09:21] DEBUG - 94202023_240504a_13~7809_hr4_2893.tif | pred_pos=0 | gt_pos=16183 | diff=16183 (0.247) | lcc=0.247 | flagged=0
[15:09:21] DEBUG - 94202023_240504a_13~7809_hr4_2914.tif | pred_pos=0 | gt_pos=31578 | diff=31578 (0.482) | lcc=0.482 | flagged=0
[15:09:21] DEBUG - 94202023_240504a_13~7809_hr4_2915.tif | pred_pos=0 | gt_pos=13491 | diff=13491 (0.206) | lcc=0.206 | flagged=0
[15:09:21] DEBUG - 94202023_240504a_13~7809_hr4_2918.tif | pred_pos=0 | gt_pos=172 | diff=172 (0.003) | lcc=0.003 | flagged=0
[15:09:21] DEBUG - 94202023_240504a_13~7809_hr4_2954.tif | pred_pos=0 | gt_pos=17848 | diff=17848 (0.272) | lcc=0.272 | flagged=0
[15:09:21] DEBUG - 94202023_240504a_13~7809_hr4_2960.tif | pred_pos=0 | gt_pos=5969 | diff=5969 (0.091) | lcc=0.091 | flagged=0
[15:09:21] DEBUG - 94202023_240504a_13~7809_hr4_2972.tif | pred_pos=0 | gt_pos=38080 | diff=38080 (0.581) | lcc=0.581 | flagged=1
[15:09:21] DEBUG - 94202023_240504a_13~7809_hr4_2980.tif | pred_pos=0 | gt_pos=51403 | diff=51403 (0.784) | lcc=0.784 | flagged=1
[15:09:21] DEBUG - 94202023_240504a_13~7809_hr4_2994.tif | pred_pos=0 | gt_pos=62788 | diff=62788 (0.958) | lcc=0.958 | flagged=1
[15:09:21] DEBUG - 94202023_240504a_13~7809_hr4_3000.tif | pred_pos=0 | gt_pos=43106 | diff=43106 (0.658) | lcc=0.658 | flagged=1
[15:09:21] DEBUG - 94202023_240504a_13~7809_hr4_3021.tif | pred_pos=0 | gt_pos=13761 | diff=13761 (0.210) | lcc=0.210 | flagged=0
[15:09:21] DEBUG - 94202023_240504a_13~7809_hr4_3024.tif | pred_pos=0 | gt_pos=35104 | diff=35104 (0.536) | lcc=0.536 | flagged=1
[15:09:21] DEBUG - 94202023_240504a_13~7809_hr4_3094.tif | pred_pos=0 | gt_pos=2199 | diff=2199 (0.034) | lcc=0.034 | flagged=0
[15:09:24] DEBUG - 94202023_240504a_13~7809_hr4_3135.tif | pred_pos=0 | gt_pos=0 | diff=0 (0.000) | lcc=0.000 | flagged=0
[15:09:24] DEBUG - 94202023_240504a_13~7809_hr4_3160.tif | pred_pos=0 | gt_pos=56630 | diff=56630 (0.864) | lcc=0.864 | flagged=1
[15:09:24] DEBUG - 94202023_240504a_13~7809_hr4_3191.tif | pred_pos=0 | gt_pos=22211 | diff=22211 (0.339) | lcc=0.339 | flagged=0
[15:09:24] DEBUG - 94202023_240504a_13~7809_hr4_320.tif | pred_pos=0 | gt_pos=10025 | diff=10025 (0.153) | lcc=0.153 | flagged=0
[15:09:24] DEBUG - 94202023_240504a_13~7809_hr4_3205.tif | pred_pos=0 | gt_pos=7995 | diff=7995 (0.122) | lcc=0.122 | flagged=0
[15:09:24] DEBUG - 94202023_240504a_13~7809_hr4_3214.tif | pred_pos=0 | gt_pos=3568 | diff=3568 (0.054) | lcc=0.054 | flagged=0
[15:09:24] DEBUG - 94202023_240504a_13~7809_hr4_3232.tif | pred_pos=0 | gt_pos=27954 | diff=27954 (0.427) | lcc=0.427 | flagged=0
[15:09:24] DEBUG - 94202023_240504a_13~7809_hr4_3262.tif | pred_pos=0 | gt_pos=65536 | diff=65536 (1.000) | lcc=1.000 | flagged=1
[15:09:24] DEBUG - 94202023_240504a_13~7809_hr4_3263.tif | pred_pos=0 | gt_pos=63475 | diff=63475 (0.969) | lcc=0.969 | flagged=1
[15:09:24] DEBUG - 94202023_240504a_13~7809_hr4_3276.tif | pred_pos=0 | gt_pos=56161 | diff=56161 (0.857) | lcc=0.857 | flagged=1
[15:09:24] DEBUG - 94202023_240504a_13~7809_hr4_3279.tif | pred_pos=0 | gt_pos=129 | diff=129 (0.002) | lcc=0.002 | flagged=0
[15:09:24] DEBUG - 94202023_240504a_13~7809_hr4_3305.tif | pred_pos=0 | gt_pos=46016 | diff=46016 (0.702) | lcc=0.702 | flagged=1
[15:09:24] DEBUG - 94202023_240504a_13~7809_hr4_3336.tif | pred_pos=0 | gt_pos=42346 | diff=42346 (0.646) | lcc=0.646 | flagged=1
[15:09:24] DEBUG - 94202023_240504a_13~7809_hr4_3370.tif | pred_pos=0 | gt_pos=3377 | diff=3377 (0.052) | lcc=0.052 | flagged=0
[15:09:24] DEBUG - 94202023_240504a_13~7809_hr4_3394.tif | pred_pos=0 | gt_pos=1 | diff=1 (0.000) | lcc=0.000 | flagged=0
[15:09:24] DEBUG - 94202023_240504a_13~7809_hr4_3395.tif | pred_pos=0 | gt_pos=18116 | diff=18116 (0.276) | lcc=0.276 | flagged=0
[15:09:24] DEBUG - 94202023_240504a_13~7809_hr4_3403.tif | pred_pos=0 | gt_pos=15294 | diff=15294 (0.233) | lcc=0.233 | flagged=0
[15:09:24] DEBUG - 94202023_240504a_13~7809_hr4_3431.tif | pred_pos=0 | gt_pos=21527 | diff=21527 (0.328) | lcc=0.328 | flagged=0
[15:09:24] DEBUG - 94202023_240504a_13~7809_hr4_3464.tif | pred_pos=0 | gt_pos=481 | diff=481 (0.007) | lcc=0.007 | flagged=0
[15:09:24] DEBUG - 94202023_240504a_13~7809_hr4_3467.tif | pred_pos=0 | gt_pos=7646 | diff=7646 (0.117) | lcc=0.117 | flagged=0
[15:09:24] DEBUG - 94202023_240504a_13~7809_hr4_3472.tif | pred_pos=0 | gt_pos=22291 | diff=22291 (0.340) | lcc=0.340 | flagged=0
[15:09:24] DEBUG - 94202023_240504a_13~7809_hr4_3476.tif | pred_pos=0 | gt_pos=57802 | diff=57802 (0.882) | lcc=0.882 | flagged=1
[15:09:24] DEBUG - 94202023_240504a_13~7809_hr4_3482.tif | pred_pos=0 | gt_pos=46016 | diff=46016 (0.702) | lcc=0.702 | flagged=1
[15:09:24] DEBUG - 94202023_240504a_13~7809_hr4_3487.tif | pred_pos=0 | gt_pos=5732 | diff=5732 (0.087) | lcc=0.087 | flagged=0
[15:09:24] DEBUG - 94202023_240504a_13~7809_hr4_3508.tif | pred_pos=0 | gt_pos=65536 | diff=65536 (1.000) | lcc=1.000 | flagged=1
[15:09:24] DEBUG - 94202023_240504a_13~7809_hr4_3527.tif | pred_pos=0 | gt_pos=1675 | diff=1675 (0.026) | lcc=0.026 | flagged=0
[15:09:24] DEBUG - 94202023_240504a_13~7809_hr4_3544.tif | pred_pos=0 | gt_pos=5473 | diff=5473 (0.084) | lcc=0.084 | flagged=0
[15:09:24] DEBUG - 94202023_240504a_13~7809_hr4_3571.tif | pred_pos=0 | gt_pos=0 | diff=0 (0.000) | lcc=0.000 | flagged=0
[15:09:24] DEBUG - 94202023_240504a_13~7809_hr4_3573.tif | pred_pos=0 | gt_pos=13831 | diff=13831 (0.211) | lcc=0.211 | flagged=0
[15:09:24] DEBUG - 94202023_240504a_13~7809_hr4_3584.tif | pred_pos=0 | gt_pos=62764 | diff=62764 (0.958) | lcc=0.847 | flagged=1
[15:09:24] DEBUG - 94202023_240504a_13~7809_hr4_3613.tif | pred_pos=0 | gt_pos=14505 | diff=14505 (0.221) | lcc=0.221 | flagged=0
[15:09:24] DEBUG - 94202023_240504a_13~7809_hr4_3619.tif | pred_pos=0 | gt_pos=21471 | diff=21471 (0.328) | lcc=0.186 | flagged=0
[15:09:24] DEBUG - 94202023_240504a_13~7809_hr4_3638.tif | pred_pos=0 | gt_pos=65536 | diff=65536 (1.000) | lcc=1.000 | flagged=1
[15:09:24] DEBUG - 94202023_240504a_13~7809_hr4_3639.tif | pred_pos=0 | gt_pos=59149 | diff=59149 (0.903) | lcc=0.903 | flagged=1
[15:09:24] DEBUG - 94202023_240504a_13~7809_hr4_3684.tif | pred_pos=0 | gt_pos=908 | diff=908 (0.014) | lcc=0.014 | flagged=0
[15:09:24] DEBUG - 94202023_240504a_13~7809_hr4_3716.tif | pred_pos=0 | gt_pos=11790 | diff=11790 (0.180) | lcc=0.180 | flagged=0
[15:09:24] DEBUG - 94202023_240504a_13~7809_hr4_3721.tif | pred_pos=0 | gt_pos=31232 | diff=31232 (0.477) | lcc=0.477 | flagged=0
[15:09:24] DEBUG - 94202023_240504a_13~7809_hr4_3729.tif | pred_pos=0 | gt_pos=17077 | diff=17077 (0.261) | lcc=0.261 | flagged=0
[15:09:24] DEBUG - 94202023_240504a_13~7809_hr4_3741.tif | pred_pos=0 | gt_pos=56584 | diff=56584 (0.863) | lcc=0.863 | flagged=1
[15:09:24] DEBUG - 94202023_240504a_13~7809_hr4_3758.tif | pred_pos=0 | gt_pos=14705 | diff=14705 (0.224) | lcc=0.224 | flagged=0
[15:09:24] DEBUG - 94202023_240504a_13~7809_hr4_3763.tif | pred_pos=0 | gt_pos=16410 | diff=16410 (0.250) | lcc=0.250 | flagged=0
[15:09:24] DEBUG - 94202023_240504a_13~7809_hr4_3764.tif | pred_pos=0 | gt_pos=14642 | diff=14642 (0.223) | lcc=0.223 | flagged=0
[15:09:24] DEBUG - 94202023_240504a_13~7809_hr4_3784.tif | pred_pos=0 | gt_pos=3190 | diff=3190 (0.049) | lcc=0.049 | flagged=0
[15:09:24] DEBUG - 94202023_240504a_13~7809_hr4_3791.tif | pred_pos=0 | gt_pos=6899 | diff=6899 (0.105) | lcc=0.105 | flagged=0
[15:09:24] DEBUG - 94202023_240504a_13~7809_hr4_3795.tif | pred_pos=0 | gt_pos=536 | diff=536 (0.008) | lcc=0.008 | flagged=0
[15:09:24] DEBUG - 94202023_240504a_13~7809_hr4_38.tif | pred_pos=0 | gt_pos=19933 | diff=19933 (0.304) | lcc=0.304 | flagged=0
[15:09:24] DEBUG - 94202023_240504a_13~7809_hr4_3800.tif | pred_pos=0 | gt_pos=19541 | diff=19541 (0.298) | lcc=0.298 | flagged=0
[15:09:24] DEBUG - 94202023_240504a_13~7809_hr4_3804.tif | pred_pos=0 | gt_pos=8159 | diff=8159 (0.124) | lcc=0.124 | flagged=0
[15:09:24] DEBUG - 94202023_240504a_13~7809_hr4_3820.tif | pred_pos=0 | gt_pos=61499 | diff=61499 (0.938) | lcc=0.938 | flagged=1
[15:09:24] DEBUG - 94202023_240504a_13~7809_hr4_3821.tif | pred_pos=0 | gt_pos=34357 | diff=34357 (0.524) | lcc=0.524 | flagged=1
[15:09:24] DEBUG - 94202023_240504a_13~7809_hr4_3822.tif | pred_pos=0 | gt_pos=30949 | diff=30949 (0.472) | lcc=0.472 | flagged=0
[15:09:24] DEBUG - 94202023_240504a_13~7809_hr4_3833.tif | pred_pos=0 | gt_pos=55296 | diff=55296 (0.844) | lcc=0.844 | flagged=1
[15:09:24] DEBUG - 94202023_240504a_13~7809_hr4_3839.tif | pred_pos=0 | gt_pos=944 | diff=944 (0.014) | lcc=0.014 | flagged=0
[15:09:24] DEBUG - 94202023_240504a_13~7809_hr4_3847.tif | pred_pos=0 | gt_pos=19971 | diff=19971 (0.305) | lcc=0.305 | flagged=0
[15:09:24] DEBUG - 94202023_240504a_13~7809_hr4_389.tif | pred_pos=0 | gt_pos=0 | diff=0 (0.000) | lcc=0.000 | flagged=0
[15:09:24] DEBUG - 94202023_240504a_13~7809_hr4_3890.tif | pred_pos=0 | gt_pos=59536 | diff=59536 (0.908) | lcc=0.908 | flagged=1
[15:09:24] DEBUG - 94202023_240504a_13~7809_hr4_3903.tif | pred_pos=0 | gt_pos=8183 | diff=8183 (0.125) | lcc=0.125 | flagged=0
[15:09:24] DEBUG - 94202023_240504a_13~7809_hr4_3932.tif | pred_pos=0 | gt_pos=31461 | diff=31461 (0.480) | lcc=0.480 | flagged=0
[15:09:24] DEBUG - 94202023_240504a_13~7809_hr4_3992.tif | pred_pos=0 | gt_pos=45929 | diff=45929 (0.701) | lcc=0.701 | flagged=1
[15:09:24] DEBUG - 94202023_240504a_13~7809_hr4_4027.tif | pred_pos=0 | gt_pos=15692 | diff=15692 (0.239) | lcc=0.239 | flagged=0
[15:09:24] DEBUG - 94202023_240504a_13~7809_hr4_4055.tif | pred_pos=0 | gt_pos=36584 | diff=36584 (0.558) | lcc=0.558 | flagged=1
[15:09:24] DEBUG - 94202023_240504a_13~7809_hr4_4062.tif | pred_pos=0 | gt_pos=11014 | diff=11014 (0.168) | lcc=0.168 | flagged=0
[15:09:24] DEBUG - 94202023_240504a_13~7809_hr4_4068.tif | pred_pos=0 | gt_pos=35638 | diff=35638 (0.544) | lcc=0.544 | flagged=1
[15:09:24] DEBUG - 94202023_240504a_13~7809_hr4_4118.tif | pred_pos=0 | gt_pos=22481 | diff=22481 (0.343) | lcc=0.343 | flagged=0
[15:09:25] DEBUG - 94202023_240504a_13~7809_hr4_4120.tif | pred_pos=0 | gt_pos=3011 | diff=3011 (0.046) | lcc=0.046 | flagged=0
[15:09:25] DEBUG - 94202023_240504a_13~7809_hr4_4128.tif | pred_pos=0 | gt_pos=23836 | diff=23836 (0.364) | lcc=0.259 | flagged=0
[15:09:25] DEBUG - 94202023_240504a_13~7809_hr4_4133.tif | pred_pos=0 | gt_pos=63742 | diff=63742 (0.973) | lcc=0.973 | flagged=1
[15:09:25] DEBUG - 94202023_240504a_13~7809_hr4_4135.tif | pred_pos=0 | gt_pos=814 | diff=814 (0.012) | lcc=0.012 | flagged=0
[15:09:25] DEBUG - 94202023_240504a_13~7809_hr4_4141.tif | pred_pos=0 | gt_pos=2408 | diff=2408 (0.037) | lcc=0.037 | flagged=0
[15:09:25] DEBUG - 94202023_240504a_13~7809_hr4_4154.tif | pred_pos=0 | gt_pos=306 | diff=306 (0.005) | lcc=0.005 | flagged=0
[15:09:25] DEBUG - 94202023_240504a_13~7809_hr4_4179.tif | pred_pos=0 | gt_pos=44393 | diff=44393 (0.677) | lcc=0.677 | flagged=1
[15:09:25] DEBUG - 94202023_240504a_13~7809_hr4_419.tif | pred_pos=0 | gt_pos=4025 | diff=4025 (0.061) | lcc=0.061 | flagged=0
[15:09:25] DEBUG - 94202023_240504a_13~7809_hr4_4195.tif | pred_pos=0 | gt_pos=1501 | diff=1501 (0.023) | lcc=0.023 | flagged=0
[15:09:25] DEBUG - 94202023_240504a_13~7809_hr4_4203.tif | pred_pos=0 | gt_pos=37641 | diff=37641 (0.574) | lcc=0.574 | flagged=1
[15:09:25] DEBUG - 94202023_240504a_13~7809_hr4_4243.tif | pred_pos=0 | gt_pos=28214 | diff=28214 (0.431) | lcc=0.431 | flagged=0
[15:09:25] DEBUG - 94202023_240504a_13~7809_hr4_4252.tif | pred_pos=0 | gt_pos=21999 | diff=21999 (0.336) | lcc=0.336 | flagged=0
[15:09:25] DEBUG - 94202023_240504a_13~7809_hr4_4256.tif | pred_pos=0 | gt_pos=15323 | diff=15323 (0.234) | lcc=0.234 | flagged=0
[15:09:25] DEBUG - 94202023_240504a_13~7809_hr4_4267.tif | pred_pos=0 | gt_pos=37601 | diff=37601 (0.574) | lcc=0.394 | flagged=0
[15:09:25] DEBUG - 94202023_240504a_13~7809_hr4_4268.tif | pred_pos=0 | gt_pos=20929 | diff=20929 (0.319) | lcc=0.309 | flagged=0
[15:09:25] DEBUG - 94202023_240504a_13~7809_hr4_4270.tif | pred_pos=0 | gt_pos=65536 | diff=65536 (1.000) | lcc=1.000 | flagged=1
[15:09:25] DEBUG - 94202023_240504a_13~7809_hr4_4332.tif | pred_pos=0 | gt_pos=65536 | diff=65536 (1.000) | lcc=1.000 | flagged=1
[15:09:25] DEBUG - 94202023_240504a_13~7809_hr4_434.tif | pred_pos=0 | gt_pos=958 | diff=958 (0.015) | lcc=0.015 | flagged=0
[15:09:25] DEBUG - 94202023_240504a_13~7809_hr4_4341.tif | pred_pos=0 | gt_pos=44800 | diff=44800 (0.684) | lcc=0.684 | flagged=1
[15:09:25] DEBUG - 94202023_240504a_13~7809_hr4_4347.tif | pred_pos=0 | gt_pos=65536 | diff=65536 (1.000) | lcc=1.000 | flagged=1
[15:09:25] DEBUG - 94202023_240504a_13~7809_hr4_4352.tif | pred_pos=0 | gt_pos=30031 | diff=30031 (0.458) | lcc=0.458 | flagged=0
[15:09:25] DEBUG - 94202023_240504a_13~7809_hr4_4353.tif | pred_pos=0 | gt_pos=25874 | diff=25874 (0.395) | lcc=0.395 | flagged=0
[15:09:25] DEBUG - 94202023_240504a_13~7809_hr4_4360.tif | pred_pos=0 | gt_pos=3631 | diff=3631 (0.055) | lcc=0.055 | flagged=0
[15:09:25] DEBUG - 94202023_240504a_13~7809_hr4_438.tif | pred_pos=0 | gt_pos=121 | diff=121 (0.002) | lcc=0.002 | flagged=0
[15:09:25] DEBUG - 94202023_240504a_13~7809_hr4_4400.tif | pred_pos=0 | gt_pos=64288 | diff=64288 (0.981) | lcc=0.981 | flagged=1
[15:09:25] DEBUG - 94202023_240504a_13~7809_hr4_4407.tif | pred_pos=0 | gt_pos=59074 | diff=59074 (0.901) | lcc=0.473 | flagged=0
[15:09:25] DEBUG - 94202023_240504a_13~7809_hr4_4411.tif | pred_pos=0 | gt_pos=29983 | diff=29983 (0.458) | lcc=0.352 | flagged=0
[15:09:25] DEBUG - 94202023_240504a_13~7809_hr4_4419.tif | pred_pos=0 | gt_pos=22153 | diff=22153 (0.338) | lcc=0.316 | flagged=0
[15:09:25] DEBUG - 94202023_240504a_13~7809_hr4_4464.tif | pred_pos=0 | gt_pos=30092 | diff=30092 (0.459) | lcc=0.231 | flagged=0
[15:09:25] DEBUG - 94202023_240504a_13~7809_hr4_4466.tif | pred_pos=0 | gt_pos=15999 | diff=15999 (0.244) | lcc=0.244 | flagged=0
[15:09:25] DEBUG - 94202023_240504a_13~7809_hr4_4471.tif | pred_pos=0 | gt_pos=9799 | diff=9799 (0.150) | lcc=0.150 | flagged=0
[15:09:25] DEBUG - 94202023_240504a_13~7809_hr4_4477.tif | pred_pos=0 | gt_pos=54751 | diff=54751 (0.835) | lcc=0.835 | flagged=1
[15:09:25] DEBUG - 94202023_240504a_13~7809_hr4_4481.tif | pred_pos=0 | gt_pos=60369 | diff=60369 (0.921) | lcc=0.511 | flagged=1
[15:09:25] DEBUG - 94202023_240504a_13~7809_hr4_4483.tif | pred_pos=0 | gt_pos=65536 | diff=65536 (1.000) | lcc=1.000 | flagged=1
[15:09:25] DEBUG - 94202023_240504a_13~7809_hr4_4497.tif | pred_pos=0 | gt_pos=65536 | diff=65536 (1.000) | lcc=1.000 | flagged=1
[15:09:25] DEBUG - 94202023_240504a_13~7809_hr4_4502.tif | pred_pos=0 | gt_pos=48795 | diff=48795 (0.745) | lcc=0.745 | flagged=1
[15:09:25] DEBUG - 94202023_240504a_13~7809_hr4_4516.tif | pred_pos=0 | gt_pos=7168 | diff=7168 (0.109) | lcc=0.109 | flagged=0
[15:09:25] DEBUG - 94202023_240504a_13~7809_hr4_4524.tif | pred_pos=0 | gt_pos=20408 | diff=20408 (0.311) | lcc=0.311 | flagged=0
[15:09:25] DEBUG - 94202023_240504a_13~7809_hr4_4536.tif | pred_pos=0 | gt_pos=56142 | diff=56142 (0.857) | lcc=0.857 | flagged=1
[15:09:25] DEBUG - 94202023_240504a_13~7809_hr4_4550.tif | pred_pos=0 | gt_pos=26847 | diff=26847 (0.410) | lcc=0.410 | flagged=0
[15:09:25] DEBUG - 94202023_240504a_13~7809_hr4_4554.tif | pred_pos=0 | gt_pos=65536 | diff=65536 (1.000) | lcc=1.000 | flagged=1
[15:09:25] DEBUG - 94202023_240504a_13~7809_hr4_4562.tif | pred_pos=0 | gt_pos=34791 | diff=34791 (0.531) | lcc=0.531 | flagged=1
[15:09:25] DEBUG - 94202023_240504a_13~7809_hr4_4565.tif | pred_pos=0 | gt_pos=44340 | diff=44340 (0.677) | lcc=0.677 | flagged=1
[15:09:25] DEBUG - 94202023_240504a_13~7809_hr4_4575.tif | pred_pos=0 | gt_pos=1516 | diff=1516 (0.023) | lcc=0.023 | flagged=0
[15:09:25] DEBUG - 94202023_240504a_13~7809_hr4_4599.tif | pred_pos=0 | gt_pos=65536 | diff=65536 (1.000) | lcc=1.000 | flagged=1
[15:09:25] DEBUG - 94202023_240504a_13~7809_hr4_4628.tif | pred_pos=0 | gt_pos=37169 | diff=37169 (0.567) | lcc=0.567 | flagged=1
[15:09:25] DEBUG - 94202023_240504a_13~7809_hr4_4657.tif | pred_pos=0 | gt_pos=17490 | diff=17490 (0.267) | lcc=0.223 | flagged=0
[15:09:25] DEBUG - 94202023_240504a_13~7809_hr4_4671.tif | pred_pos=0 | gt_pos=14521 | diff=14521 (0.222) | lcc=0.222 | flagged=0
[15:09:25] DEBUG - 94202023_240504a_13~7809_hr4_4684.tif | pred_pos=0 | gt_pos=43638 | diff=43638 (0.666) | lcc=0.407 | flagged=0
[15:09:25] DEBUG - 94202023_240504a_13~7809_hr4_4710.tif | pred_pos=0 | gt_pos=35677 | diff=35677 (0.544) | lcc=0.544 | flagged=1
[15:09:25] DEBUG - 94202023_240504a_13~7809_hr4_4758.tif | pred_pos=0 | gt_pos=54438 | diff=54438 (0.831) | lcc=0.831 | flagged=1
[15:09:25] DEBUG - 94202023_240504a_13~7809_hr4_4768.tif | pred_pos=0 | gt_pos=65536 | diff=65536 (1.000) | lcc=1.000 | flagged=1
[15:09:25] DEBUG - 94202023_240504a_13~7809_hr4_4780.tif | pred_pos=0 | gt_pos=2366 | diff=2366 (0.036) | lcc=0.036 | flagged=0
[15:09:25] DEBUG - 94202023_240504a_13~7809_hr4_4781.tif | pred_pos=0 | gt_pos=2416 | diff=2416 (0.037) | lcc=0.037 | flagged=0
[15:09:25] DEBUG - 94202023_240504a_13~7809_hr4_4796.tif | pred_pos=0 | gt_pos=21313 | diff=21313 (0.325) | lcc=0.325 | flagged=0
[15:09:25] DEBUG - 94202023_240504a_13~7809_hr4_4797.tif | pred_pos=0 | gt_pos=29668 | diff=29668 (0.453) | lcc=0.453 | flagged=0
[15:09:25] DEBUG - 94202023_240504a_13~7809_hr4_4808.tif | pred_pos=0 | gt_pos=12368 | diff=12368 (0.189) | lcc=0.189 | flagged=0
[15:09:25] DEBUG - 94202023_240504a_13~7809_hr4_4816.tif | pred_pos=0 | gt_pos=32382 | diff=32382 (0.494) | lcc=0.466 | flagged=0
[15:09:25] DEBUG - 94202023_240504a_13~7809_hr4_4840.tif | pred_pos=0 | gt_pos=22295 | diff=22295 (0.340) | lcc=0.340 | flagged=0
[15:09:25] DEBUG - 94202023_240504a_13~7809_hr4_4844.tif | pred_pos=0 | gt_pos=48764 | diff=48764 (0.744) | lcc=0.744 | flagged=1
[15:09:25] DEBUG - 94202023_240504a_13~7809_hr4_4854.tif | pred_pos=0 | gt_pos=7278 | diff=7278 (0.111) | lcc=0.111 | flagged=0
[15:09:25] DEBUG - 94202023_240504a_13~7809_hr4_4858.tif | pred_pos=0 | gt_pos=7010 | diff=7010 (0.107) | lcc=0.107 | flagged=0
[15:09:25] DEBUG - 94202023_240504a_13~7809_hr4_4863.tif | pred_pos=0 | gt_pos=42249 | diff=42249 (0.645) | lcc=0.645 | flagged=1
[15:09:25] DEBUG - 94202023_240504a_13~7809_hr4_4878.tif | pred_pos=0 | gt_pos=7221 | diff=7221 (0.110) | lcc=0.110 | flagged=0
[15:09:28] DEBUG - 94202023_240504a_13~7809_hr4_488.tif | pred_pos=0 | gt_pos=49302 | diff=49302 (0.752) | lcc=0.752 | flagged=1
[15:09:28] DEBUG - 94202023_240504a_13~7809_hr4_4903.tif | pred_pos=0 | gt_pos=34016 | diff=34016 (0.519) | lcc=0.519 | flagged=1
[15:09:28] DEBUG - 94202023_240504a_13~7809_hr4_4915.tif | pred_pos=0 | gt_pos=8857 | diff=8857 (0.135) | lcc=0.135 | flagged=0
[15:09:28] DEBUG - 94202023_240504a_13~7809_hr4_4936.tif | pred_pos=0 | gt_pos=34540 | diff=34540 (0.527) | lcc=0.527 | flagged=1
[15:09:28] DEBUG - 94202023_240504a_13~7809_hr4_4966.tif | pred_pos=0 | gt_pos=8680 | diff=8680 (0.132) | lcc=0.132 | flagged=0
[15:09:28] DEBUG - 94202023_240504a_13~7809_hr4_4986.tif | pred_pos=0 | gt_pos=27585 | diff=27585 (0.421) | lcc=0.421 | flagged=0
[15:09:28] DEBUG - 94202023_240504a_13~7809_hr4_5003.tif | pred_pos=0 | gt_pos=12372 | diff=12372 (0.189) | lcc=0.189 | flagged=0
[15:09:28] DEBUG - 94202023_240504a_13~7809_hr4_5011.tif | pred_pos=0 | gt_pos=39578 | diff=39578 (0.604) | lcc=0.604 | flagged=1
[15:09:28] DEBUG - 94202023_240504a_13~7809_hr4_5017.tif | pred_pos=0 | gt_pos=30382 | diff=30382 (0.464) | lcc=0.464 | flagged=0
[15:09:28] DEBUG - 94202023_240504a_13~7809_hr4_502.tif | pred_pos=0 | gt_pos=28752 | diff=28752 (0.439) | lcc=0.439 | flagged=0
[15:09:28] DEBUG - 94202023_240504a_13~7809_hr4_5139.tif | pred_pos=0 | gt_pos=17185 | diff=17185 (0.262) | lcc=0.150 | flagged=0
[15:09:28] DEBUG - 94202023_240504a_13~7809_hr4_5146.tif | pred_pos=0 | gt_pos=48541 | diff=48541 (0.741) | lcc=0.741 | flagged=1
[15:09:28] DEBUG - 94202023_240504a_13~7809_hr4_5147.tif | pred_pos=0 | gt_pos=20356 | diff=20356 (0.311) | lcc=0.311 | flagged=0
[15:09:28] DEBUG - 94202023_240504a_13~7809_hr4_5150.tif | pred_pos=0 | gt_pos=31848 | diff=31848 (0.486) | lcc=0.484 | flagged=0
[15:09:28] DEBUG - 94202023_240504a_13~7809_hr4_5151.tif | pred_pos=0 | gt_pos=33521 | diff=33521 (0.511) | lcc=0.511 | flagged=1
[15:09:28] DEBUG - 94202023_240504a_13~7809_hr4_5155.tif | pred_pos=0 | gt_pos=65536 | diff=65536 (1.000) | lcc=1.000 | flagged=1
[15:09:28] DEBUG - 94202023_240504a_13~7809_hr4_5156.tif | pred_pos=0 | gt_pos=16169 | diff=16169 (0.247) | lcc=0.247 | flagged=0
[15:09:28] DEBUG - 94202023_240504a_13~7809_hr4_5180.tif | pred_pos=0 | gt_pos=44010 | diff=44010 (0.672) | lcc=0.672 | flagged=1
[15:09:28] DEBUG - 94202023_240504a_13~7809_hr4_5246.tif | pred_pos=0 | gt_pos=65536 | diff=65536 (1.000) | lcc=1.000 | flagged=1
[15:09:28] DEBUG - 94202023_240504a_13~7809_hr4_5247.tif | pred_pos=0 | gt_pos=17898 | diff=17898 (0.273) | lcc=0.262 | flagged=0
[15:09:28] DEBUG - 94202023_240504a_13~7809_hr4_5249.tif | pred_pos=0 | gt_pos=1893 | diff=1893 (0.029) | lcc=0.029 | flagged=0
[15:09:28] DEBUG - 94202023_240504a_13~7809_hr4_5250.tif | pred_pos=0 | gt_pos=19958 | diff=19958 (0.305) | lcc=0.305 | flagged=0
[15:09:28] DEBUG - 94202023_240504a_13~7809_hr4_5259.tif | pred_pos=0 | gt_pos=51895 | diff=51895 (0.792) | lcc=0.792 | flagged=1
[15:09:28] DEBUG - 94202023_240504a_13~7809_hr4_5312.tif | pred_pos=0 | gt_pos=630 | diff=630 (0.010) | lcc=0.010 | flagged=0
[15:09:28] DEBUG - 94202023_240504a_13~7809_hr4_5320.tif | pred_pos=0 | gt_pos=44592 | diff=44592 (0.680) | lcc=0.519 | flagged=1
[15:09:28] DEBUG - 94202023_240504a_13~7809_hr4_5391.tif | pred_pos=0 | gt_pos=32117 | diff=32117 (0.490) | lcc=0.490 | flagged=0
[15:09:28] DEBUG - 94202023_240504a_13~7809_hr4_5401.tif | pred_pos=0 | gt_pos=16105 | diff=16105 (0.246) | lcc=0.162 | flagged=0
[15:09:28] DEBUG - 94202023_240504a_13~7809_hr4_5403.tif | pred_pos=0 | gt_pos=64397 | diff=64397 (0.983) | lcc=0.639 | flagged=1
[15:09:28] DEBUG - 94202023_240504a_13~7809_hr4_5411.tif | pred_pos=0 | gt_pos=55850 | diff=55850 (0.852) | lcc=0.852 | flagged=1
[15:09:28] DEBUG - 94202023_240504a_13~7809_hr4_5416.tif | pred_pos=0 | gt_pos=8398 | diff=8398 (0.128) | lcc=0.128 | flagged=0
[15:09:28] DEBUG - 94202023_240504a_13~7809_hr4_5430.tif | pred_pos=0 | gt_pos=0 | diff=0 (0.000) | lcc=0.000 | flagged=0
[15:09:28] DEBUG - 94202023_240504a_13~7809_hr4_5438.tif | pred_pos=0 | gt_pos=24676 | diff=24676 (0.377) | lcc=0.377 | flagged=0
[15:09:28] DEBUG - 94202023_240504a_13~7809_hr4_5461.tif | pred_pos=0 | gt_pos=40311 | diff=40311 (0.615) | lcc=0.615 | flagged=1
[15:09:28] DEBUG - 94202023_240504a_13~7809_hr4_5476.tif | pred_pos=0 | gt_pos=65536 | diff=65536 (1.000) | lcc=1.000 | flagged=1
[15:09:28] DEBUG - 94202023_240504a_13~7809_hr4_5491.tif | pred_pos=0 | gt_pos=9968 | diff=9968 (0.152) | lcc=0.152 | flagged=0
[15:09:28] DEBUG - 94202023_240504a_13~7809_hr4_5526.tif | pred_pos=0 | gt_pos=27494 | diff=27494 (0.420) | lcc=0.420 | flagged=0
[15:09:28] DEBUG - 94202023_240504a_13~7809_hr4_5563.tif | pred_pos=0 | gt_pos=1 | diff=1 (0.000) | lcc=0.000 | flagged=0
[15:09:28] DEBUG - 94202023_240504a_13~7809_hr4_5577.tif | pred_pos=0 | gt_pos=3225 | diff=3225 (0.049) | lcc=0.049 | flagged=0
[15:09:28] DEBUG - 94202023_240504a_13~7809_hr4_5585.tif | pred_pos=0 | gt_pos=23929 | diff=23929 (0.365) | lcc=0.365 | flagged=0
[15:09:28] DEBUG - 94202023_240504a_13~7809_hr4_5586.tif | pred_pos=0 | gt_pos=23190 | diff=23190 (0.354) | lcc=0.354 | flagged=0
[15:09:28] DEBUG - 94202023_240504a_13~7809_hr4_5597.tif | pred_pos=0 | gt_pos=65536 | diff=65536 (1.000) | lcc=1.000 | flagged=1
[15:09:28] DEBUG - 94202023_240504a_13~7809_hr4_5612.tif | pred_pos=0 | gt_pos=8176 | diff=8176 (0.125) | lcc=0.125 | flagged=0
[15:09:28] DEBUG - 94202023_240504a_13~7809_hr4_5689.tif | pred_pos=0 | gt_pos=21436 | diff=21436 (0.327) | lcc=0.327 | flagged=0
[15:09:28] DEBUG - 94202023_240504a_13~7809_hr4_571.tif | pred_pos=0 | gt_pos=48242 | diff=48242 (0.736) | lcc=0.736 | flagged=1
[15:09:28] DEBUG - 94202023_240504a_13~7809_hr4_5723.tif | pred_pos=0 | gt_pos=60160 | diff=60160 (0.918) | lcc=0.918 | flagged=1
[15:09:28] DEBUG - 94202023_240504a_13~7809_hr4_5747.tif | pred_pos=0 | gt_pos=17791 | diff=17791 (0.271) | lcc=0.271 | flagged=0
[15:09:28] DEBUG - 94202023_240504a_13~7809_hr4_5759.tif | pred_pos=0 | gt_pos=90 | diff=90 (0.001) | lcc=0.001 | flagged=0
[15:09:28] DEBUG - 94202023_240504a_13~7809_hr4_5771.tif | pred_pos=0 | gt_pos=48237 | diff=48237 (0.736) | lcc=0.736 | flagged=1
[15:09:28] DEBUG - 94202023_240504a_13~7809_hr4_5797.tif | pred_pos=0 | gt_pos=37569 | diff=37569 (0.573) | lcc=0.573 | flagged=1
[15:09:28] DEBUG - 94202023_240504a_13~7809_hr4_5814.tif | pred_pos=0 | gt_pos=31810 | diff=31810 (0.485) | lcc=0.485 | flagged=0
[15:09:28] DEBUG - 94202023_240504a_13~7809_hr4_5819.tif | pred_pos=0 | gt_pos=26505 | diff=26505 (0.404) | lcc=0.404 | flagged=0
[15:09:28] DEBUG - 94202023_240504a_13~7809_hr4_603.tif | pred_pos=0 | gt_pos=0 | diff=0 (0.000) | lcc=0.000 | flagged=0
[15:09:28] DEBUG - 94202023_240504a_13~7809_hr4_637.tif | pred_pos=0 | gt_pos=16100 | diff=16100 (0.246) | lcc=0.246 | flagged=0
[15:09:28] DEBUG - 94202023_240504a_13~7809_hr4_644.tif | pred_pos=0 | gt_pos=65023 | diff=65023 (0.992) | lcc=0.992 | flagged=1
[15:09:28] DEBUG - 94202023_240504a_13~7809_hr4_729.tif | pred_pos=0 | gt_pos=22232 | diff=22232 (0.339) | lcc=0.339 | flagged=0
[15:09:28] DEBUG - 94202023_240504a_13~7809_hr4_76.tif | pred_pos=0 | gt_pos=57552 | diff=57552 (0.878) | lcc=0.878 | flagged=1
[15:09:28] DEBUG - 94202023_240504a_13~7809_hr4_780.tif | pred_pos=0 | gt_pos=3771 | diff=3771 (0.058) | lcc=0.058 | flagged=0
[15:09:28] DEBUG - 94202023_240504a_13~7809_hr4_788.tif | pred_pos=0 | gt_pos=22262 | diff=22262 (0.340) | lcc=0.340 | flagged=0
[15:09:28] DEBUG - 94202023_240504a_13~7809_hr4_813.tif | pred_pos=0 | gt_pos=0 | diff=0 (0.000) | lcc=0.000 | flagged=0
[15:09:28] DEBUG - 94202023_240504a_13~7809_hr4_852.tif | pred_pos=0 | gt_pos=17668 | diff=17668 (0.270) | lcc=0.270 | flagged=0
[15:09:28] DEBUG - 94202023_240504a_13~7809_hr4_855.tif | pred_pos=0 | gt_pos=47515 | diff=47515 (0.725) | lcc=0.725 | flagged=1
[15:09:28] DEBUG - 94202023_240504a_13~7809_hr4_877.tif | pred_pos=0 | gt_pos=15588 | diff=15588 (0.238) | lcc=0.238 | flagged=0
[15:09:28] DEBUG - 94202023_240504a_13~7809_hr4_992.tif | pred_pos=0 | gt_pos=16819 | diff=16819 (0.257) | lcc=0.257 | flagged=0
[15:09:28] DEBUG - 94202023_240504a_13~7809_hr4_994.tif | pred_pos=0 | gt_pos=29590 | diff=29590 (0.452) | lcc=0.452 | flagged=0
[15:09:29] DEBUG - 94202024_240504a_14~8066_hr4_1038.tif | pred_pos=0 | gt_pos=20082 | diff=20082 (0.306) | lcc=0.306 | flagged=0
[15:09:29] DEBUG - 94202024_240504a_14~8066_hr4_1265.tif | pred_pos=0 | gt_pos=2982 | diff=2982 (0.046) | lcc=0.046 | flagged=0
[15:09:29] DEBUG - 94202024_240504a_14~8066_hr4_1317.tif | pred_pos=0 | gt_pos=0 | diff=0 (0.000) | lcc=0.000 | flagged=0
[15:09:29] DEBUG - 94202024_240504a_14~8066_hr4_1416.tif | pred_pos=0 | gt_pos=25199 | diff=25199 (0.385) | lcc=0.385 | flagged=0
[15:09:29] DEBUG - 94202024_240504a_14~8066_hr4_1550.tif | pred_pos=0 | gt_pos=0 | diff=0 (0.000) | lcc=0.000 | flagged=0
[15:09:29] DEBUG - 94202024_240504a_14~8066_hr4_1562.tif | pred_pos=0 | gt_pos=61108 | diff=61108 (0.932) | lcc=0.929 | flagged=1
[15:09:29] DEBUG - 94202024_240504a_14~8066_hr4_1637.tif | pred_pos=0 | gt_pos=42329 | diff=42329 (0.646) | lcc=0.633 | flagged=1
[15:09:29] DEBUG - 94202024_240504a_14~8066_hr4_1783.tif | pred_pos=0 | gt_pos=12893 | diff=12893 (0.197) | lcc=0.197 | flagged=0
[15:09:29] DEBUG - 94202024_240504a_14~8066_hr4_1843.tif | pred_pos=0 | gt_pos=0 | diff=0 (0.000) | lcc=0.000 | flagged=0
[15:09:29] DEBUG - 94202024_240504a_14~8066_hr4_1932.tif | pred_pos=0 | gt_pos=120 | diff=120 (0.002) | lcc=0.002 | flagged=0
[15:09:29] DEBUG - 94202024_240504a_14~8066_hr4_1956.tif | pred_pos=0 | gt_pos=0 | diff=0 (0.000) | lcc=0.000 | flagged=0
[15:09:29] DEBUG - 94202024_240504a_14~8066_hr4_2008.tif | pred_pos=0 | gt_pos=16586 | diff=16586 (0.253) | lcc=0.253 | flagged=0
[15:09:29] DEBUG - 94202024_240504a_14~8066_hr4_2011.tif | pred_pos=0 | gt_pos=15253 | diff=15253 (0.233) | lcc=0.233 | flagged=0
[15:09:29] DEBUG - 94202024_240504a_14~8066_hr4_2082.tif | pred_pos=0 | gt_pos=44167 | diff=44167 (0.674) | lcc=0.674 | flagged=1
[15:09:29] DEBUG - 94202024_240504a_14~8066_hr4_2085.tif | pred_pos=0 | gt_pos=61233 | diff=61233 (0.934) | lcc=0.934 | flagged=1
[15:09:29] DEBUG - 94202024_240504a_14~8066_hr4_2160.tif | pred_pos=0 | gt_pos=486 | diff=486 (0.007) | lcc=0.007 | flagged=0
[15:09:29] DEBUG - 94202024_240504a_14~8066_hr4_2225.tif | pred_pos=0 | gt_pos=28808 | diff=28808 (0.440) | lcc=0.440 | flagged=0
[15:09:29] DEBUG - 94202024_240504a_14~8066_hr4_2230.tif | pred_pos=0 | gt_pos=11379 | diff=11379 (0.174) | lcc=0.172 | flagged=0
[15:09:29] DEBUG - 94202024_240504a_14~8066_hr4_2239.tif | pred_pos=0 | gt_pos=511 | diff=511 (0.008) | lcc=0.008 | flagged=0
[15:09:29] DEBUG - 94202024_240504a_14~8066_hr4_2299.tif | pred_pos=0 | gt_pos=1016 | diff=1016 (0.016) | lcc=0.016 | flagged=0
[15:09:29] DEBUG - 94202024_240504a_14~8066_hr4_2302.tif | pred_pos=0 | gt_pos=1971 | diff=1971 (0.030) | lcc=0.030 | flagged=0
[15:09:29] DEBUG - 94202024_240504a_14~8066_hr4_2306.tif | pred_pos=0 | gt_pos=4284 | diff=4284 (0.065) | lcc=0.065 | flagged=0
[15:09:29] DEBUG - 94202024_240504a_14~8066_hr4_2406.tif | pred_pos=0 | gt_pos=0 | diff=0 (0.000) | lcc=0.000 | flagged=0
[15:09:29] DEBUG - 94202024_240504a_14~8066_hr4_2522.tif | pred_pos=0 | gt_pos=61475 | diff=61475 (0.938) | lcc=0.938 | flagged=1
[15:09:29] DEBUG - 94202024_240504a_14~8066_hr4_2533.tif | pred_pos=0 | gt_pos=65282 | diff=65282 (0.996) | lcc=0.996 | flagged=1
[15:09:29] DEBUG - 94202024_240504a_14~8066_hr4_2590.tif | pred_pos=0 | gt_pos=19605 | diff=19605 (0.299) | lcc=0.299 | flagged=0
[15:09:29] DEBUG - 94202024_240504a_14~8066_hr4_2603.tif | pred_pos=0 | gt_pos=56544 | diff=56544 (0.863) | lcc=0.863 | flagged=1
[15:09:29] DEBUG - 94202024_240504a_14~8066_hr4_2613.tif | pred_pos=0 | gt_pos=1171 | diff=1171 (0.018) | lcc=0.018 | flagged=0
[15:09:29] DEBUG - 94202024_240504a_14~8066_hr4_2616.tif | pred_pos=0 | gt_pos=7814 | diff=7814 (0.119) | lcc=0.119 | flagged=0
[15:09:29] DEBUG - 94202024_240504a_14~8066_hr4_2668.tif | pred_pos=0 | gt_pos=53051 | diff=53051 (0.809) | lcc=0.809 | flagged=1
[15:09:29] DEBUG - 94202024_240504a_14~8066_hr4_2676.tif | pred_pos=0 | gt_pos=21593 | diff=21593 (0.329) | lcc=0.329 | flagged=0
[15:09:29] DEBUG - 94202024_240504a_14~8066_hr4_2682.tif | pred_pos=0 | gt_pos=45965 | diff=45965 (0.701) | lcc=0.701 | flagged=1
[15:09:29] DEBUG - 94202024_240504a_14~8066_hr4_2749.tif | pred_pos=0 | gt_pos=245 | diff=245 (0.004) | lcc=0.004 | flagged=0
[15:09:29] DEBUG - 94202024_240504a_14~8066_hr4_2761.tif | pred_pos=0 | gt_pos=8598 | diff=8598 (0.131) | lcc=0.131 | flagged=0
[15:09:29] DEBUG - 94202024_240504a_14~8066_hr4_2765.tif | pred_pos=0 | gt_pos=0 | diff=0 (0.000) | lcc=0.000 | flagged=0
[15:09:29] DEBUG - 94202024_240504a_14~8066_hr4_2823.tif | pred_pos=0 | gt_pos=34549 | diff=34549 (0.527) | lcc=0.527 | flagged=1
[15:09:29] DEBUG - 94202024_240504a_14~8066_hr4_2832.tif | pred_pos=0 | gt_pos=53555 | diff=53555 (0.817) | lcc=0.817 | flagged=1
[15:09:29] DEBUG - 94202024_240504a_14~8066_hr4_2869.tif | pred_pos=0 | gt_pos=0 | diff=0 (0.000) | lcc=0.000 | flagged=0
[15:09:29] DEBUG - 94202024_240504a_14~8066_hr4_2902.tif | pred_pos=0 | gt_pos=0 | diff=0 (0.000) | lcc=0.000 | flagged=0
[15:09:29] DEBUG - 94202024_240504a_14~8066_hr4_2974.tif | pred_pos=0 | gt_pos=32742 | diff=32742 (0.500) | lcc=0.500 | flagged=0
[15:09:29] DEBUG - 94202024_240504a_14~8066_hr4_2985.tif | pred_pos=0 | gt_pos=51407 | diff=51407 (0.784) | lcc=0.688 | flagged=1
[15:09:29] DEBUG - 94202024_240504a_14~8066_hr4_3114.tif | pred_pos=0 | gt_pos=28299 | diff=28299 (0.432) | lcc=0.432 | flagged=0
[15:09:29] DEBUG - 94202024_240504a_14~8066_hr4_3176.tif | pred_pos=0 | gt_pos=0 | diff=0 (0.000) | lcc=0.000 | flagged=0
[15:09:29] DEBUG - 94202024_240504a_14~8066_hr4_3270.tif | pred_pos=0 | gt_pos=63370 | diff=63370 (0.967) | lcc=0.967 | flagged=1
[15:09:29] DEBUG - 94202024_240504a_14~8066_hr4_3354.tif | pred_pos=0 | gt_pos=165 | diff=165 (0.003) | lcc=0.003 | flagged=0
[15:09:29] DEBUG - 94202024_240504a_14~8066_hr4_3405.tif | pred_pos=0 | gt_pos=197 | diff=197 (0.003) | lcc=0.003 | flagged=0
[15:09:29] DEBUG - 94202024_240504a_14~8066_hr4_3407.tif | pred_pos=0 | gt_pos=60743 | diff=60743 (0.927) | lcc=0.927 | flagged=1
[15:09:29] DEBUG - 94202024_240504a_14~8066_hr4_3419.tif | pred_pos=0 | gt_pos=31756 | diff=31756 (0.485) | lcc=0.461 | flagged=0
[15:09:29] DEBUG - 94202024_240504a_14~8066_hr4_3640.tif | pred_pos=0 | gt_pos=27651 | diff=27651 (0.422) | lcc=0.410 | flagged=0
[15:09:29] DEBUG - 94202024_240504a_14~8066_hr4_3779.tif | pred_pos=0 | gt_pos=36806 | diff=36806 (0.562) | lcc=0.562 | flagged=1
[15:09:29] DEBUG - 94202024_240504a_14~8066_hr4_3853.tif | pred_pos=0 | gt_pos=36824 | diff=36824 (0.562) | lcc=0.562 | flagged=1
[15:09:29] DEBUG - 94202024_240504a_14~8066_hr4_3868.tif | pred_pos=0 | gt_pos=3553 | diff=3553 (0.054) | lcc=0.054 | flagged=0
[15:09:29] DEBUG - 94202024_240504a_14~8066_hr4_3932.tif | pred_pos=0 | gt_pos=47020 | diff=47020 (0.717) | lcc=0.717 | flagged=1
[15:09:29] DEBUG - 94202024_240504a_14~8066_hr4_4001.tif | pred_pos=0 | gt_pos=9860 | diff=9860 (0.150) | lcc=0.150 | flagged=0
[15:09:29] DEBUG - 94202024_240504a_14~8066_hr4_4010.tif | pred_pos=0 | gt_pos=29218 | diff=29218 (0.446) | lcc=0.446 | flagged=0
[15:09:29] DEBUG - 94202024_240504a_14~8066_hr4_4072.tif | pred_pos=0 | gt_pos=36649 | diff=36649 (0.559) | lcc=0.559 | flagged=1
[15:09:29] DEBUG - 94202024_240504a_14~8066_hr4_4156.tif | pred_pos=0 | gt_pos=14293 | diff=14293 (0.218) | lcc=0.157 | flagged=0
[15:09:29] DEBUG - 94202024_240504a_14~8066_hr4_4157.tif | pred_pos=0 | gt_pos=14536 | diff=14536 (0.222) | lcc=0.187 | flagged=0
[15:09:29] DEBUG - 94202024_240504a_14~8066_hr4_4174.tif | pred_pos=0 | gt_pos=0 | diff=0 (0.000) | lcc=0.000 | flagged=0
[15:09:29] DEBUG - 94202024_240504a_14~8066_hr4_4228.tif | pred_pos=0 | gt_pos=65536 | diff=65536 (1.000) | lcc=1.000 | flagged=1
[15:09:29] DEBUG - 94202024_240504a_14~8066_hr4_4232.tif | pred_pos=0 | gt_pos=63525 | diff=63525 (0.969) | lcc=0.969 | flagged=1
[15:09:29] DEBUG - 94202024_240504a_14~8066_hr4_4369.tif | pred_pos=0 | gt_pos=58004 | diff=58004 (0.885) | lcc=0.885 | flagged=1
[15:09:29] DEBUG - 94202024_240504a_14~8066_hr4_4377.tif | pred_pos=0 | gt_pos=40298 | diff=40298 (0.615) | lcc=0.615 | flagged=1
[15:09:29] DEBUG - 94202024_240504a_14~8066_hr4_4378.tif | pred_pos=0 | gt_pos=41657 | diff=41657 (0.636) | lcc=0.636 | flagged=1
[15:09:32] DEBUG - 94202024_240504a_14~8066_hr4_4448.tif | pred_pos=0 | gt_pos=1024 | diff=1024 (0.016) | lcc=0.016 | flagged=0
[15:09:32] DEBUG - 94202024_240504a_14~8066_hr4_4514.tif | pred_pos=0 | gt_pos=38086 | diff=38086 (0.581) | lcc=0.538 | flagged=1
[15:09:32] DEBUG - 94202024_240504a_14~8066_hr4_4526.tif | pred_pos=0 | gt_pos=42108 | diff=42108 (0.643) | lcc=0.643 | flagged=1
[15:09:32] DEBUG - 94202024_240504a_14~8066_hr4_4528.tif | pred_pos=0 | gt_pos=26974 | diff=26974 (0.412) | lcc=0.352 | flagged=0
[15:09:32] DEBUG - 94202024_240504a_14~8066_hr4_4674.tif | pred_pos=0 | gt_pos=7871 | diff=7871 (0.120) | lcc=0.120 | flagged=0
[15:09:32] DEBUG - 94202024_240504a_14~8066_hr4_4750.tif | pred_pos=0 | gt_pos=44681 | diff=44681 (0.682) | lcc=0.682 | flagged=1
[15:09:32] DEBUG - 94202024_240504a_14~8066_hr4_4812.tif | pred_pos=0 | gt_pos=7467 | diff=7467 (0.114) | lcc=0.114 | flagged=0
[15:09:32] DEBUG - 94202024_240504a_14~8066_hr4_4827.tif | pred_pos=0 | gt_pos=4347 | diff=4347 (0.066) | lcc=0.066 | flagged=0
[15:09:32] DEBUG - 94202024_240504a_14~8066_hr4_4831.tif | pred_pos=0 | gt_pos=15319 | diff=15319 (0.234) | lcc=0.234 | flagged=0
[15:09:32] DEBUG - 94202024_240504a_14~8066_hr4_4832.tif | pred_pos=0 | gt_pos=26636 | diff=26636 (0.406) | lcc=0.406 | flagged=0
[15:09:32] DEBUG - 94202024_240504a_14~8066_hr4_4969.tif | pred_pos=0 | gt_pos=65536 | diff=65536 (1.000) | lcc=1.000 | flagged=1
[15:09:32] DEBUG - 94202024_240504a_14~8066_hr4_5037.tif | pred_pos=0 | gt_pos=701 | diff=701 (0.011) | lcc=0.010 | flagged=0
[15:09:32] DEBUG - 94202024_240504a_14~8066_hr4_5044.tif | pred_pos=0 | gt_pos=20127 | diff=20127 (0.307) | lcc=0.307 | flagged=0
[15:09:32] DEBUG - 94202024_240504a_14~8066_hr4_5055.tif | pred_pos=0 | gt_pos=28157 | diff=28157 (0.430) | lcc=0.430 | flagged=0
[15:09:32] DEBUG - 94202024_240504a_14~8066_hr4_5102.tif | pred_pos=0 | gt_pos=0 | diff=0 (0.000) | lcc=0.000 | flagged=0
[15:09:32] DEBUG - 94202024_240504a_14~8066_hr4_5132.tif | pred_pos=0 | gt_pos=0 | diff=0 (0.000) | lcc=0.000 | flagged=0
[15:09:32] DEBUG - 94202024_240504a_14~8066_hr4_5180.tif | pred_pos=0 | gt_pos=57171 | diff=57171 (0.872) | lcc=0.872 | flagged=1
[15:09:32] DEBUG - 94202024_240504a_14~8066_hr4_5191.tif | pred_pos=0 | gt_pos=33408 | diff=33408 (0.510) | lcc=0.510 | flagged=1
[15:09:32] DEBUG - 94202024_240504a_14~8066_hr4_5259.tif | pred_pos=0 | gt_pos=50187 | diff=50187 (0.766) | lcc=0.763 | flagged=1
[15:09:32] DEBUG - 94202024_240504a_14~8066_hr4_5260.tif | pred_pos=0 | gt_pos=16931 | diff=16931 (0.258) | lcc=0.258 | flagged=0
[15:09:32] DEBUG - 94202024_240504a_14~8066_hr4_5342.tif | pred_pos=0 | gt_pos=50657 | diff=50657 (0.773) | lcc=0.617 | flagged=1
[15:09:32] DEBUG - 94202024_240504a_14~8066_hr4_5476.tif | pred_pos=0 | gt_pos=6131 | diff=6131 (0.094) | lcc=0.094 | flagged=0
[15:09:32] DEBUG - 94202024_240504a_14~8066_hr4_5492.tif | pred_pos=0 | gt_pos=65536 | diff=65536 (1.000) | lcc=1.000 | flagged=1
[15:09:32] DEBUG - 94202024_240504a_14~8066_hr4_5555.tif | pred_pos=0 | gt_pos=3389 | diff=3389 (0.052) | lcc=0.052 | flagged=0
[15:09:32] DEBUG - 94202024_240504a_14~8066_hr4_5558.tif | pred_pos=0 | gt_pos=14963 | diff=14963 (0.228) | lcc=0.228 | flagged=0
[15:09:32] DEBUG - 94202024_240504a_14~8066_hr4_5565.tif | pred_pos=0 | gt_pos=32778 | diff=32778 (0.500) | lcc=0.343 | flagged=0
[15:09:32] DEBUG - 94202024_240504a_14~8066_hr4_5567.tif | pred_pos=0 | gt_pos=25374 | diff=25374 (0.387) | lcc=0.359 | flagged=0
[15:09:32] DEBUG - 94202024_240504a_14~8066_hr4_5635.tif | pred_pos=0 | gt_pos=6296 | diff=6296 (0.096) | lcc=0.096 | flagged=0
[15:09:32] DEBUG - 94202024_240504a_14~8066_hr4_5701.tif | pred_pos=0 | gt_pos=1503 | diff=1503 (0.023) | lcc=0.023 | flagged=0
[15:09:32] DEBUG - 94202024_240504a_14~8066_hr4_5706.tif | pred_pos=0 | gt_pos=20825 | diff=20825 (0.318) | lcc=0.318 | flagged=0
[15:09:32] DEBUG - 94202024_240504a_14~8066_hr4_5784.tif | pred_pos=0 | gt_pos=32868 | diff=32868 (0.502) | lcc=0.502 | flagged=1
[15:09:32] DEBUG - 94202024_240504a_14~8066_hr4_596.tif | pred_pos=0 | gt_pos=1580 | diff=1580 (0.024) | lcc=0.024 | flagged=0
[15:09:32] DEBUG - 94202024_240504a_14~8066_hr4_740.tif | pred_pos=0 | gt_pos=11116 | diff=11116 (0.170) | lcc=0.170 | flagged=0
[15:09:32] DEBUG - 94202024_240504a_14~8066_hr4_766.tif | pred_pos=0 | gt_pos=0 | diff=0 (0.000) | lcc=0.000 | flagged=0
[15:09:32] DEBUG - 94202024_240504a_14~8066_hr4_815.tif | pred_pos=0 | gt_pos=63641 | diff=63641 (0.971) | lcc=0.971 | flagged=1
[15:09:32] DEBUG - 94202024_240504a_14~8066_hr4_819.tif | pred_pos=0 | gt_pos=56649 | diff=56649 (0.864) | lcc=0.864 | flagged=1
[15:09:32] DEBUG - 94202024_240504a_14~8066_hr4_820.tif | pred_pos=0 | gt_pos=25773 | diff=25773 (0.393) | lcc=0.393 | flagged=0
[15:09:32] DEBUG - 94202024_240504a_14~8066_hr4_885.tif | pred_pos=0 | gt_pos=0 | diff=0 (0.000) | lcc=0.000 | flagged=0
[15:09:32] DEBUG - 94202024_240504a_14~8066_hr4_893.tif | pred_pos=0 | gt_pos=64997 | diff=64997 (0.992) | lcc=0.992 | flagged=1
[15:09:32] DEBUG - 94202024_240504a_14~8066_hr4_962.tif | pred_pos=0 | gt_pos=23077 | diff=23077 (0.352) | lcc=0.352 | flagged=0
[15:09:32] DEBUG - 94202024_240504a_14~8066_hr4_964.tif | pred_pos=0 | gt_pos=7085 | diff=7085 (0.108) | lcc=0.072 | flagged=0
[15:09:32] DEBUG - 94202031_240504a_11~7331_hr4_1023.tif | pred_pos=0 | gt_pos=26938 | diff=26938 (0.411) | lcc=0.411 | flagged=0
[15:09:32] DEBUG - 94202031_240504a_11~7331_hr4_1150.tif | pred_pos=0 | gt_pos=0 | diff=0 (0.000) | lcc=0.000 | flagged=0
[15:09:32] DEBUG - 94202031_240504a_11~7331_hr4_1330.tif | pred_pos=0 | gt_pos=53591 | diff=53591 (0.818) | lcc=0.818 | flagged=1
[15:09:32] DEBUG - 94202031_240504a_11~7331_hr4_138.tif | pred_pos=0 | gt_pos=8061 | diff=8061 (0.123) | lcc=0.079 | flagged=0
[15:09:32] DEBUG - 94202031_240504a_11~7331_hr4_1543.tif | pred_pos=0 | gt_pos=12781 | diff=12781 (0.195) | lcc=0.195 | flagged=0
[15:09:32] DEBUG - 94202031_240504a_11~7331_hr4_1927.tif | pred_pos=0 | gt_pos=0 | diff=0 (0.000) | lcc=0.000 | flagged=0
[15:09:32] DEBUG - 94202031_240504a_11~7331_hr4_2062.tif | pred_pos=0 | gt_pos=13259 | diff=13259 (0.202) | lcc=0.202 | flagged=0
[15:09:32] DEBUG - 94202031_240504a_11~7331_hr4_2208.tif | pred_pos=0 | gt_pos=58646 | diff=58646 (0.895) | lcc=0.895 | flagged=1
[15:09:32] DEBUG - 94202031_240504a_11~7331_hr4_2282.tif | pred_pos=0 | gt_pos=478 | diff=478 (0.007) | lcc=0.007 | flagged=0
[15:09:32] DEBUG - 94202031_240504a_11~7331_hr4_2935.tif | pred_pos=0 | gt_pos=3044 | diff=3044 (0.046) | lcc=0.046 | flagged=0
[15:09:32] DEBUG - 94202031_240504a_11~7331_hr4_3314.tif | pred_pos=0 | gt_pos=692 | diff=692 (0.011) | lcc=0.011 | flagged=0
[15:09:32] DEBUG - 94202031_240504a_11~7331_hr4_3489.tif | pred_pos=0 | gt_pos=0 | diff=0 (0.000) | lcc=0.000 | flagged=0
[15:09:32] DEBUG - 94202031_240504a_11~7331_hr4_362.tif | pred_pos=0 | gt_pos=65536 | diff=65536 (1.000) | lcc=1.000 | flagged=1
[15:09:32] DEBUG - 94202031_240504a_11~7331_hr4_363.tif | pred_pos=0 | gt_pos=12787 | diff=12787 (0.195) | lcc=0.195 | flagged=0
[15:09:32] DEBUG - 94202031_240504a_11~7331_hr4_3760.tif | pred_pos=0 | gt_pos=39705 | diff=39705 (0.606) | lcc=0.606 | flagged=1
[15:09:32] DEBUG - 94202031_240504a_11~7331_hr4_3919.tif | pred_pos=0 | gt_pos=6686 | diff=6686 (0.102) | lcc=0.066 | flagged=0
[15:09:32] DEBUG - 94202031_240504a_11~7331_hr4_4064.tif | pred_pos=0 | gt_pos=30825 | diff=30825 (0.470) | lcc=0.470 | flagged=0
[15:09:32] DEBUG - 94202031_240504a_11~7331_hr4_4068.tif | pred_pos=0 | gt_pos=17005 | diff=17005 (0.259) | lcc=0.259 | flagged=0
[15:09:32] DEBUG - 94202031_240504a_11~7331_hr4_434.tif | pred_pos=0 | gt_pos=2092 | diff=2092 (0.032) | lcc=0.032 | flagged=0
[15:09:32] DEBUG - 94202031_240504a_11~7331_hr4_445.tif | pred_pos=0 | gt_pos=0 | diff=0 (0.000) | lcc=0.000 | flagged=0
[15:09:32] DEBUG - 94202031_240504a_11~7331_hr4_4637.tif | pred_pos=0 | gt_pos=12436 | diff=12436 (0.190) | lcc=0.190 | flagged=0
[15:09:32] DEBUG - 94202031_240504a_11~7331_hr4_4801.tif | pred_pos=0 | gt_pos=2365 | diff=2365 (0.036) | lcc=0.036 | flagged=0
[15:09:32] DEBUG - 94202031_240504a_11~7331_hr4_4958.tif | pred_pos=0 | gt_pos=0 | diff=0 (0.000) | lcc=0.000 | flagged=0
[15:09:33] DEBUG - 94202031_240504a_11~7331_hr4_5039.tif | pred_pos=0 | gt_pos=0 | diff=0 (0.000) | lcc=0.000 | flagged=0
[15:09:33] DEBUG - 94202031_240504a_11~7331_hr4_5388.tif | pred_pos=0 | gt_pos=21133 | diff=21133 (0.322) | lcc=0.322 | flagged=0
[15:09:33] DEBUG - 94202031_240504a_11~7331_hr4_5395.tif | pred_pos=0 | gt_pos=36428 | diff=36428 (0.556) | lcc=0.556 | flagged=1
[15:09:33] DEBUG - 94202031_240504a_11~7331_hr4_5396.tif | pred_pos=0 | gt_pos=26022 | diff=26022 (0.397) | lcc=0.397 | flagged=0
[15:09:33] DEBUG - 94202031_240504a_11~7331_hr4_5460.tif | pred_pos=0 | gt_pos=46802 | diff=46802 (0.714) | lcc=0.714 | flagged=1
[15:09:33] DEBUG - 94202031_240504a_11~7331_hr4_5542.tif | pred_pos=0 | gt_pos=46 | diff=46 (0.001) | lcc=0.001 | flagged=0
[15:09:33] DEBUG - 94202031_240504a_11~7331_hr4_5574.tif | pred_pos=0 | gt_pos=0 | diff=0 (0.000) | lcc=0.000 | flagged=0
[15:09:33] DEBUG - 94202031_240504a_11~7331_hr4_731.tif | pred_pos=0 | gt_pos=2004 | diff=2004 (0.031) | lcc=0.031 | flagged=0
[15:09:33] DEBUG - 94202031_240504a_11~7331_hr4_805.tif | pred_pos=0 | gt_pos=19361 | diff=19361 (0.295) | lcc=0.295 | flagged=0
[15:09:33] DEBUG - 94202031_240504a_11~7331_hr4_875.tif | pred_pos=0 | gt_pos=39303 | diff=39303 (0.600) | lcc=0.596 | flagged=1
[15:09:33] DEBUG - 94202031_240504a_11~7331_hr4_892.tif | pred_pos=0 | gt_pos=0 | diff=0 (0.000) | lcc=0.000 | flagged=0
[15:09:33] DEBUG - 94202032_240504a_12~7560_hr4_1067.tif | pred_pos=0 | gt_pos=39309 | diff=39309 (0.600) | lcc=0.600 | flagged=1
[15:09:33] DEBUG - 94202032_240504a_12~7560_hr4_114.tif | pred_pos=0 | gt_pos=14311 | diff=14311 (0.218) | lcc=0.218 | flagged=0
[15:09:33] DEBUG - 94202032_240504a_12~7560_hr4_1144.tif | pred_pos=0 | gt_pos=32841 | diff=32841 (0.501) | lcc=0.501 | flagged=1
[15:09:33] DEBUG - 94202032_240504a_12~7560_hr4_116.tif | pred_pos=0 | gt_pos=4442 | diff=4442 (0.068) | lcc=0.068 | flagged=0
[15:09:33] DEBUG - 94202032_240504a_12~7560_hr4_1215.tif | pred_pos=0 | gt_pos=11739 | diff=11739 (0.179) | lcc=0.179 | flagged=0
[15:09:33] DEBUG - 94202032_240504a_12~7560_hr4_124.tif | pred_pos=0 | gt_pos=26 | diff=26 (0.000) | lcc=0.000 | flagged=0
[15:09:33] DEBUG - 94202032_240504a_12~7560_hr4_1262.tif | pred_pos=0 | gt_pos=5671 | diff=5671 (0.087) | lcc=0.087 | flagged=0
[15:09:33] DEBUG - 94202032_240504a_12~7560_hr4_1268.tif | pred_pos=0 | gt_pos=0 | diff=0 (0.000) | lcc=0.000 | flagged=0
[15:09:33] DEBUG - 94202032_240504a_12~7560_hr4_1292.tif | pred_pos=0 | gt_pos=2825 | diff=2825 (0.043) | lcc=0.043 | flagged=0
[15:09:33] DEBUG - 94202032_240504a_12~7560_hr4_1337.tif | pred_pos=0 | gt_pos=57158 | diff=57158 (0.872) | lcc=0.872 | flagged=1
[15:09:33] DEBUG - 94202032_240504a_12~7560_hr4_1372.tif | pred_pos=0 | gt_pos=50406 | diff=50406 (0.769) | lcc=0.769 | flagged=1
[15:09:33] DEBUG - 94202032_240504a_12~7560_hr4_142.tif | pred_pos=0 | gt_pos=64404 | diff=64404 (0.983) | lcc=0.544 | flagged=1
[15:09:33] DEBUG - 94202032_240504a_12~7560_hr4_1447.tif | pred_pos=0 | gt_pos=65536 | diff=65536 (1.000) | lcc=1.000 | flagged=1
[15:09:33] DEBUG - 94202032_240504a_12~7560_hr4_1478.tif | pred_pos=0 | gt_pos=26576 | diff=26576 (0.406) | lcc=0.406 | flagged=0
[15:09:33] DEBUG - 94202032_240504a_12~7560_hr4_1522.tif | pred_pos=0 | gt_pos=5204 | diff=5204 (0.079) | lcc=0.079 | flagged=0
[15:09:33] DEBUG - 94202032_240504a_12~7560_hr4_1553.tif | pred_pos=0 | gt_pos=27808 | diff=27808 (0.424) | lcc=0.424 | flagged=0
[15:09:33] DEBUG - 94202032_240504a_12~7560_hr4_1625.tif | pred_pos=0 | gt_pos=18227 | diff=18227 (0.278) | lcc=0.278 | flagged=0
[15:09:33] DEBUG - 94202032_240504a_12~7560_hr4_1825.tif | pred_pos=0 | gt_pos=12455 | diff=12455 (0.190) | lcc=0.190 | flagged=0
[15:09:33] DEBUG - 94202032_240504a_12~7560_hr4_1871.tif | pred_pos=0 | gt_pos=10756 | diff=10756 (0.164) | lcc=0.164 | flagged=0
[15:09:33] DEBUG - 94202032_240504a_12~7560_hr4_1902.tif | pred_pos=0 | gt_pos=13194 | diff=13194 (0.201) | lcc=0.201 | flagged=0
[15:09:33] DEBUG - 94202032_240504a_12~7560_hr4_197.tif | pred_pos=0 | gt_pos=1436 | diff=1436 (0.022) | lcc=0.022 | flagged=0
[15:09:33] DEBUG - 94202032_240504a_12~7560_hr4_2039.tif | pred_pos=0 | gt_pos=6343 | diff=6343 (0.097) | lcc=0.097 | flagged=0
[15:09:33] DEBUG - 94202032_240504a_12~7560_hr4_2081.tif | pred_pos=0 | gt_pos=53503 | diff=53503 (0.816) | lcc=0.816 | flagged=1
[15:09:33] DEBUG - 94202032_240504a_12~7560_hr4_2082.tif | pred_pos=0 | gt_pos=12844 | diff=12844 (0.196) | lcc=0.196 | flagged=0
[15:09:33] DEBUG - 94202032_240504a_12~7560_hr4_211.tif | pred_pos=0 | gt_pos=31530 | diff=31530 (0.481) | lcc=0.481 | flagged=0
[15:09:33] DEBUG - 94202032_240504a_12~7560_hr4_215.tif | pred_pos=0 | gt_pos=65536 | diff=65536 (1.000) | lcc=1.000 | flagged=1
[15:09:33] DEBUG - 94202032_240504a_12~7560_hr4_2175.tif | pred_pos=0 | gt_pos=28750 | diff=28750 (0.439) | lcc=0.439 | flagged=0
[15:09:33] DEBUG - 94202032_240504a_12~7560_hr4_2248.tif | pred_pos=0 | gt_pos=8831 | diff=8831 (0.135) | lcc=0.135 | flagged=0
[15:09:33] DEBUG - 94202032_240504a_12~7560_hr4_2254.tif | pred_pos=0 | gt_pos=1394 | diff=1394 (0.021) | lcc=0.021 | flagged=0
[15:09:33] DEBUG - 94202032_240504a_12~7560_hr4_232.tif | pred_pos=0 | gt_pos=2350 | diff=2350 (0.036) | lcc=0.036 | flagged=0
[15:09:33] DEBUG - 94202032_240504a_12~7560_hr4_2391.tif | pred_pos=0 | gt_pos=4173 | diff=4173 (0.064) | lcc=0.064 | flagged=0
[15:09:33] DEBUG - 94202032_240504a_12~7560_hr4_2587.tif | pred_pos=0 | gt_pos=26309 | diff=26309 (0.401) | lcc=0.401 | flagged=0
[15:09:33] DEBUG - 94202032_240504a_12~7560_hr4_2634.tif | pred_pos=0 | gt_pos=18498 | diff=18498 (0.282) | lcc=0.282 | flagged=0
[15:09:33] DEBUG - 94202032_240504a_12~7560_hr4_2637.tif | pred_pos=0 | gt_pos=65536 | diff=65536 (1.000) | lcc=1.000 | flagged=1
[15:09:33] DEBUG - 94202032_240504a_12~7560_hr4_2638.tif | pred_pos=0 | gt_pos=10638 | diff=10638 (0.162) | lcc=0.162 | flagged=0
[15:09:33] DEBUG - 94202032_240504a_12~7560_hr4_2706.tif | pred_pos=0 | gt_pos=18734 | diff=18734 (0.286) | lcc=0.182 | flagged=0
[15:09:33] DEBUG - 94202032_240504a_12~7560_hr4_2712.tif | pred_pos=0 | gt_pos=529 | diff=529 (0.008) | lcc=0.008 | flagged=0
[15:09:33] DEBUG - 94202032_240504a_12~7560_hr4_277.tif | pred_pos=0 | gt_pos=12004 | diff=12004 (0.183) | lcc=0.183 | flagged=0
[15:09:33] DEBUG - 94202032_240504a_12~7560_hr4_2809.tif | pred_pos=0 | gt_pos=48132 | diff=48132 (0.734) | lcc=0.535 | flagged=1
[15:09:33] DEBUG - 94202032_240504a_12~7560_hr4_282.tif | pred_pos=0 | gt_pos=1451 | diff=1451 (0.022) | lcc=0.022 | flagged=0
[15:09:33] DEBUG - 94202032_240504a_12~7560_hr4_2884.tif | pred_pos=0 | gt_pos=1426 | diff=1426 (0.022) | lcc=0.022 | flagged=0
[15:09:33] DEBUG - 94202032_240504a_12~7560_hr4_290.tif | pred_pos=0 | gt_pos=32088 | diff=32088 (0.490) | lcc=0.285 | flagged=0
[15:09:33] DEBUG - 94202032_240504a_12~7560_hr4_2921.tif | pred_pos=0 | gt_pos=15856 | diff=15856 (0.242) | lcc=0.132 | flagged=0
[15:09:33] DEBUG - 94202032_240504a_12~7560_hr4_2937.tif | pred_pos=0 | gt_pos=2800 | diff=2800 (0.043) | lcc=0.043 | flagged=0
[15:09:33] DEBUG - 94202032_240504a_12~7560_hr4_3061.tif | pred_pos=0 | gt_pos=151 | diff=151 (0.002) | lcc=0.002 | flagged=0
[15:09:33] DEBUG - 94202032_240504a_12~7560_hr4_3076.tif | pred_pos=0 | gt_pos=21362 | diff=21362 (0.326) | lcc=0.326 | flagged=0
[15:09:33] DEBUG - 94202032_240504a_12~7560_hr4_3099.tif | pred_pos=0 | gt_pos=59452 | diff=59452 (0.907) | lcc=0.907 | flagged=1
[15:09:33] DEBUG - 94202032_240504a_12~7560_hr4_3239.tif | pred_pos=0 | gt_pos=30108 | diff=30108 (0.459) | lcc=0.459 | flagged=0
[15:09:33] DEBUG - 94202032_240504a_12~7560_hr4_3243.tif | pred_pos=0 | gt_pos=28598 | diff=28598 (0.436) | lcc=0.436 | flagged=0
[15:09:33] DEBUG - 94202032_240504a_12~7560_hr4_3276.tif | pred_pos=0 | gt_pos=46543 | diff=46543 (0.710) | lcc=0.710 | flagged=1
[15:09:33] DEBUG - 94202032_240504a_12~7560_hr4_3277.tif | pred_pos=0 | gt_pos=8011 | diff=8011 (0.122) | lcc=0.122 | flagged=0
[15:09:33] DEBUG - 94202032_240504a_12~7560_hr4_3313.tif | pred_pos=0 | gt_pos=49678 | diff=49678 (0.758) | lcc=0.758 | flagged=1
[15:09:33] DEBUG - 94202032_240504a_12~7560_hr4_3316.tif | pred_pos=0 | gt_pos=11162 | diff=11162 (0.170) | lcc=0.170 | flagged=0
[15:09:36] DEBUG - 94202032_240504a_12~7560_hr4_335.tif | pred_pos=0 | gt_pos=4129 | diff=4129 (0.063) | lcc=0.063 | flagged=0
[15:09:36] DEBUG - 94202032_240504a_12~7560_hr4_3366.tif | pred_pos=0 | gt_pos=541 | diff=541 (0.008) | lcc=0.008 | flagged=0
[15:09:36] DEBUG - 94202032_240504a_12~7560_hr4_3367.tif | pred_pos=0 | gt_pos=48132 | diff=48132 (0.734) | lcc=0.700 | flagged=1
[15:09:36] DEBUG - 94202032_240504a_12~7560_hr4_3368.tif | pred_pos=0 | gt_pos=6059 | diff=6059 (0.092) | lcc=0.092 | flagged=0
[15:09:36] DEBUG - 94202032_240504a_12~7560_hr4_3580.tif | pred_pos=0 | gt_pos=1840 | diff=1840 (0.028) | lcc=0.028 | flagged=0
[15:09:36] DEBUG - 94202032_240504a_12~7560_hr4_3598.tif | pred_pos=0 | gt_pos=0 | diff=0 (0.000) | lcc=0.000 | flagged=0
[15:09:36] DEBUG - 94202032_240504a_12~7560_hr4_3609.tif | pred_pos=0 | gt_pos=38632 | diff=38632 (0.589) | lcc=0.589 | flagged=1
[15:09:36] DEBUG - 94202032_240504a_12~7560_hr4_3610.tif | pred_pos=0 | gt_pos=38127 | diff=38127 (0.582) | lcc=0.582 | flagged=1
[15:09:36] DEBUG - 94202032_240504a_12~7560_hr4_3691.tif | pred_pos=0 | gt_pos=29569 | diff=29569 (0.451) | lcc=0.451 | flagged=0
[15:09:36] DEBUG - 94202032_240504a_12~7560_hr4_3705.tif | pred_pos=0 | gt_pos=6931 | diff=6931 (0.106) | lcc=0.106 | flagged=0
[15:09:36] DEBUG - 94202032_240504a_12~7560_hr4_3754.tif | pred_pos=0 | gt_pos=9575 | diff=9575 (0.146) | lcc=0.146 | flagged=0
[15:09:36] DEBUG - 94202032_240504a_12~7560_hr4_3766.tif | pred_pos=0 | gt_pos=60523 | diff=60523 (0.924) | lcc=0.924 | flagged=1
[15:09:36] DEBUG - 94202032_240504a_12~7560_hr4_4002.tif | pred_pos=0 | gt_pos=22 | diff=22 (0.000) | lcc=0.000 | flagged=0
[15:09:36] DEBUG - 94202032_240504a_12~7560_hr4_4023.tif | pred_pos=0 | gt_pos=646 | diff=646 (0.010) | lcc=0.010 | flagged=0
[15:09:36] DEBUG - 94202032_240504a_12~7560_hr4_4081.tif | pred_pos=0 | gt_pos=3420 | diff=3420 (0.052) | lcc=0.052 | flagged=0
[15:09:36] DEBUG - 94202032_240504a_12~7560_hr4_4082.tif | pred_pos=0 | gt_pos=5668 | diff=5668 (0.086) | lcc=0.086 | flagged=0
[15:09:36] DEBUG - 94202032_240504a_12~7560_hr4_4089.tif | pred_pos=0 | gt_pos=37855 | diff=37855 (0.578) | lcc=0.578 | flagged=1
[15:09:36] DEBUG - 94202032_240504a_12~7560_hr4_4114.tif | pred_pos=0 | gt_pos=27987 | diff=27987 (0.427) | lcc=0.427 | flagged=0
[15:09:36] DEBUG - 94202032_240504a_12~7560_hr4_413.tif | pred_pos=0 | gt_pos=62294 | diff=62294 (0.951) | lcc=0.951 | flagged=1
[15:09:36] DEBUG - 94202032_240504a_12~7560_hr4_4162.tif | pred_pos=0 | gt_pos=13 | diff=13 (0.000) | lcc=0.000 | flagged=0
[15:09:36] DEBUG - 94202032_240504a_12~7560_hr4_4188.tif | pred_pos=0 | gt_pos=25982 | diff=25982 (0.396) | lcc=0.396 | flagged=0
[15:09:36] DEBUG - 94202032_240504a_12~7560_hr4_4273.tif | pred_pos=0 | gt_pos=0 | diff=0 (0.000) | lcc=0.000 | flagged=0
[15:09:36] DEBUG - 94202032_240504a_12~7560_hr4_4281.tif | pred_pos=0 | gt_pos=3125 | diff=3125 (0.048) | lcc=0.048 | flagged=0
[15:09:36] DEBUG - 94202032_240504a_12~7560_hr4_4396.tif | pred_pos=0 | gt_pos=0 | diff=0 (0.000) | lcc=0.000 | flagged=0
[15:09:36] DEBUG - 94202032_240504a_12~7560_hr4_4420.tif | pred_pos=0 | gt_pos=32938 | diff=32938 (0.503) | lcc=0.503 | flagged=1
[15:09:36] DEBUG - 94202032_240504a_12~7560_hr4_4460.tif | pred_pos=0 | gt_pos=985 | diff=985 (0.015) | lcc=0.015 | flagged=0
[15:09:36] DEBUG - 94202032_240504a_12~7560_hr4_4505.tif | pred_pos=0 | gt_pos=0 | diff=0 (0.000) | lcc=0.000 | flagged=0
[15:09:36] DEBUG - 94202032_240504a_12~7560_hr4_4601.tif | pred_pos=0 | gt_pos=37629 | diff=37629 (0.574) | lcc=0.574 | flagged=1
[15:09:36] DEBUG - 94202032_240504a_12~7560_hr4_4674.tif | pred_pos=0 | gt_pos=2659 | diff=2659 (0.041) | lcc=0.041 | flagged=0
[15:09:36] DEBUG - 94202032_240504a_12~7560_hr4_4686.tif | pred_pos=0 | gt_pos=10651 | diff=10651 (0.163) | lcc=0.163 | flagged=0
[15:09:36] DEBUG - 94202032_240504a_12~7560_hr4_4696.tif | pred_pos=0 | gt_pos=38669 | diff=38669 (0.590) | lcc=0.590 | flagged=1
[15:09:36] DEBUG - 94202032_240504a_12~7560_hr4_4697.tif | pred_pos=0 | gt_pos=16208 | diff=16208 (0.247) | lcc=0.247 | flagged=0
[15:09:36] DEBUG - 94202032_240504a_12~7560_hr4_4771.tif | pred_pos=0 | gt_pos=5986 | diff=5986 (0.091) | lcc=0.091 | flagged=0
[15:09:36] DEBUG - 94202032_240504a_12~7560_hr4_4843.tif | pred_pos=0 | gt_pos=6839 | diff=6839 (0.104) | lcc=0.104 | flagged=0
[15:09:36] DEBUG - 94202032_240504a_12~7560_hr4_4911.tif | pred_pos=0 | gt_pos=8003 | diff=8003 (0.122) | lcc=0.122 | flagged=0
[15:09:36] DEBUG - 94202032_240504a_12~7560_hr4_4916.tif | pred_pos=0 | gt_pos=0 | diff=0 (0.000) | lcc=0.000 | flagged=0
[15:09:36] DEBUG - 94202032_240504a_12~7560_hr4_493.tif | pred_pos=0 | gt_pos=24527 | diff=24527 (0.374) | lcc=0.374 | flagged=0
[15:09:36] DEBUG - 94202032_240504a_12~7560_hr4_5041.tif | pred_pos=0 | gt_pos=6843 | diff=6843 (0.104) | lcc=0.104 | flagged=0
[15:09:36] DEBUG - 94202032_240504a_12~7560_hr4_505.tif | pred_pos=0 | gt_pos=0 | diff=0 (0.000) | lcc=0.000 | flagged=0
[15:09:36] DEBUG - 94202032_240504a_12~7560_hr4_5184.tif | pred_pos=0 | gt_pos=0 | diff=0 (0.000) | lcc=0.000 | flagged=0
[15:09:36] DEBUG - 94202032_240504a_12~7560_hr4_5426.tif | pred_pos=0 | gt_pos=11341 | diff=11341 (0.173) | lcc=0.173 | flagged=0
[15:09:36] DEBUG - 94202032_240504a_12~7560_hr4_5427.tif | pred_pos=0 | gt_pos=55975 | diff=55975 (0.854) | lcc=0.854 | flagged=1
[15:09:36] DEBUG - 94202032_240504a_12~7560_hr4_55.tif | pred_pos=0 | gt_pos=31355 | diff=31355 (0.478) | lcc=0.478 | flagged=0
[15:09:36] DEBUG - 94202032_240504a_12~7560_hr4_5546.tif | pred_pos=0 | gt_pos=3602 | diff=3602 (0.055) | lcc=0.055 | flagged=0
[15:09:36] DEBUG - 94202032_240504a_12~7560_hr4_5547.tif | pred_pos=0 | gt_pos=23458 | diff=23458 (0.358) | lcc=0.358 | flagged=0
[15:09:36] DEBUG - 94202032_240504a_12~7560_hr4_5628.tif | pred_pos=0 | gt_pos=18845 | diff=18845 (0.288) | lcc=0.288 | flagged=0
[15:09:36] DEBUG - 94202032_240504a_12~7560_hr4_5653.tif | pred_pos=0 | gt_pos=20677 | diff=20677 (0.316) | lcc=0.316 | flagged=0
[15:09:36] DEBUG - 94202032_240504a_12~7560_hr4_57.tif | pred_pos=0 | gt_pos=764 | diff=764 (0.012) | lcc=0.012 | flagged=0
[15:09:36] DEBUG - 94202032_240504a_12~7560_hr4_5703.tif | pred_pos=0 | gt_pos=64173 | diff=64173 (0.979) | lcc=0.979 | flagged=1
[15:09:36] DEBUG - 94202032_240504a_12~7560_hr4_5801.tif | pred_pos=0 | gt_pos=62496 | diff=62496 (0.954) | lcc=0.954 | flagged=1
[15:09:36] DEBUG - 94202032_240504a_12~7560_hr4_592.tif | pred_pos=0 | gt_pos=1094 | diff=1094 (0.017) | lcc=0.017 | flagged=0
[15:09:36] DEBUG - 94202032_240504a_12~7560_hr4_64.tif | pred_pos=0 | gt_pos=20621 | diff=20621 (0.315) | lcc=0.315 | flagged=0
[15:09:36] DEBUG - 94202032_240504a_12~7560_hr4_65.tif | pred_pos=0 | gt_pos=19294 | diff=19294 (0.294) | lcc=0.294 | flagged=0
[15:09:36] DEBUG - 94202032_240504a_12~7560_hr4_666.tif | pred_pos=0 | gt_pos=11320 | diff=11320 (0.173) | lcc=0.173 | flagged=0
[15:09:36] DEBUG - 94202032_240504a_12~7560_hr4_67.tif | pred_pos=0 | gt_pos=44239 | diff=44239 (0.675) | lcc=0.419 | flagged=0
[15:09:36] DEBUG - 94202032_240504a_12~7560_hr4_675.tif | pred_pos=0 | gt_pos=2831 | diff=2831 (0.043) | lcc=0.043 | flagged=0
[15:09:36] DEBUG - 94202032_240504a_12~7560_hr4_680.tif | pred_pos=0 | gt_pos=17552 | diff=17552 (0.268) | lcc=0.268 | flagged=0
[15:09:36] DEBUG - 94202032_240504a_12~7560_hr4_75.tif | pred_pos=0 | gt_pos=31783 | diff=31783 (0.485) | lcc=0.485 | flagged=0
[15:09:36] DEBUG - 94202032_240504a_12~7560_hr4_800.tif | pred_pos=0 | gt_pos=11042 | diff=11042 (0.168) | lcc=0.168 | flagged=0
[15:09:36] DEBUG - 94202032_240504a_12~7560_hr4_876.tif | pred_pos=0 | gt_pos=0 | diff=0 (0.000) | lcc=0.000 | flagged=0
[15:09:36] DEBUG - 94202032_240504a_12~7560_hr4_882.tif | pred_pos=0 | gt_pos=65536 | diff=65536 (1.000) | lcc=1.000 | flagged=1
[15:09:36] DEBUG - 94202032_240504a_12~7560_hr4_939.tif | pred_pos=0 | gt_pos=18466 | diff=18466 (0.282) | lcc=0.282 | flagged=0
[15:09:36] DEBUG - 94202032_240504a_12~7560_hr4_986.tif | pred_pos=0 | gt_pos=0 | diff=0 (0.000) | lcc=0.000 | flagged=0
[15:09:36] DEBUG - 94202032_240504a_12~7560_hr4_991.tif | pred_pos=0 | gt_pos=16117 | diff=16117 (0.246) | lcc=0.246 | flagged=0
[15:09:37] DEBUG - 94202032_240504a_12~7560_hr4_993.tif | pred_pos=0 | gt_pos=28171 | diff=28171 (0.430) | lcc=0.430 | flagged=0
[15:09:37] DEBUG - 94202032_240504a_12~7560_hr4_996.tif | pred_pos=0 | gt_pos=1087 | diff=1087 (0.017) | lcc=0.017 | flagged=0
[15:09:37] DEBUG - 94202033_240504a_13~7813_hr4_1011.tif | pred_pos=0 | gt_pos=789 | diff=789 (0.012) | lcc=0.012 | flagged=0
[15:09:37] DEBUG - 94202033_240504a_13~7813_hr4_1016.tif | pred_pos=0 | gt_pos=40441 | diff=40441 (0.617) | lcc=0.617 | flagged=1
[15:09:37] DEBUG - 94202033_240504a_13~7813_hr4_1019.tif | pred_pos=0 | gt_pos=14999 | diff=14999 (0.229) | lcc=0.229 | flagged=0
[15:09:37] DEBUG - 94202033_240504a_13~7813_hr4_1084.tif | pred_pos=0 | gt_pos=50988 | diff=50988 (0.778) | lcc=0.778 | flagged=1
[15:09:37] DEBUG - 94202033_240504a_13~7813_hr4_1092.tif | pred_pos=0 | gt_pos=20081 | diff=20081 (0.306) | lcc=0.306 | flagged=0
[15:09:37] DEBUG - 94202033_240504a_13~7813_hr4_111.tif | pred_pos=0 | gt_pos=65316 | diff=65316 (0.997) | lcc=0.997 | flagged=1
[15:09:37] DEBUG - 94202033_240504a_13~7813_hr4_115.tif | pred_pos=0 | gt_pos=34922 | diff=34922 (0.533) | lcc=0.533 | flagged=1
[15:09:37] DEBUG - 94202033_240504a_13~7813_hr4_1165.tif | pred_pos=0 | gt_pos=54793 | diff=54793 (0.836) | lcc=0.836 | flagged=1
[15:09:37] DEBUG - 94202033_240504a_13~7813_hr4_1236.tif | pred_pos=0 | gt_pos=44718 | diff=44718 (0.682) | lcc=0.682 | flagged=1
[15:09:37] DEBUG - 94202033_240504a_13~7813_hr4_1238.tif | pred_pos=0 | gt_pos=35398 | diff=35398 (0.540) | lcc=0.540 | flagged=1
[15:09:37] DEBUG - 94202033_240504a_13~7813_hr4_1247.tif | pred_pos=0 | gt_pos=36749 | diff=36749 (0.561) | lcc=0.561 | flagged=1
[15:09:37] DEBUG - 94202033_240504a_13~7813_hr4_1253.tif | pred_pos=0 | gt_pos=39 | diff=39 (0.001) | lcc=0.001 | flagged=0
[15:09:37] DEBUG - 94202033_240504a_13~7813_hr4_1256.tif | pred_pos=0 | gt_pos=43847 | diff=43847 (0.669) | lcc=0.669 | flagged=1
[15:09:37] DEBUG - 94202033_240504a_13~7813_hr4_1270.tif | pred_pos=0 | gt_pos=29440 | diff=29440 (0.449) | lcc=0.449 | flagged=0
[15:09:37] DEBUG - 94202033_240504a_13~7813_hr4_1305.tif | pred_pos=0 | gt_pos=7340 | diff=7340 (0.112) | lcc=0.112 | flagged=0
[15:09:37] DEBUG - 94202033_240504a_13~7813_hr4_1306.tif | pred_pos=0 | gt_pos=65536 | diff=65536 (1.000) | lcc=1.000 | flagged=1
[15:09:37] DEBUG - 94202033_240504a_13~7813_hr4_1310.tif | pred_pos=0 | gt_pos=65536 | diff=65536 (1.000) | lcc=1.000 | flagged=1
[15:09:37] DEBUG - 94202033_240504a_13~7813_hr4_1392.tif | pred_pos=0 | gt_pos=8291 | diff=8291 (0.127) | lcc=0.127 | flagged=0
[15:09:37] DEBUG - 94202033_240504a_13~7813_hr4_1394.tif | pred_pos=0 | gt_pos=14489 | diff=14489 (0.221) | lcc=0.221 | flagged=0
[15:09:37] DEBUG - 94202033_240504a_13~7813_hr4_1398.tif | pred_pos=0 | gt_pos=50982 | diff=50982 (0.778) | lcc=0.778 | flagged=1
[15:09:37] DEBUG - 94202033_240504a_13~7813_hr4_141.tif | pred_pos=0 | gt_pos=4396 | diff=4396 (0.067) | lcc=0.067 | flagged=0
[15:09:37] DEBUG - 94202033_240504a_13~7813_hr4_1458.tif | pred_pos=0 | gt_pos=24481 | diff=24481 (0.374) | lcc=0.374 | flagged=0
[15:09:37] DEBUG - 94202033_240504a_13~7813_hr4_1465.tif | pred_pos=0 | gt_pos=42779 | diff=42779 (0.653) | lcc=0.653 | flagged=1
[15:09:37] DEBUG - 94202033_240504a_13~7813_hr4_1474.tif | pred_pos=0 | gt_pos=65536 | diff=65536 (1.000) | lcc=1.000 | flagged=1
[15:09:37] DEBUG - 94202033_240504a_13~7813_hr4_1528.tif | pred_pos=0 | gt_pos=34324 | diff=34324 (0.524) | lcc=0.524 | flagged=1
[15:09:37] DEBUG - 94202033_240504a_13~7813_hr4_1535.tif | pred_pos=0 | gt_pos=15313 | diff=15313 (0.234) | lcc=0.234 | flagged=0
[15:09:37] DEBUG - 94202033_240504a_13~7813_hr4_1538.tif | pred_pos=0 | gt_pos=45720 | diff=45720 (0.698) | lcc=0.698 | flagged=1
[15:09:37] DEBUG - 94202033_240504a_13~7813_hr4_1603.tif | pred_pos=0 | gt_pos=63409 | diff=63409 (0.968) | lcc=0.968 | flagged=1
[15:09:37] DEBUG - 94202033_240504a_13~7813_hr4_1647.tif | pred_pos=0 | gt_pos=31786 | diff=31786 (0.485) | lcc=0.485 | flagged=0
[15:09:37] DEBUG - 94202033_240504a_13~7813_hr4_1687.tif | pred_pos=0 | gt_pos=55818 | diff=55818 (0.852) | lcc=0.852 | flagged=1
[15:09:37] DEBUG - 94202033_240504a_13~7813_hr4_1766.tif | pred_pos=0 | gt_pos=60040 | diff=60040 (0.916) | lcc=0.916 | flagged=1
[15:09:37] DEBUG - 94202033_240504a_13~7813_hr4_1769.tif | pred_pos=0 | gt_pos=26246 | diff=26246 (0.400) | lcc=0.400 | flagged=0
[15:09:37] DEBUG - 94202033_240504a_13~7813_hr4_1778.tif | pred_pos=0 | gt_pos=0 | diff=0 (0.000) | lcc=0.000 | flagged=0
[15:09:37] DEBUG - 94202033_240504a_13~7813_hr4_1808.tif | pred_pos=0 | gt_pos=0 | diff=0 (0.000) | lcc=0.000 | flagged=0
[15:09:37] DEBUG - 94202033_240504a_13~7813_hr4_1901.tif | pred_pos=0 | gt_pos=823 | diff=823 (0.013) | lcc=0.013 | flagged=0
[15:09:37] DEBUG - 94202033_240504a_13~7813_hr4_1965.tif | pred_pos=0 | gt_pos=52627 | diff=52627 (0.803) | lcc=0.803 | flagged=1
[15:09:37] DEBUG - 94202033_240504a_13~7813_hr4_1971.tif | pred_pos=0 | gt_pos=53275 | diff=53275 (0.813) | lcc=0.813 | flagged=1
[15:09:37] DEBUG - 94202033_240504a_13~7813_hr4_2008.tif | pred_pos=0 | gt_pos=32324 | diff=32324 (0.493) | lcc=0.493 | flagged=0
[15:09:37] DEBUG - 94202033_240504a_13~7813_hr4_2014.tif | pred_pos=0 | gt_pos=8279 | diff=8279 (0.126) | lcc=0.126 | flagged=0
[15:09:37] DEBUG - 94202033_240504a_13~7813_hr4_2050.tif | pred_pos=0 | gt_pos=35254 | diff=35254 (0.538) | lcc=0.538 | flagged=1
[15:09:37] DEBUG - 94202033_240504a_13~7813_hr4_2059.tif | pred_pos=0 | gt_pos=7448 | diff=7448 (0.114) | lcc=0.114 | flagged=0
[15:09:37] DEBUG - 94202033_240504a_13~7813_hr4_2086.tif | pred_pos=0 | gt_pos=0 | diff=0 (0.000) | lcc=0.000 | flagged=0
[15:09:37] DEBUG - 94202033_240504a_13~7813_hr4_2122.tif | pred_pos=0 | gt_pos=33316 | diff=33316 (0.508) | lcc=0.448 | flagged=0
[15:09:37] DEBUG - 94202033_240504a_13~7813_hr4_214.tif | pred_pos=0 | gt_pos=44731 | diff=44731 (0.683) | lcc=0.683 | flagged=1
[15:09:37] DEBUG - 94202033_240504a_13~7813_hr4_2195.tif | pred_pos=0 | gt_pos=49410 | diff=49410 (0.754) | lcc=0.754 | flagged=1
[15:09:37] DEBUG - 94202033_240504a_13~7813_hr4_220.tif | pred_pos=0 | gt_pos=40056 | diff=40056 (0.611) | lcc=0.611 | flagged=1
[15:09:37] DEBUG - 94202033_240504a_13~7813_hr4_2200.tif | pred_pos=0 | gt_pos=36455 | diff=36455 (0.556) | lcc=0.498 | flagged=0
[15:09:37] DEBUG - 94202033_240504a_13~7813_hr4_2205.tif | pred_pos=0 | gt_pos=2290 | diff=2290 (0.035) | lcc=0.035 | flagged=0
[15:09:37] DEBUG - 94202033_240504a_13~7813_hr4_2219.tif | pred_pos=0 | gt_pos=33510 | diff=33510 (0.511) | lcc=0.511 | flagged=1
[15:09:37] DEBUG - 94202033_240504a_13~7813_hr4_2245.tif | pred_pos=0 | gt_pos=25886 | diff=25886 (0.395) | lcc=0.395 | flagged=0
[15:09:37] DEBUG - 94202033_240504a_13~7813_hr4_2325.tif | pred_pos=0 | gt_pos=9897 | diff=9897 (0.151) | lcc=0.151 | flagged=0
[15:09:37] DEBUG - 94202033_240504a_13~7813_hr4_2357.tif | pred_pos=0 | gt_pos=29699 | diff=29699 (0.453) | lcc=0.453 | flagged=0
[15:09:37] DEBUG - 94202033_240504a_13~7813_hr4_2365.tif | pred_pos=0 | gt_pos=25648 | diff=25648 (0.391) | lcc=0.391 | flagged=0
[15:09:37] DEBUG - 94202033_240504a_13~7813_hr4_2373.tif | pred_pos=0 | gt_pos=1860 | diff=1860 (0.028) | lcc=0.028 | flagged=0
[15:09:37] DEBUG - 94202033_240504a_13~7813_hr4_2425.tif | pred_pos=0 | gt_pos=444 | diff=444 (0.007) | lcc=0.007 | flagged=0
[15:09:37] DEBUG - 94202033_240504a_13~7813_hr4_2428.tif | pred_pos=0 | gt_pos=38778 | diff=38778 (0.592) | lcc=0.592 | flagged=1
[15:09:37] DEBUG - 94202033_240504a_13~7813_hr4_2441.tif | pred_pos=0 | gt_pos=20365 | diff=20365 (0.311) | lcc=0.311 | flagged=0
[15:09:37] DEBUG - 94202033_240504a_13~7813_hr4_2457.tif | pred_pos=0 | gt_pos=7243 | diff=7243 (0.111) | lcc=0.111 | flagged=0
[15:09:37] DEBUG - 94202033_240504a_13~7813_hr4_2502.tif | pred_pos=0 | gt_pos=36360 | diff=36360 (0.555) | lcc=0.494 | flagged=0
[15:09:37] DEBUG - 94202033_240504a_13~7813_hr4_2503.tif | pred_pos=0 | gt_pos=30825 | diff=30825 (0.470) | lcc=0.470 | flagged=0
[15:09:37] DEBUG - 94202033_240504a_13~7813_hr4_2509.tif | pred_pos=0 | gt_pos=28 | diff=28 (0.000) | lcc=0.000 | flagged=0
[15:09:37] DEBUG - 94202033_240504a_13~7813_hr4_2510.tif | pred_pos=0 | gt_pos=12965 | diff=12965 (0.198) | lcc=0.198 | flagged=0
[15:09:40] DEBUG - 94202033_240504a_13~7813_hr4_2562.tif | pred_pos=0 | gt_pos=39776 | diff=39776 (0.607) | lcc=0.607 | flagged=1
[15:09:40] DEBUG - 94202033_240504a_13~7813_hr4_2563.tif | pred_pos=0 | gt_pos=22030 | diff=22030 (0.336) | lcc=0.336 | flagged=0
[15:09:40] DEBUG - 94202033_240504a_13~7813_hr4_257.tif | pred_pos=0 | gt_pos=10606 | diff=10606 (0.162) | lcc=0.162 | flagged=0
[15:09:40] DEBUG - 94202033_240504a_13~7813_hr4_2581.tif | pred_pos=0 | gt_pos=8614 | diff=8614 (0.131) | lcc=0.131 | flagged=0
[15:09:40] DEBUG - 94202033_240504a_13~7813_hr4_2594.tif | pred_pos=0 | gt_pos=7859 | diff=7859 (0.120) | lcc=0.120 | flagged=0
[15:09:40] DEBUG - 94202033_240504a_13~7813_hr4_2633.tif | pred_pos=0 | gt_pos=63990 | diff=63990 (0.976) | lcc=0.976 | flagged=1
[15:09:40] DEBUG - 94202033_240504a_13~7813_hr4_2650.tif | pred_pos=0 | gt_pos=40732 | diff=40732 (0.622) | lcc=0.622 | flagged=1
[15:09:40] DEBUG - 94202033_240504a_13~7813_hr4_2666.tif | pred_pos=0 | gt_pos=0 | diff=0 (0.000) | lcc=0.000 | flagged=0
[15:09:40] DEBUG - 94202033_240504a_13~7813_hr4_2705.tif | pred_pos=0 | gt_pos=65495 | diff=65495 (0.999) | lcc=0.999 | flagged=1
[15:09:40] DEBUG - 94202033_240504a_13~7813_hr4_272.tif | pred_pos=0 | gt_pos=44534 | diff=44534 (0.680) | lcc=0.680 | flagged=1
[15:09:40] DEBUG - 94202033_240504a_13~7813_hr4_2777.tif | pred_pos=0 | gt_pos=16089 | diff=16089 (0.245) | lcc=0.245 | flagged=0
[15:09:40] DEBUG - 94202033_240504a_13~7813_hr4_2790.tif | pred_pos=0 | gt_pos=14153 | diff=14153 (0.216) | lcc=0.216 | flagged=0
[15:09:40] DEBUG - 94202033_240504a_13~7813_hr4_2811.tif | pred_pos=0 | gt_pos=993 | diff=993 (0.015) | lcc=0.015 | flagged=0
[15:09:40] DEBUG - 94202033_240504a_13~7813_hr4_2861.tif | pred_pos=0 | gt_pos=29872 | diff=29872 (0.456) | lcc=0.456 | flagged=0
[15:09:40] DEBUG - 94202033_240504a_13~7813_hr4_2864.tif | pred_pos=0 | gt_pos=13770 | diff=13770 (0.210) | lcc=0.197 | flagged=0
[15:09:40] DEBUG - 94202033_240504a_13~7813_hr4_2923.tif | pred_pos=0 | gt_pos=7692 | diff=7692 (0.117) | lcc=0.117 | flagged=0
[15:09:40] DEBUG - 94202033_240504a_13~7813_hr4_2925.tif | pred_pos=0 | gt_pos=40417 | diff=40417 (0.617) | lcc=0.617 | flagged=1
[15:09:40] DEBUG - 94202033_240504a_13~7813_hr4_2982.tif | pred_pos=0 | gt_pos=26331 | diff=26331 (0.402) | lcc=0.402 | flagged=0
[15:09:40] DEBUG - 94202033_240504a_13~7813_hr4_3.tif | pred_pos=0 | gt_pos=6301 | diff=6301 (0.096) | lcc=0.096 | flagged=0
[15:09:40] DEBUG - 94202033_240504a_13~7813_hr4_3012.tif | pred_pos=0 | gt_pos=18339 | diff=18339 (0.280) | lcc=0.280 | flagged=0
[15:09:40] DEBUG - 94202033_240504a_13~7813_hr4_3014.tif | pred_pos=0 | gt_pos=6727 | diff=6727 (0.103) | lcc=0.103 | flagged=0
[15:09:40] DEBUG - 94202033_240504a_13~7813_hr4_308.tif | pred_pos=0 | gt_pos=2843 | diff=2843 (0.043) | lcc=0.043 | flagged=0
[15:09:40] DEBUG - 94202033_240504a_13~7813_hr4_3157.tif | pred_pos=0 | gt_pos=62649 | diff=62649 (0.956) | lcc=0.956 | flagged=1
[15:09:40] DEBUG - 94202033_240504a_13~7813_hr4_3231.tif | pred_pos=0 | gt_pos=47158 | diff=47158 (0.720) | lcc=0.720 | flagged=1
[15:09:40] DEBUG - 94202033_240504a_13~7813_hr4_3307.tif | pred_pos=0 | gt_pos=39542 | diff=39542 (0.603) | lcc=0.603 | flagged=1
[15:09:40] DEBUG - 94202033_240504a_13~7813_hr4_3384.tif | pred_pos=0 | gt_pos=8 | diff=8 (0.000) | lcc=0.000 | flagged=0
[15:09:40] DEBUG - 94202033_240504a_13~7813_hr4_3459.tif | pred_pos=0 | gt_pos=22703 | diff=22703 (0.346) | lcc=0.346 | flagged=0
[15:09:40] DEBUG - 94202033_240504a_13~7813_hr4_3526.tif | pred_pos=0 | gt_pos=389 | diff=389 (0.006) | lcc=0.006 | flagged=0
[15:09:40] DEBUG - 94202033_240504a_13~7813_hr4_3541.tif | pred_pos=0 | gt_pos=7286 | diff=7286 (0.111) | lcc=0.111 | flagged=0
[15:09:40] DEBUG - 94202033_240504a_13~7813_hr4_3552.tif | pred_pos=0 | gt_pos=23854 | diff=23854 (0.364) | lcc=0.364 | flagged=0
[15:09:40] DEBUG - 94202033_240504a_13~7813_hr4_3562.tif | pred_pos=0 | gt_pos=25897 | diff=25897 (0.395) | lcc=0.395 | flagged=0
[15:09:40] DEBUG - 94202033_240504a_13~7813_hr4_3616.tif | pred_pos=0 | gt_pos=6388 | diff=6388 (0.097) | lcc=0.097 | flagged=0
[15:09:40] DEBUG - 94202033_240504a_13~7813_hr4_362.tif | pred_pos=0 | gt_pos=10062 | diff=10062 (0.154) | lcc=0.154 | flagged=0
[15:09:40] DEBUG - 94202033_240504a_13~7813_hr4_3620.tif | pred_pos=0 | gt_pos=10695 | diff=10695 (0.163) | lcc=0.163 | flagged=0
[15:09:40] DEBUG - 94202033_240504a_13~7813_hr4_365.tif | pred_pos=0 | gt_pos=651 | diff=651 (0.010) | lcc=0.010 | flagged=0
[15:09:40] DEBUG - 94202033_240504a_13~7813_hr4_3680.tif | pred_pos=0 | gt_pos=580 | diff=580 (0.009) | lcc=0.009 | flagged=0
[15:09:40] DEBUG - 94202033_240504a_13~7813_hr4_3683.tif | pred_pos=0 | gt_pos=27404 | diff=27404 (0.418) | lcc=0.418 | flagged=0
[15:09:40] DEBUG - 94202033_240504a_13~7813_hr4_372.tif | pred_pos=0 | gt_pos=0 | diff=0 (0.000) | lcc=0.000 | flagged=0
[15:09:40] DEBUG - 94202033_240504a_13~7813_hr4_3754.tif | pred_pos=0 | gt_pos=3789 | diff=3789 (0.058) | lcc=0.058 | flagged=0
[15:09:40] DEBUG - 94202033_240504a_13~7813_hr4_3756.tif | pred_pos=0 | gt_pos=14366 | diff=14366 (0.219) | lcc=0.219 | flagged=0
[15:09:40] DEBUG - 94202033_240504a_13~7813_hr4_382.tif | pred_pos=0 | gt_pos=24685 | diff=24685 (0.377) | lcc=0.377 | flagged=0
[15:09:40] DEBUG - 94202033_240504a_13~7813_hr4_3836.tif | pred_pos=0 | gt_pos=58322 | diff=58322 (0.890) | lcc=0.890 | flagged=1
[15:09:40] DEBUG - 94202033_240504a_13~7813_hr4_3846.tif | pred_pos=0 | gt_pos=2227 | diff=2227 (0.034) | lcc=0.034 | flagged=0
[15:09:40] DEBUG - 94202033_240504a_13~7813_hr4_3902.tif | pred_pos=0 | gt_pos=2533 | diff=2533 (0.039) | lcc=0.039 | flagged=0
[15:09:40] DEBUG - 94202033_240504a_13~7813_hr4_3912.tif | pred_pos=0 | gt_pos=32666 | diff=32666 (0.498) | lcc=0.498 | flagged=0
[15:09:40] DEBUG - 94202033_240504a_13~7813_hr4_3932.tif | pred_pos=0 | gt_pos=7 | diff=7 (0.000) | lcc=0.000 | flagged=0
[15:09:40] DEBUG - 94202033_240504a_13~7813_hr4_3973.tif | pred_pos=0 | gt_pos=5146 | diff=5146 (0.079) | lcc=0.079 | flagged=0
[15:09:40] DEBUG - 94202033_240504a_13~7813_hr4_3981.tif | pred_pos=0 | gt_pos=21757 | diff=21757 (0.332) | lcc=0.332 | flagged=0
[15:09:40] DEBUG - 94202033_240504a_13~7813_hr4_4049.tif | pred_pos=0 | gt_pos=38576 | diff=38576 (0.589) | lcc=0.589 | flagged=1
[15:09:40] DEBUG - 94202033_240504a_13~7813_hr4_4070.tif | pred_pos=0 | gt_pos=6274 | diff=6274 (0.096) | lcc=0.096 | flagged=0
[15:09:40] DEBUG - 94202033_240504a_13~7813_hr4_4077.tif | pred_pos=0 | gt_pos=25990 | diff=25990 (0.397) | lcc=0.397 | flagged=0
[15:09:40] DEBUG - 94202033_240504a_13~7813_hr4_4129.tif | pred_pos=0 | gt_pos=32513 | diff=32513 (0.496) | lcc=0.496 | flagged=0
[15:09:40] DEBUG - 94202033_240504a_13~7813_hr4_4134.tif | pred_pos=0 | gt_pos=0 | diff=0 (0.000) | lcc=0.000 | flagged=0
[15:09:40] DEBUG - 94202033_240504a_13~7813_hr4_418.tif | pred_pos=0 | gt_pos=44596 | diff=44596 (0.680) | lcc=0.680 | flagged=1
[15:09:40] DEBUG - 94202033_240504a_13~7813_hr4_42.tif | pred_pos=0 | gt_pos=30627 | diff=30627 (0.467) | lcc=0.467 | flagged=0
[15:09:40] DEBUG - 94202033_240504a_13~7813_hr4_420.tif | pred_pos=0 | gt_pos=51408 | diff=51408 (0.784) | lcc=0.784 | flagged=1
[15:09:40] DEBUG - 94202033_240504a_13~7813_hr4_4202.tif | pred_pos=0 | gt_pos=1425 | diff=1425 (0.022) | lcc=0.022 | flagged=0
[15:09:40] DEBUG - 94202033_240504a_13~7813_hr4_4217.tif | pred_pos=0 | gt_pos=27599 | diff=27599 (0.421) | lcc=0.421 | flagged=0
[15:09:40] DEBUG - 94202033_240504a_13~7813_hr4_4280.tif | pred_pos=0 | gt_pos=47537 | diff=47537 (0.725) | lcc=0.725 | flagged=1
[15:09:40] DEBUG - 94202033_240504a_13~7813_hr4_4333.tif | pred_pos=0 | gt_pos=49920 | diff=49920 (0.762) | lcc=0.762 | flagged=1
[15:09:40] DEBUG - 94202033_240504a_13~7813_hr4_4361.tif | pred_pos=0 | gt_pos=27616 | diff=27616 (0.421) | lcc=0.421 | flagged=0
[15:09:40] DEBUG - 94202033_240504a_13~7813_hr4_4438.tif | pred_pos=0 | gt_pos=6104 | diff=6104 (0.093) | lcc=0.093 | flagged=0
[15:09:40] DEBUG - 94202033_240504a_13~7813_hr4_448.tif | pred_pos=0 | gt_pos=11991 | diff=11991 (0.183) | lcc=0.183 | flagged=0
[15:09:40] DEBUG - 94202033_240504a_13~7813_hr4_4493.tif | pred_pos=0 | gt_pos=27601 | diff=27601 (0.421) | lcc=0.421 | flagged=0
[15:09:41] DEBUG - 94202033_240504a_13~7813_hr4_4506.tif | pred_pos=0 | gt_pos=14133 | diff=14133 (0.216) | lcc=0.216 | flagged=0
[15:09:41] DEBUG - 94202033_240504a_13~7813_hr4_4512.tif | pred_pos=0 | gt_pos=22997 | diff=22997 (0.351) | lcc=0.351 | flagged=0
[15:09:41] DEBUG - 94202033_240504a_13~7813_hr4_4567.tif | pred_pos=0 | gt_pos=26923 | diff=26923 (0.411) | lcc=0.411 | flagged=0
[15:09:41] DEBUG - 94202033_240504a_13~7813_hr4_4633.tif | pred_pos=0 | gt_pos=333 | diff=333 (0.005) | lcc=0.005 | flagged=0
[15:09:41] DEBUG - 94202033_240504a_13~7813_hr4_4660.tif | pred_pos=0 | gt_pos=15867 | diff=15867 (0.242) | lcc=0.242 | flagged=0
[15:09:41] DEBUG - 94202033_240504a_13~7813_hr4_4663.tif | pred_pos=0 | gt_pos=45006 | diff=45006 (0.687) | lcc=0.687 | flagged=1
[15:09:41] DEBUG - 94202033_240504a_13~7813_hr4_4698.tif | pred_pos=0 | gt_pos=16 | diff=16 (0.000) | lcc=0.000 | flagged=0
[15:09:41] DEBUG - 94202033_240504a_13~7813_hr4_4716.tif | pred_pos=0 | gt_pos=59850 | diff=59850 (0.913) | lcc=0.913 | flagged=1
[15:09:41] DEBUG - 94202033_240504a_13~7813_hr4_476.tif | pred_pos=0 | gt_pos=8684 | diff=8684 (0.133) | lcc=0.133 | flagged=0
[15:09:41] DEBUG - 94202033_240504a_13~7813_hr4_478.tif | pred_pos=0 | gt_pos=12208 | diff=12208 (0.186) | lcc=0.186 | flagged=0
[15:09:41] DEBUG - 94202033_240504a_13~7813_hr4_4784.tif | pred_pos=0 | gt_pos=31070 | diff=31070 (0.474) | lcc=0.474 | flagged=0
[15:09:41] DEBUG - 94202033_240504a_13~7813_hr4_479.tif | pred_pos=0 | gt_pos=6048 | diff=6048 (0.092) | lcc=0.092 | flagged=0
[15:09:41] DEBUG - 94202033_240504a_13~7813_hr4_4863.tif | pred_pos=0 | gt_pos=31214 | diff=31214 (0.476) | lcc=0.476 | flagged=0
[15:09:41] DEBUG - 94202033_240504a_13~7813_hr4_4902.tif | pred_pos=0 | gt_pos=0 | diff=0 (0.000) | lcc=0.000 | flagged=0
[15:09:41] DEBUG - 94202033_240504a_13~7813_hr4_5017.tif | pred_pos=0 | gt_pos=43619 | diff=43619 (0.666) | lcc=0.666 | flagged=1
[15:09:41] DEBUG - 94202033_240504a_13~7813_hr4_5026.tif | pred_pos=0 | gt_pos=13988 | diff=13988 (0.213) | lcc=0.213 | flagged=0
[15:09:41] DEBUG - 94202033_240504a_13~7813_hr4_5062.tif | pred_pos=0 | gt_pos=2304 | diff=2304 (0.035) | lcc=0.035 | flagged=0
[15:09:41] DEBUG - 94202033_240504a_13~7813_hr4_5078.tif | pred_pos=0 | gt_pos=4769 | diff=4769 (0.073) | lcc=0.073 | flagged=0
[15:09:41] DEBUG - 94202033_240504a_13~7813_hr4_508.tif | pred_pos=0 | gt_pos=52123 | diff=52123 (0.795) | lcc=0.552 | flagged=1
[15:09:41] DEBUG - 94202033_240504a_13~7813_hr4_5082.tif | pred_pos=0 | gt_pos=13898 | diff=13898 (0.212) | lcc=0.212 | flagged=0
[15:09:41] DEBUG - 94202033_240504a_13~7813_hr4_5088.tif | pred_pos=0 | gt_pos=3792 | diff=3792 (0.058) | lcc=0.058 | flagged=0
[15:09:41] DEBUG - 94202033_240504a_13~7813_hr4_509.tif | pred_pos=0 | gt_pos=11474 | diff=11474 (0.175) | lcc=0.145 | flagged=0
[15:09:41] DEBUG - 94202033_240504a_13~7813_hr4_5093.tif | pred_pos=0 | gt_pos=1256 | diff=1256 (0.019) | lcc=0.019 | flagged=0
[15:09:41] DEBUG - 94202033_240504a_13~7813_hr4_5104.tif | pred_pos=0 | gt_pos=36181 | diff=36181 (0.552) | lcc=0.552 | flagged=1
[15:09:41] DEBUG - 94202033_240504a_13~7813_hr4_5136.tif | pred_pos=0 | gt_pos=6144 | diff=6144 (0.094) | lcc=0.094 | flagged=0
[15:09:41] DEBUG - 94202033_240504a_13~7813_hr4_5157.tif | pred_pos=0 | gt_pos=23496 | diff=23496 (0.359) | lcc=0.359 | flagged=0
[15:09:41] DEBUG - 94202033_240504a_13~7813_hr4_5165.tif | pred_pos=0 | gt_pos=14904 | diff=14904 (0.227) | lcc=0.227 | flagged=0
[15:09:41] DEBUG - 94202033_240504a_13~7813_hr4_5168.tif | pred_pos=0 | gt_pos=41417 | diff=41417 (0.632) | lcc=0.632 | flagged=1
[15:09:41] DEBUG - 94202033_240504a_13~7813_hr4_5179.tif | pred_pos=0 | gt_pos=60277 | diff=60277 (0.920) | lcc=0.920 | flagged=1
[15:09:41] DEBUG - 94202033_240504a_13~7813_hr4_518.tif | pred_pos=0 | gt_pos=33312 | diff=33312 (0.508) | lcc=0.508 | flagged=1
[15:09:41] DEBUG - 94202033_240504a_13~7813_hr4_521.tif | pred_pos=0 | gt_pos=0 | diff=0 (0.000) | lcc=0.000 | flagged=0
[15:09:41] DEBUG - 94202033_240504a_13~7813_hr4_5210.tif | pred_pos=0 | gt_pos=6337 | diff=6337 (0.097) | lcc=0.097 | flagged=0
[15:09:41] DEBUG - 94202033_240504a_13~7813_hr4_523.tif | pred_pos=0 | gt_pos=21690 | diff=21690 (0.331) | lcc=0.331 | flagged=0
[15:09:41] DEBUG - 94202033_240504a_13~7813_hr4_5237.tif | pred_pos=0 | gt_pos=6874 | diff=6874 (0.105) | lcc=0.105 | flagged=0
[15:09:41] DEBUG - 94202033_240504a_13~7813_hr4_5242.tif | pred_pos=0 | gt_pos=40705 | diff=40705 (0.621) | lcc=0.621 | flagged=1
[15:09:41] DEBUG - 94202033_240504a_13~7813_hr4_5318.tif | pred_pos=0 | gt_pos=4131 | diff=4131 (0.063) | lcc=0.063 | flagged=0
[15:09:41] DEBUG - 94202033_240504a_13~7813_hr4_5391.tif | pred_pos=0 | gt_pos=36078 | diff=36078 (0.551) | lcc=0.550 | flagged=1
[15:09:41] DEBUG - 94202033_240504a_13~7813_hr4_5393.tif | pred_pos=0 | gt_pos=52951 | diff=52951 (0.808) | lcc=0.808 | flagged=1
[15:09:41] DEBUG - 94202033_240504a_13~7813_hr4_549.tif | pred_pos=0 | gt_pos=1173 | diff=1173 (0.018) | lcc=0.018 | flagged=0
[15:09:41] DEBUG - 94202033_240504a_13~7813_hr4_5545.tif | pred_pos=0 | gt_pos=54702 | diff=54702 (0.835) | lcc=0.835 | flagged=1
[15:09:41] DEBUG - 94202033_240504a_13~7813_hr4_561.tif | pred_pos=0 | gt_pos=65536 | diff=65536 (1.000) | lcc=1.000 | flagged=1
[15:09:41] DEBUG - 94202033_240504a_13~7813_hr4_5773.tif | pred_pos=0 | gt_pos=35820 | diff=35820 (0.547) | lcc=0.547 | flagged=1
[15:09:41] DEBUG - 94202033_240504a_13~7813_hr4_5832.tif | pred_pos=0 | gt_pos=4544 | diff=4544 (0.069) | lcc=0.069 | flagged=0
[15:09:41] DEBUG - 94202033_240504a_13~7813_hr4_5836.tif | pred_pos=0 | gt_pos=10421 | diff=10421 (0.159) | lcc=0.159 | flagged=0
[15:09:41] DEBUG - 94202033_240504a_13~7813_hr4_5841.tif | pred_pos=0 | gt_pos=50384 | diff=50384 (0.769) | lcc=0.482 | flagged=0
[15:09:41] DEBUG - 94202033_240504a_13~7813_hr4_5844.tif | pred_pos=0 | gt_pos=16857 | diff=16857 (0.257) | lcc=0.257 | flagged=0
[15:09:41] DEBUG - 94202033_240504a_13~7813_hr4_626.tif | pred_pos=0 | gt_pos=30585 | diff=30585 (0.467) | lcc=0.467 | flagged=0
[15:09:41] DEBUG - 94202033_240504a_13~7813_hr4_633.tif | pred_pos=0 | gt_pos=23818 | diff=23818 (0.363) | lcc=0.363 | flagged=0
[15:09:41] DEBUG - 94202033_240504a_13~7813_hr4_637.tif | pred_pos=0 | gt_pos=17473 | diff=17473 (0.267) | lcc=0.267 | flagged=0
[15:09:41] DEBUG - 94202033_240504a_13~7813_hr4_657.tif | pred_pos=0 | gt_pos=51143 | diff=51143 (0.780) | lcc=0.780 | flagged=1
[15:09:41] DEBUG - 94202033_240504a_13~7813_hr4_665.tif | pred_pos=0 | gt_pos=31744 | diff=31744 (0.484) | lcc=0.484 | flagged=0
[15:09:41] DEBUG - 94202033_240504a_13~7813_hr4_67.tif | pred_pos=0 | gt_pos=24640 | diff=24640 (0.376) | lcc=0.310 | flagged=0
[15:09:41] DEBUG - 94202033_240504a_13~7813_hr4_696.tif | pred_pos=0 | gt_pos=48924 | diff=48924 (0.747) | lcc=0.747 | flagged=1
[15:09:41] DEBUG - 94202033_240504a_13~7813_hr4_700.tif | pred_pos=0 | gt_pos=5361 | diff=5361 (0.082) | lcc=0.082 | flagged=0
[15:09:41] DEBUG - 94202033_240504a_13~7813_hr4_708.tif | pred_pos=0 | gt_pos=0 | diff=0 (0.000) | lcc=0.000 | flagged=0
[15:09:41] DEBUG - 94202033_240504a_13~7813_hr4_71.tif | pred_pos=0 | gt_pos=10177 | diff=10177 (0.155) | lcc=0.078 | flagged=0
[15:09:41] DEBUG - 94202033_240504a_13~7813_hr4_711.tif | pred_pos=0 | gt_pos=65536 | diff=65536 (1.000) | lcc=1.000 | flagged=1
[15:09:41] DEBUG - 94202033_240504a_13~7813_hr4_718.tif | pred_pos=0 | gt_pos=9178 | diff=9178 (0.140) | lcc=0.096 | flagged=0
[15:09:41] DEBUG - 94202033_240504a_13~7813_hr4_720.tif | pred_pos=0 | gt_pos=17843 | diff=17843 (0.272) | lcc=0.154 | flagged=0
[15:09:41] DEBUG - 94202033_240504a_13~7813_hr4_74.tif | pred_pos=0 | gt_pos=65536 | diff=65536 (1.000) | lcc=1.000 | flagged=1
[15:09:41] DEBUG - 94202033_240504a_13~7813_hr4_770.tif | pred_pos=0 | gt_pos=35826 | diff=35826 (0.547) | lcc=0.321 | flagged=0
[15:09:41] DEBUG - 94202033_240504a_13~7813_hr4_801.tif | pred_pos=0 | gt_pos=64 | diff=64 (0.001) | lcc=0.001 | flagged=0
[15:09:41] DEBUG - 94202033_240504a_13~7813_hr4_811.tif | pred_pos=0 | gt_pos=98 | diff=98 (0.001) | lcc=0.001 | flagged=0
[15:09:41] DEBUG - 94202033_240504a_13~7813_hr4_851.tif | pred_pos=0 | gt_pos=29 | diff=29 (0.000) | lcc=0.000 | flagged=0
[15:09:44] DEBUG - 94202033_240504a_13~7813_hr4_860.tif | pred_pos=0 | gt_pos=65342 | diff=65342 (0.997) | lcc=0.997 | flagged=1
[15:09:44] DEBUG - 94202033_240504a_13~7813_hr4_890.tif | pred_pos=0 | gt_pos=32895 | diff=32895 (0.502) | lcc=0.502 | flagged=1
[15:09:44] DEBUG - 94202033_240504a_13~7813_hr4_9.tif | pred_pos=0 | gt_pos=17741 | diff=17741 (0.271) | lcc=0.271 | flagged=0
[15:09:44] DEBUG - 94202033_240504a_13~7813_hr4_929.tif | pred_pos=0 | gt_pos=1278 | diff=1278 (0.020) | lcc=0.020 | flagged=0
[15:09:44] DEBUG - 94202033_240504a_13~7813_hr4_946.tif | pred_pos=0 | gt_pos=49962 | diff=49962 (0.762) | lcc=0.762 | flagged=1
[15:09:44] DEBUG - 94202033_240504a_13~7813_hr4_955.tif | pred_pos=0 | gt_pos=14806 | diff=14806 (0.226) | lcc=0.226 | flagged=0
[15:09:44] DEBUG - 94202034_240504a_14~8070_hr4_1048.tif | pred_pos=0 | gt_pos=65536 | diff=65536 (1.000) | lcc=1.000 | flagged=1
[15:09:44] DEBUG - 94202034_240504a_14~8070_hr4_1054.tif | pred_pos=0 | gt_pos=59044 | diff=59044 (0.901) | lcc=0.901 | flagged=1
[15:09:44] DEBUG - 94202034_240504a_14~8070_hr4_1060.tif | pred_pos=0 | gt_pos=58735 | diff=58735 (0.896) | lcc=0.896 | flagged=1
[15:09:44] DEBUG - 94202034_240504a_14~8070_hr4_1134.tif | pred_pos=0 | gt_pos=57667 | diff=57667 (0.880) | lcc=0.880 | flagged=1
[15:09:44] DEBUG - 94202034_240504a_14~8070_hr4_1196.tif | pred_pos=0 | gt_pos=52481 | diff=52481 (0.801) | lcc=0.752 | flagged=1
[15:09:44] DEBUG - 94202034_240504a_14~8070_hr4_1259.tif | pred_pos=0 | gt_pos=17700 | diff=17700 (0.270) | lcc=0.270 | flagged=0
[15:09:44] DEBUG - 94202034_240504a_14~8070_hr4_1338.tif | pred_pos=0 | gt_pos=42569 | diff=42569 (0.650) | lcc=0.490 | flagged=0
[15:09:44] DEBUG - 94202034_240504a_14~8070_hr4_1407.tif | pred_pos=0 | gt_pos=65536 | diff=65536 (1.000) | lcc=1.000 | flagged=1
[15:09:44] DEBUG - 94202034_240504a_14~8070_hr4_1408.tif | pred_pos=0 | gt_pos=65536 | diff=65536 (1.000) | lcc=1.000 | flagged=1
[15:09:44] DEBUG - 94202034_240504a_14~8070_hr4_1413.tif | pred_pos=0 | gt_pos=65536 | diff=65536 (1.000) | lcc=1.000 | flagged=1
[15:09:44] DEBUG - 94202034_240504a_14~8070_hr4_1417.tif | pred_pos=0 | gt_pos=15358 | diff=15358 (0.234) | lcc=0.234 | flagged=0
[15:09:44] DEBUG - 94202034_240504a_14~8070_hr4_1445.tif | pred_pos=0 | gt_pos=0 | diff=0 (0.000) | lcc=0.000 | flagged=0
[15:09:44] DEBUG - 94202034_240504a_14~8070_hr4_1473.tif | pred_pos=0 | gt_pos=0 | diff=0 (0.000) | lcc=0.000 | flagged=0
[15:09:44] DEBUG - 94202034_240504a_14~8070_hr4_1484.tif | pred_pos=0 | gt_pos=2910 | diff=2910 (0.044) | lcc=0.039 | flagged=0
[15:09:44] DEBUG - 94202034_240504a_14~8070_hr4_1488.tif | pred_pos=0 | gt_pos=214 | diff=214 (0.003) | lcc=0.003 | flagged=0
[15:09:44] DEBUG - 94202034_240504a_14~8070_hr4_1497.tif | pred_pos=0 | gt_pos=15091 | diff=15091 (0.230) | lcc=0.230 | flagged=0
[15:09:44] DEBUG - 94202034_240504a_14~8070_hr4_1571.tif | pred_pos=0 | gt_pos=43934 | diff=43934 (0.670) | lcc=0.670 | flagged=1
[15:09:44] DEBUG - 94202034_240504a_14~8070_hr4_16.tif | pred_pos=0 | gt_pos=51931 | diff=51931 (0.792) | lcc=0.757 | flagged=1
[15:09:44] DEBUG - 94202034_240504a_14~8070_hr4_1705.tif | pred_pos=0 | gt_pos=3954 | diff=3954 (0.060) | lcc=0.060 | flagged=0
[15:09:44] DEBUG - 94202034_240504a_14~8070_hr4_1719.tif | pred_pos=0 | gt_pos=41027 | diff=41027 (0.626) | lcc=0.626 | flagged=1
[15:09:44] DEBUG - 94202034_240504a_14~8070_hr4_1730.tif | pred_pos=0 | gt_pos=552 | diff=552 (0.008) | lcc=0.008 | flagged=0
[15:09:44] DEBUG - 94202034_240504a_14~8070_hr4_1777.tif | pred_pos=0 | gt_pos=1101 | diff=1101 (0.017) | lcc=0.017 | flagged=0
[15:09:44] DEBUG - 94202034_240504a_14~8070_hr4_1789.tif | pred_pos=0 | gt_pos=16879 | diff=16879 (0.258) | lcc=0.254 | flagged=0
[15:09:44] DEBUG - 94202034_240504a_14~8070_hr4_1794.tif | pred_pos=0 | gt_pos=27202 | diff=27202 (0.415) | lcc=0.415 | flagged=0
[15:09:44] DEBUG - 94202034_240504a_14~8070_hr4_183.tif | pred_pos=0 | gt_pos=0 | diff=0 (0.000) | lcc=0.000 | flagged=0
[15:09:44] DEBUG - 94202034_240504a_14~8070_hr4_1872.tif | pred_pos=0 | gt_pos=65536 | diff=65536 (1.000) | lcc=1.000 | flagged=1
[15:09:44] DEBUG - 94202034_240504a_14~8070_hr4_1876.tif | pred_pos=0 | gt_pos=40667 | diff=40667 (0.621) | lcc=0.621 | flagged=1
[15:09:44] DEBUG - 94202034_240504a_14~8070_hr4_1933.tif | pred_pos=0 | gt_pos=65536 | diff=65536 (1.000) | lcc=1.000 | flagged=1
[15:09:44] DEBUG - 94202034_240504a_14~8070_hr4_1938.tif | pred_pos=0 | gt_pos=6820 | diff=6820 (0.104) | lcc=0.104 | flagged=0
[15:09:44] DEBUG - 94202034_240504a_14~8070_hr4_2024.tif | pred_pos=0 | gt_pos=45788 | diff=45788 (0.699) | lcc=0.547 | flagged=1
[15:09:44] DEBUG - 94202034_240504a_14~8070_hr4_2081.tif | pred_pos=0 | gt_pos=63436 | diff=63436 (0.968) | lcc=0.968 | flagged=1
[15:09:44] DEBUG - 94202034_240504a_14~8070_hr4_2087.tif | pred_pos=0 | gt_pos=13216 | diff=13216 (0.202) | lcc=0.202 | flagged=0
[15:09:44] DEBUG - 94202034_240504a_14~8070_hr4_2093.tif | pred_pos=0 | gt_pos=37962 | diff=37962 (0.579) | lcc=0.579 | flagged=1
[15:09:44] DEBUG - 94202034_240504a_14~8070_hr4_2100.tif | pred_pos=0 | gt_pos=8974 | diff=8974 (0.137) | lcc=0.137 | flagged=0
[15:09:44] DEBUG - 94202034_240504a_14~8070_hr4_2164.tif | pred_pos=0 | gt_pos=31463 | diff=31463 (0.480) | lcc=0.463 | flagged=0
[15:09:44] DEBUG - 94202034_240504a_14~8070_hr4_2237.tif | pred_pos=0 | gt_pos=25797 | diff=25797 (0.394) | lcc=0.393 | flagged=0
[15:09:44] DEBUG - 94202034_240504a_14~8070_hr4_2299.tif | pred_pos=0 | gt_pos=7358 | diff=7358 (0.112) | lcc=0.112 | flagged=0
[15:09:44] DEBUG - 94202034_240504a_14~8070_hr4_230.tif | pred_pos=0 | gt_pos=22131 | diff=22131 (0.338) | lcc=0.338 | flagged=0
[15:09:44] DEBUG - 94202034_240504a_14~8070_hr4_2309.tif | pred_pos=0 | gt_pos=31939 | diff=31939 (0.487) | lcc=0.487 | flagged=0
[15:09:44] DEBUG - 94202034_240504a_14~8070_hr4_237.tif | pred_pos=0 | gt_pos=24757 | diff=24757 (0.378) | lcc=0.151 | flagged=0
[15:09:44] DEBUG - 94202034_240504a_14~8070_hr4_2370.tif | pred_pos=0 | gt_pos=23817 | diff=23817 (0.363) | lcc=0.363 | flagged=0
[15:09:44] DEBUG - 94202034_240504a_14~8070_hr4_2377.tif | pred_pos=0 | gt_pos=5782 | diff=5782 (0.088) | lcc=0.081 | flagged=0
[15:09:44] DEBUG - 94202034_240504a_14~8070_hr4_240.tif | pred_pos=0 | gt_pos=7828 | diff=7828 (0.119) | lcc=0.119 | flagged=0
[15:09:44] DEBUG - 94202034_240504a_14~8070_hr4_242.tif | pred_pos=0 | gt_pos=57980 | diff=57980 (0.885) | lcc=0.470 | flagged=0
[15:09:44] DEBUG - 94202034_240504a_14~8070_hr4_2521.tif | pred_pos=0 | gt_pos=24361 | diff=24361 (0.372) | lcc=0.372 | flagged=0
[15:09:44] DEBUG - 94202034_240504a_14~8070_hr4_2528.tif | pred_pos=0 | gt_pos=61032 | diff=61032 (0.931) | lcc=0.931 | flagged=1
[15:09:44] DEBUG - 94202034_240504a_14~8070_hr4_2530.tif | pred_pos=0 | gt_pos=38203 | diff=38203 (0.583) | lcc=0.583 | flagged=1
[15:09:44] DEBUG - 94202034_240504a_14~8070_hr4_2538.tif | pred_pos=0 | gt_pos=9262 | diff=9262 (0.141) | lcc=0.141 | flagged=0
[15:09:44] DEBUG - 94202034_240504a_14~8070_hr4_2603.tif | pred_pos=0 | gt_pos=22945 | diff=22945 (0.350) | lcc=0.348 | flagged=0
[15:09:44] DEBUG - 94202034_240504a_14~8070_hr4_2604.tif | pred_pos=0 | gt_pos=26123 | diff=26123 (0.399) | lcc=0.399 | flagged=0
[15:09:44] DEBUG - 94202034_240504a_14~8070_hr4_2669.tif | pred_pos=0 | gt_pos=48527 | diff=48527 (0.740) | lcc=0.740 | flagged=1
[15:09:44] DEBUG - 94202034_240504a_14~8070_hr4_2676.tif | pred_pos=0 | gt_pos=65536 | diff=65536 (1.000) | lcc=1.000 | flagged=1
[15:09:44] DEBUG - 94202034_240504a_14~8070_hr4_2679.tif | pred_pos=0 | gt_pos=9530 | diff=9530 (0.145) | lcc=0.145 | flagged=0
[15:09:44] DEBUG - 94202034_240504a_14~8070_hr4_300.tif | pred_pos=0 | gt_pos=35239 | diff=35239 (0.538) | lcc=0.538 | flagged=1
[15:09:44] DEBUG - 94202034_240504a_14~8070_hr4_3053.tif | pred_pos=0 | gt_pos=3872 | diff=3872 (0.059) | lcc=0.059 | flagged=0
[15:09:44] DEBUG - 94202034_240504a_14~8070_hr4_3054.tif | pred_pos=0 | gt_pos=31363 | diff=31363 (0.479) | lcc=0.463 | flagged=0
[15:09:44] DEBUG - 94202034_240504a_14~8070_hr4_3129.tif | pred_pos=0 | gt_pos=43853 | diff=43853 (0.669) | lcc=0.669 | flagged=1
[15:09:44] DEBUG - 94202034_240504a_14~8070_hr4_3132.tif | pred_pos=0 | gt_pos=65536 | diff=65536 (1.000) | lcc=1.000 | flagged=1
[15:09:45] DEBUG - 94202034_240504a_14~8070_hr4_3133.tif | pred_pos=0 | gt_pos=11781 | diff=11781 (0.180) | lcc=0.180 | flagged=0
[15:09:45] DEBUG - 94202034_240504a_14~8070_hr4_318.tif | pred_pos=0 | gt_pos=65536 | diff=65536 (1.000) | lcc=1.000 | flagged=1
[15:09:45] DEBUG - 94202034_240504a_14~8070_hr4_3201.tif | pred_pos=0 | gt_pos=20948 | diff=20948 (0.320) | lcc=0.320 | flagged=0
[15:09:45] DEBUG - 94202034_240504a_14~8070_hr4_3340.tif | pred_pos=0 | gt_pos=0 | diff=0 (0.000) | lcc=0.000 | flagged=0
[15:09:45] DEBUG - 94202034_240504a_14~8070_hr4_3419.tif | pred_pos=0 | gt_pos=10220 | diff=10220 (0.156) | lcc=0.156 | flagged=0
[15:09:45] DEBUG - 94202034_240504a_14~8070_hr4_3487.tif | pred_pos=0 | gt_pos=4757 | diff=4757 (0.073) | lcc=0.073 | flagged=0
[15:09:45] DEBUG - 94202034_240504a_14~8070_hr4_3573.tif | pred_pos=0 | gt_pos=16571 | diff=16571 (0.253) | lcc=0.253 | flagged=0
[15:09:45] DEBUG - 94202034_240504a_14~8070_hr4_3579.tif | pred_pos=0 | gt_pos=9448 | diff=9448 (0.144) | lcc=0.128 | flagged=0
[15:09:45] DEBUG - 94202034_240504a_14~8070_hr4_3650.tif | pred_pos=0 | gt_pos=27952 | diff=27952 (0.427) | lcc=0.427 | flagged=0
[15:09:45] DEBUG - 94202034_240504a_14~8070_hr4_3706.tif | pred_pos=0 | gt_pos=6 | diff=6 (0.000) | lcc=0.000 | flagged=0
[15:09:45] DEBUG - 94202034_240504a_14~8070_hr4_380.tif | pred_pos=0 | gt_pos=65536 | diff=65536 (1.000) | lcc=1.000 | flagged=1
[15:09:45] DEBUG - 94202034_240504a_14~8070_hr4_3801.tif | pred_pos=0 | gt_pos=0 | diff=0 (0.000) | lcc=0.000 | flagged=0
[15:09:45] DEBUG - 94202034_240504a_14~8070_hr4_381.tif | pred_pos=0 | gt_pos=27912 | diff=27912 (0.426) | lcc=0.426 | flagged=0
[15:09:45] DEBUG - 94202034_240504a_14~8070_hr4_385.tif | pred_pos=0 | gt_pos=16521 | diff=16521 (0.252) | lcc=0.252 | flagged=0
[15:09:45] DEBUG - 94202034_240504a_14~8070_hr4_3858.tif | pred_pos=0 | gt_pos=0 | diff=0 (0.000) | lcc=0.000 | flagged=0
[15:09:45] DEBUG - 94202034_240504a_14~8070_hr4_3863.tif | pred_pos=0 | gt_pos=65536 | diff=65536 (1.000) | lcc=1.000 | flagged=1
[15:09:45] DEBUG - 94202034_240504a_14~8070_hr4_388.tif | pred_pos=0 | gt_pos=19027 | diff=19027 (0.290) | lcc=0.290 | flagged=0
[15:09:45] DEBUG - 94202034_240504a_14~8070_hr4_3922.tif | pred_pos=0 | gt_pos=1441 | diff=1441 (0.022) | lcc=0.022 | flagged=0
[15:09:45] DEBUG - 94202034_240504a_14~8070_hr4_394.tif | pred_pos=0 | gt_pos=5053 | diff=5053 (0.077) | lcc=0.077 | flagged=0
[15:09:45] DEBUG - 94202034_240504a_14~8070_hr4_3941.tif | pred_pos=0 | gt_pos=6466 | diff=6466 (0.099) | lcc=0.071 | flagged=0
[15:09:45] DEBUG - 94202034_240504a_14~8070_hr4_4003.tif | pred_pos=0 | gt_pos=41637 | diff=41637 (0.635) | lcc=0.635 | flagged=1
[15:09:45] DEBUG - 94202034_240504a_14~8070_hr4_4156.tif | pred_pos=0 | gt_pos=6811 | diff=6811 (0.104) | lcc=0.100 | flagged=0
[15:09:45] DEBUG - 94202034_240504a_14~8070_hr4_4161.tif | pred_pos=0 | gt_pos=35608 | diff=35608 (0.543) | lcc=0.543 | flagged=1
[15:09:45] DEBUG - 94202034_240504a_14~8070_hr4_4167.tif | pred_pos=0 | gt_pos=29281 | diff=29281 (0.447) | lcc=0.447 | flagged=0
[15:09:45] DEBUG - 94202034_240504a_14~8070_hr4_4190.tif | pred_pos=0 | gt_pos=0 | diff=0 (0.000) | lcc=0.000 | flagged=0
[15:09:45] DEBUG - 94202034_240504a_14~8070_hr4_4310.tif | pred_pos=0 | gt_pos=41498 | diff=41498 (0.633) | lcc=0.633 | flagged=1
[15:09:45] DEBUG - 94202034_240504a_14~8070_hr4_4382.tif | pred_pos=0 | gt_pos=10373 | diff=10373 (0.158) | lcc=0.153 | flagged=0
[15:09:45] DEBUG - 94202034_240504a_14~8070_hr4_4384.tif | pred_pos=0 | gt_pos=31379 | diff=31379 (0.479) | lcc=0.252 | flagged=0
[15:09:45] DEBUG - 94202034_240504a_14~8070_hr4_444.tif | pred_pos=0 | gt_pos=7411 | diff=7411 (0.113) | lcc=0.113 | flagged=0
[15:09:45] DEBUG - 94202034_240504a_14~8070_hr4_4458.tif | pred_pos=0 | gt_pos=29217 | diff=29217 (0.446) | lcc=0.446 | flagged=0
[15:09:45] DEBUG - 94202034_240504a_14~8070_hr4_4464.tif | pred_pos=0 | gt_pos=11167 | diff=11167 (0.170) | lcc=0.170 | flagged=0
[15:09:45] DEBUG - 94202034_240504a_14~8070_hr4_4493.tif | pred_pos=0 | gt_pos=0 | diff=0 (0.000) | lcc=0.000 | flagged=0
[15:09:45] DEBUG - 94202034_240504a_14~8070_hr4_4519.tif | pred_pos=0 | gt_pos=37515 | diff=37515 (0.572) | lcc=0.572 | flagged=1
[15:09:45] DEBUG - 94202034_240504a_14~8070_hr4_4527.tif | pred_pos=0 | gt_pos=44042 | diff=44042 (0.672) | lcc=0.672 | flagged=1
[15:09:45] DEBUG - 94202034_240504a_14~8070_hr4_4536.tif | pred_pos=0 | gt_pos=65536 | diff=65536 (1.000) | lcc=1.000 | flagged=1
[15:09:45] DEBUG - 94202034_240504a_14~8070_hr4_4542.tif | pred_pos=0 | gt_pos=29908 | diff=29908 (0.456) | lcc=0.456 | flagged=0
[15:09:45] DEBUG - 94202034_240504a_14~8070_hr4_4588.tif | pred_pos=0 | gt_pos=28005 | diff=28005 (0.427) | lcc=0.223 | flagged=0
[15:09:45] DEBUG - 94202034_240504a_14~8070_hr4_462.tif | pred_pos=0 | gt_pos=15018 | diff=15018 (0.229) | lcc=0.229 | flagged=0
[15:09:45] DEBUG - 94202034_240504a_14~8070_hr4_468.tif | pred_pos=0 | gt_pos=4591 | diff=4591 (0.070) | lcc=0.064 | flagged=0
[15:09:45] DEBUG - 94202034_240504a_14~8070_hr4_4683.tif | pred_pos=0 | gt_pos=45308 | diff=45308 (0.691) | lcc=0.587 | flagged=1
[15:09:45] DEBUG - 94202034_240504a_14~8070_hr4_4754.tif | pred_pos=0 | gt_pos=43095 | diff=43095 (0.658) | lcc=0.658 | flagged=1
[15:09:45] DEBUG - 94202034_240504a_14~8070_hr4_4815.tif | pred_pos=0 | gt_pos=6583 | diff=6583 (0.100) | lcc=0.100 | flagged=0
[15:09:45] DEBUG - 94202034_240504a_14~8070_hr4_4820.tif | pred_pos=0 | gt_pos=22447 | diff=22447 (0.343) | lcc=0.234 | flagged=0
[15:09:45] DEBUG - 94202034_240504a_14~8070_hr4_4822.tif | pred_pos=0 | gt_pos=7342 | diff=7342 (0.112) | lcc=0.112 | flagged=0
[15:09:45] DEBUG - 94202034_240504a_14~8070_hr4_4828.tif | pred_pos=0 | gt_pos=36160 | diff=36160 (0.552) | lcc=0.474 | flagged=0
[15:09:45] DEBUG - 94202034_240504a_14~8070_hr4_4829.tif | pred_pos=0 | gt_pos=63 | diff=63 (0.001) | lcc=0.001 | flagged=0
[15:09:45] DEBUG - 94202034_240504a_14~8070_hr4_4904.tif | pred_pos=0 | gt_pos=8696 | diff=8696 (0.133) | lcc=0.102 | flagged=0
[15:09:45] DEBUG - 94202034_240504a_14~8070_hr4_4969.tif | pred_pos=0 | gt_pos=35850 | diff=35850 (0.547) | lcc=0.547 | flagged=1
[15:09:45] DEBUG - 94202034_240504a_14~8070_hr4_4970.tif | pred_pos=0 | gt_pos=29968 | diff=29968 (0.457) | lcc=0.457 | flagged=0
[15:09:45] DEBUG - 94202034_240504a_14~8070_hr4_4971.tif | pred_pos=0 | gt_pos=42260 | diff=42260 (0.645) | lcc=0.645 | flagged=1
[15:09:45] DEBUG - 94202034_240504a_14~8070_hr4_5034.tif | pred_pos=0 | gt_pos=21953 | diff=21953 (0.335) | lcc=0.335 | flagged=0
[15:09:45] DEBUG - 94202034_240504a_14~8070_hr4_5038.tif | pred_pos=0 | gt_pos=20089 | diff=20089 (0.307) | lcc=0.158 | flagged=0
[15:09:45] DEBUG - 94202034_240504a_14~8070_hr4_5050.tif | pred_pos=0 | gt_pos=65536 | diff=65536 (1.000) | lcc=1.000 | flagged=1
[15:09:45] DEBUG - 94202034_240504a_14~8070_hr4_5057.tif | pred_pos=0 | gt_pos=64618 | diff=64618 (0.986) | lcc=0.986 | flagged=1
[15:09:45] DEBUG - 94202034_240504a_14~8070_hr4_5106.tif | pred_pos=0 | gt_pos=24972 | diff=24972 (0.381) | lcc=0.381 | flagged=0
[15:09:45] DEBUG - 94202034_240504a_14~8070_hr4_5192.tif | pred_pos=0 | gt_pos=59507 | diff=59507 (0.908) | lcc=0.908 | flagged=1
[15:09:45] DEBUG - 94202034_240504a_14~8070_hr4_5208.tif | pred_pos=0 | gt_pos=1549 | diff=1549 (0.024) | lcc=0.024 | flagged=0
[15:09:45] DEBUG - 94202034_240504a_14~8070_hr4_5256.tif | pred_pos=0 | gt_pos=4309 | diff=4309 (0.066) | lcc=0.066 | flagged=0
[15:09:45] DEBUG - 94202034_240504a_14~8070_hr4_5257.tif | pred_pos=0 | gt_pos=2320 | diff=2320 (0.035) | lcc=0.035 | flagged=0
[15:09:45] DEBUG - 94202034_240504a_14~8070_hr4_527.tif | pred_pos=0 | gt_pos=18780 | diff=18780 (0.287) | lcc=0.287 | flagged=0
[15:09:45] DEBUG - 94202034_240504a_14~8070_hr4_5276.tif | pred_pos=0 | gt_pos=1541 | diff=1541 (0.024) | lcc=0.024 | flagged=0
[15:09:45] DEBUG - 94202034_240504a_14~8070_hr4_5283.tif | pred_pos=0 | gt_pos=65509 | diff=65509 (1.000) | lcc=1.000 | flagged=1
[15:09:45] DEBUG - 94202034_240504a_14~8070_hr4_5337.tif | pred_pos=0 | gt_pos=29910 | diff=29910 (0.456) | lcc=0.456 | flagged=0
[15:09:45] DEBUG - 94202034_240504a_14~8070_hr4_5353.tif | pred_pos=0 | gt_pos=38367 | diff=38367 (0.585) | lcc=0.585 | flagged=1
[15:09:48] DEBUG - 94202034_240504a_14~8070_hr4_5356.tif | pred_pos=0 | gt_pos=40382 | diff=40382 (0.616) | lcc=0.616 | flagged=1
[15:09:48] DEBUG - 94202034_240504a_14~8070_hr4_5360.tif | pred_pos=0 | gt_pos=19497 | diff=19497 (0.298) | lcc=0.298 | flagged=0
[15:09:48] DEBUG - 94202034_240504a_14~8070_hr4_5361.tif | pred_pos=0 | gt_pos=19543 | diff=19543 (0.298) | lcc=0.298 | flagged=0
[15:09:48] DEBUG - 94202034_240504a_14~8070_hr4_5402.tif | pred_pos=0 | gt_pos=23864 | diff=23864 (0.364) | lcc=0.364 | flagged=0
[15:09:48] DEBUG - 94202034_240504a_14~8070_hr4_5421.tif | pred_pos=0 | gt_pos=54939 | diff=54939 (0.838) | lcc=0.838 | flagged=1
[15:09:48] DEBUG - 94202034_240504a_14~8070_hr4_5428.tif | pred_pos=0 | gt_pos=31643 | diff=31643 (0.483) | lcc=0.255 | flagged=0
[15:09:48] DEBUG - 94202034_240504a_14~8070_hr4_5516.tif | pred_pos=0 | gt_pos=32724 | diff=32724 (0.499) | lcc=0.499 | flagged=0
[15:09:48] DEBUG - 94202034_240504a_14~8070_hr4_5552.tif | pred_pos=0 | gt_pos=65536 | diff=65536 (1.000) | lcc=1.000 | flagged=1
[15:09:48] DEBUG - 94202034_240504a_14~8070_hr4_5566.tif | pred_pos=0 | gt_pos=26995 | diff=26995 (0.412) | lcc=0.412 | flagged=0
[15:09:48] DEBUG - 94202034_240504a_14~8070_hr4_5581.tif | pred_pos=0 | gt_pos=2194 | diff=2194 (0.033) | lcc=0.033 | flagged=0
[15:09:48] DEBUG - 94202034_240504a_14~8070_hr4_5584.tif | pred_pos=0 | gt_pos=47701 | diff=47701 (0.728) | lcc=0.728 | flagged=1
[15:09:48] DEBUG - 94202034_240504a_14~8070_hr4_5625.tif | pred_pos=0 | gt_pos=65536 | diff=65536 (1.000) | lcc=1.000 | flagged=1
[15:09:48] DEBUG - 94202034_240504a_14~8070_hr4_5630.tif | pred_pos=0 | gt_pos=65536 | diff=65536 (1.000) | lcc=1.000 | flagged=1
[15:09:48] DEBUG - 94202034_240504a_14~8070_hr4_5634.tif | pred_pos=0 | gt_pos=56772 | diff=56772 (0.866) | lcc=0.866 | flagged=1
[15:09:48] DEBUG - 94202034_240504a_14~8070_hr4_5638.tif | pred_pos=0 | gt_pos=53429 | diff=53429 (0.815) | lcc=0.815 | flagged=1
[15:09:48] DEBUG - 94202034_240504a_14~8070_hr4_5647.tif | pred_pos=0 | gt_pos=566 | diff=566 (0.009) | lcc=0.009 | flagged=0
[15:09:48] DEBUG - 94202034_240504a_14~8070_hr4_5698.tif | pred_pos=0 | gt_pos=61952 | diff=61952 (0.945) | lcc=0.945 | flagged=1
[15:09:48] DEBUG - 94202034_240504a_14~8070_hr4_5713.tif | pred_pos=0 | gt_pos=135 | diff=135 (0.002) | lcc=0.002 | flagged=0
[15:09:48] DEBUG - 94202034_240504a_14~8070_hr4_5726.tif | pred_pos=0 | gt_pos=25265 | diff=25265 (0.386) | lcc=0.386 | flagged=0
[15:09:48] DEBUG - 94202034_240504a_14~8070_hr4_5731.tif | pred_pos=0 | gt_pos=16842 | diff=16842 (0.257) | lcc=0.199 | flagged=0
[15:09:48] DEBUG - 94202034_240504a_14~8070_hr4_5732.tif | pred_pos=0 | gt_pos=35012 | diff=35012 (0.534) | lcc=0.534 | flagged=1
[15:09:48] DEBUG - 94202034_240504a_14~8070_hr4_5734.tif | pred_pos=0 | gt_pos=10435 | diff=10435 (0.159) | lcc=0.159 | flagged=0
[15:09:48] DEBUG - 94202034_240504a_14~8070_hr4_5777.tif | pred_pos=0 | gt_pos=31753 | diff=31753 (0.485) | lcc=0.484 | flagged=0
[15:09:48] DEBUG - 94202034_240504a_14~8070_hr4_611.tif | pred_pos=0 | gt_pos=19967 | diff=19967 (0.305) | lcc=0.305 | flagged=0
[15:09:48] DEBUG - 94202034_240504a_14~8070_hr4_690.tif | pred_pos=0 | gt_pos=10451 | diff=10451 (0.159) | lcc=0.159 | flagged=0
[15:09:48] DEBUG - 94202034_240504a_14~8070_hr4_746.tif | pred_pos=0 | gt_pos=18838 | diff=18838 (0.287) | lcc=0.287 | flagged=0
[15:09:48] DEBUG - 94202034_240504a_14~8070_hr4_747.tif | pred_pos=0 | gt_pos=8500 | diff=8500 (0.130) | lcc=0.108 | flagged=0
[15:09:48] DEBUG - 94202034_240504a_14~8070_hr4_752.tif | pred_pos=0 | gt_pos=6254 | diff=6254 (0.095) | lcc=0.095 | flagged=0
[15:09:48] DEBUG - 94202034_240504a_14~8070_hr4_764.tif | pred_pos=0 | gt_pos=14752 | diff=14752 (0.225) | lcc=0.224 | flagged=0
[15:09:48] DEBUG - 94202034_240504a_14~8070_hr4_825.tif | pred_pos=0 | gt_pos=57171 | diff=57171 (0.872) | lcc=0.872 | flagged=1
[15:09:48] DEBUG - 94202034_240504a_14~8070_hr4_831.tif | pred_pos=0 | gt_pos=7655 | diff=7655 (0.117) | lcc=0.117 | flagged=0
[15:09:48] DEBUG - 94202034_240504a_14~8070_hr4_85.tif | pred_pos=0 | gt_pos=50570 | diff=50570 (0.772) | lcc=0.772 | flagged=1
[15:09:48] DEBUG - 94202034_240504a_14~8070_hr4_888.tif | pred_pos=0 | gt_pos=23950 | diff=23950 (0.365) | lcc=0.365 | flagged=0
[15:09:48] DEBUG - 94202034_240504a_14~8070_hr4_899.tif | pred_pos=0 | gt_pos=51899 | diff=51899 (0.792) | lcc=0.648 | flagged=1
[15:09:48] DEBUG - 94202034_240504a_14~8070_hr4_907.tif | pred_pos=0 | gt_pos=4565 | diff=4565 (0.070) | lcc=0.070 | flagged=0
[15:09:48] DEBUG - 94202034_240504a_14~8070_hr4_975.tif | pred_pos=0 | gt_pos=13466 | diff=13466 (0.205) | lcc=0.205 | flagged=0
[15:09:48] DEBUG - 94202034_240504a_14~8070_hr4_985.tif | pred_pos=0 | gt_pos=53737 | diff=53737 (0.820) | lcc=0.820 | flagged=1
[15:09:48] DEBUG - 94202035_240504a_15~8340_hr4_1214.tif | pred_pos=0 | gt_pos=0 | diff=0 (0.000) | lcc=0.000 | flagged=0
[15:09:48] DEBUG - 94202035_240504a_15~8340_hr4_1364.tif | pred_pos=0 | gt_pos=0 | diff=0 (0.000) | lcc=0.000 | flagged=0
[15:09:48] DEBUG - 94202035_240504a_15~8340_hr4_1397.tif | pred_pos=0 | gt_pos=0 | diff=0 (0.000) | lcc=0.000 | flagged=0
[15:09:48] DEBUG - 94202035_240504a_15~8340_hr4_1772.tif | pred_pos=0 | gt_pos=0 | diff=0 (0.000) | lcc=0.000 | flagged=0
[15:09:48] DEBUG - 94202035_240504a_15~8340_hr4_187.tif | pred_pos=0 | gt_pos=0 | diff=0 (0.000) | lcc=0.000 | flagged=0
[15:09:48] DEBUG - 94202035_240504a_15~8340_hr4_2164.tif | pred_pos=0 | gt_pos=0 | diff=0 (0.000) | lcc=0.000 | flagged=0
[15:09:48] DEBUG - 94202035_240504a_15~8340_hr4_2791.tif | pred_pos=0 | gt_pos=0 | diff=0 (0.000) | lcc=0.000 | flagged=0
[15:09:48] DEBUG - 94202035_240504a_15~8340_hr4_2962.tif | pred_pos=0 | gt_pos=0 | diff=0 (0.000) | lcc=0.000 | flagged=0
[15:09:48] DEBUG - 94202035_240504a_15~8340_hr4_3380.tif | pred_pos=0 | gt_pos=0 | diff=0 (0.000) | lcc=0.000 | flagged=0
[15:09:48] DEBUG - 94202035_240504a_15~8340_hr4_3687.tif | pred_pos=0 | gt_pos=0 | diff=0 (0.000) | lcc=0.000 | flagged=0
[15:09:48] DEBUG - 94202035_240504a_15~8340_hr4_3815.tif | pred_pos=0 | gt_pos=0 | diff=0 (0.000) | lcc=0.000 | flagged=0
[15:09:48] DEBUG - 94202035_240504a_15~8340_hr4_3892.tif | pred_pos=0 | gt_pos=0 | diff=0 (0.000) | lcc=0.000 | flagged=0
[15:09:48] DEBUG - 94202035_240504a_15~8340_hr4_4136.tif | pred_pos=0 | gt_pos=0 | diff=0 (0.000) | lcc=0.000 | flagged=0
[15:09:48] DEBUG - 94202035_240504a_15~8340_hr4_4789.tif | pred_pos=0 | gt_pos=12126 | diff=12126 (0.185) | lcc=0.185 | flagged=0
[15:09:48] DEBUG - 94202035_240504a_15~8340_hr4_4881.tif | pred_pos=0 | gt_pos=2390 | diff=2390 (0.036) | lcc=0.036 | flagged=0
[15:09:48] DEBUG - 94202035_240504a_15~8340_hr4_4973.tif | pred_pos=0 | gt_pos=0 | diff=0 (0.000) | lcc=0.000 | flagged=0
[15:09:48] DEBUG - 94202035_240504a_15~8340_hr4_5116.tif | pred_pos=0 | gt_pos=0 | diff=0 (0.000) | lcc=0.000 | flagged=0
[15:09:48] DEBUG - 94202035_240504a_15~8340_hr4_5178.tif | pred_pos=0 | gt_pos=303 | diff=303 (0.005) | lcc=0.005 | flagged=0
[15:09:48] DEBUG - 94202035_240504a_15~8340_hr4_5236.tif | pred_pos=0 | gt_pos=4309 | diff=4309 (0.066) | lcc=0.066 | flagged=0
[15:09:48] DEBUG - 94202035_240504a_15~8340_hr4_5338.tif | pred_pos=0 | gt_pos=0 | diff=0 (0.000) | lcc=0.000 | flagged=0
[15:09:48] DEBUG - 94202035_240504a_15~8340_hr4_5355.tif | pred_pos=0 | gt_pos=15692 | diff=15692 (0.239) | lcc=0.211 | flagged=0
[15:09:48] DEBUG - 94202035_240504a_15~8340_hr4_5368.tif | pred_pos=0 | gt_pos=36225 | diff=36225 (0.553) | lcc=0.553 | flagged=1
[15:09:48] DEBUG - 94202035_240504a_15~8340_hr4_5396.tif | pred_pos=0 | gt_pos=45802 | diff=45802 (0.699) | lcc=0.699 | flagged=1
[15:09:48] DEBUG - 94202035_240504a_15~8340_hr4_5442.tif | pred_pos=0 | gt_pos=19772 | diff=19772 (0.302) | lcc=0.302 | flagged=0
[15:09:48] DEBUG - 94202035_240504a_15~8340_hr4_5540.tif | pred_pos=0 | gt_pos=5820 | diff=5820 (0.089) | lcc=0.089 | flagged=0
[15:09:48] DEBUG - 94202035_240504a_15~8340_hr4_5577.tif | pred_pos=0 | gt_pos=6101 | diff=6101 (0.093) | lcc=0.093 | flagged=0
[15:09:48] DEBUG - 94202035_240504a_15~8340_hr4_5721.tif | pred_pos=0 | gt_pos=4 | diff=4 (0.000) | lcc=0.000 | flagged=0
[15:09:49] DEBUG - 94202035_240504a_15~8340_hr4_5784.tif | pred_pos=0 | gt_pos=2956 | diff=2956 (0.045) | lcc=0.045 | flagged=0
[15:09:49] DEBUG - 94202035_240504a_15~8340_hr4_5787.tif | pred_pos=0 | gt_pos=4124 | diff=4124 (0.063) | lcc=0.063 | flagged=0
[15:09:49] DEBUG - 94202035_240504a_15~8340_hr4_697.tif | pred_pos=0 | gt_pos=0 | diff=0 (0.000) | lcc=0.000 | flagged=0
[15:09:49] DEBUG - 94202036_240504a_16~8631_hr4_1428.tif | pred_pos=0 | gt_pos=0 | diff=0 (0.000) | lcc=0.000 | flagged=0
[15:09:49] DEBUG - 94202036_240504a_16~8631_hr4_157.tif | pred_pos=0 | gt_pos=0 | diff=0 (0.000) | lcc=0.000 | flagged=0
[15:09:49] DEBUG - 94202036_240504a_16~8631_hr4_1664.tif | pred_pos=0 | gt_pos=0 | diff=0 (0.000) | lcc=0.000 | flagged=0
[15:09:49] DEBUG - 94202036_240504a_16~8631_hr4_1724.tif | pred_pos=0 | gt_pos=0 | diff=0 (0.000) | lcc=0.000 | flagged=0
[15:09:49] DEBUG - 94202036_240504a_16~8631_hr4_1801.tif | pred_pos=0 | gt_pos=0 | diff=0 (0.000) | lcc=0.000 | flagged=0
[15:09:49] DEBUG - 94202036_240504a_16~8631_hr4_2183.tif | pred_pos=0 | gt_pos=0 | diff=0 (0.000) | lcc=0.000 | flagged=0
[15:09:49] DEBUG - 94202036_240504a_16~8631_hr4_2563.tif | pred_pos=0 | gt_pos=0 | diff=0 (0.000) | lcc=0.000 | flagged=0
[15:09:49] DEBUG - 94202036_240504a_16~8631_hr4_2735.tif | pred_pos=0 | gt_pos=0 | diff=0 (0.000) | lcc=0.000 | flagged=0
[15:09:49] DEBUG - 94202036_240504a_16~8631_hr4_2787.tif | pred_pos=0 | gt_pos=0 | diff=0 (0.000) | lcc=0.000 | flagged=0
[15:09:49] DEBUG - 94202036_240504a_16~8631_hr4_3273.tif | pred_pos=0 | gt_pos=0 | diff=0 (0.000) | lcc=0.000 | flagged=0
[15:09:49] DEBUG - 94202036_240504a_16~8631_hr4_33.tif | pred_pos=0 | gt_pos=0 | diff=0 (0.000) | lcc=0.000 | flagged=0
[15:09:49] DEBUG - 94202036_240504a_16~8631_hr4_3991.tif | pred_pos=0 | gt_pos=0 | diff=0 (0.000) | lcc=0.000 | flagged=0
[15:09:49] DEBUG - 94202036_240504a_16~8631_hr4_4308.tif | pred_pos=0 | gt_pos=0 | diff=0 (0.000) | lcc=0.000 | flagged=0
[15:09:49] DEBUG - 94202036_240504a_16~8631_hr4_4520.tif | pred_pos=0 | gt_pos=6184 | diff=6184 (0.094) | lcc=0.094 | flagged=0
[15:09:49] DEBUG - 94202036_240504a_16~8631_hr4_4666.tif | pred_pos=0 | gt_pos=1530 | diff=1530 (0.023) | lcc=0.023 | flagged=0
[15:09:49] DEBUG - 94202036_240504a_16~8631_hr4_4814.tif | pred_pos=0 | gt_pos=29187 | diff=29187 (0.445) | lcc=0.445 | flagged=0
[15:09:49] DEBUG - 94202036_240504a_16~8631_hr4_5039.tif | pred_pos=0 | gt_pos=64387 | diff=64387 (0.982) | lcc=0.982 | flagged=1
[15:09:49] DEBUG - 94202036_240504a_16~8631_hr4_5084.tif | pred_pos=0 | gt_pos=0 | diff=0 (0.000) | lcc=0.000 | flagged=0
[15:09:49] DEBUG - 94202036_240504a_16~8631_hr4_5183.tif | pred_pos=0 | gt_pos=315 | diff=315 (0.005) | lcc=0.005 | flagged=0
[15:09:49] DEBUG - 94202036_240504a_16~8631_hr4_5654.tif | pred_pos=0 | gt_pos=0 | diff=0 (0.000) | lcc=0.000 | flagged=0
[15:09:49] DEBUG - 94202036_240504a_16~8631_hr4_760.tif | pred_pos=0 | gt_pos=0 | diff=0 (0.000) | lcc=0.000 | flagged=0
[15:09:49] DEBUG - 94202041_240504a_11~7335_hr4_1033.tif | pred_pos=0 | gt_pos=0 | diff=0 (0.000) | lcc=0.000 | flagged=0
[15:09:49] DEBUG - 94202041_240504a_11~7335_hr4_1176.tif | pred_pos=0 | gt_pos=47087 | diff=47087 (0.718) | lcc=0.718 | flagged=1
[15:09:49] DEBUG - 94202041_240504a_11~7335_hr4_1276.tif | pred_pos=0 | gt_pos=0 | diff=0 (0.000) | lcc=0.000 | flagged=0
[15:09:49] DEBUG - 94202041_240504a_11~7335_hr4_141.tif | pred_pos=0 | gt_pos=27577 | diff=27577 (0.421) | lcc=0.421 | flagged=0
[15:09:49] DEBUG - 94202041_240504a_11~7335_hr4_2806.tif | pred_pos=0 | gt_pos=0 | diff=0 (0.000) | lcc=0.000 | flagged=0
[15:09:49] DEBUG - 94202041_240504a_11~7335_hr4_294.tif | pred_pos=0 | gt_pos=27515 | diff=27515 (0.420) | lcc=0.420 | flagged=0
[15:09:49] DEBUG - 94202041_240504a_11~7335_hr4_3153.tif | pred_pos=0 | gt_pos=0 | diff=0 (0.000) | lcc=0.000 | flagged=0
[15:09:49] DEBUG - 94202041_240504a_11~7335_hr4_3235.tif | pred_pos=0 | gt_pos=0 | diff=0 (0.000) | lcc=0.000 | flagged=0
[15:09:49] DEBUG - 94202041_240504a_11~7335_hr4_3329.tif | pred_pos=0 | gt_pos=19290 | diff=19290 (0.294) | lcc=0.294 | flagged=0
[15:09:49] DEBUG - 94202041_240504a_11~7335_hr4_3551.tif | pred_pos=0 | gt_pos=912 | diff=912 (0.014) | lcc=0.014 | flagged=0
[15:09:49] DEBUG - 94202041_240504a_11~7335_hr4_4022.tif | pred_pos=0 | gt_pos=0 | diff=0 (0.000) | lcc=0.000 | flagged=0
[15:09:49] DEBUG - 94202041_240504a_11~7335_hr4_4052.tif | pred_pos=0 | gt_pos=0 | diff=0 (0.000) | lcc=0.000 | flagged=0
[15:09:49] DEBUG - 94202041_240504a_11~7335_hr4_4390.tif | pred_pos=0 | gt_pos=0 | diff=0 (0.000) | lcc=0.000 | flagged=0
[15:09:49] DEBUG - 94202041_240504a_11~7335_hr4_442.tif | pred_pos=0 | gt_pos=55704 | diff=55704 (0.850) | lcc=0.850 | flagged=1
[15:09:49] DEBUG - 94202041_240504a_11~7335_hr4_4552.tif | pred_pos=0 | gt_pos=0 | diff=0 (0.000) | lcc=0.000 | flagged=0
[15:09:49] DEBUG - 94202041_240504a_11~7335_hr4_4560.tif | pred_pos=0 | gt_pos=0 | diff=0 (0.000) | lcc=0.000 | flagged=0
[15:09:49] DEBUG - 94202041_240504a_11~7335_hr4_495.tif | pred_pos=0 | gt_pos=0 | diff=0 (0.000) | lcc=0.000 | flagged=0
[15:09:49] DEBUG - 94202041_240504a_11~7335_hr4_5345.tif | pred_pos=0 | gt_pos=0 | diff=0 (0.000) | lcc=0.000 | flagged=0
[15:09:49] DEBUG - 94202041_240504a_11~7335_hr4_5464.tif | pred_pos=0 | gt_pos=0 | diff=0 (0.000) | lcc=0.000 | flagged=0
[15:09:49] DEBUG - 94202041_240504a_11~7335_hr4_586.tif | pred_pos=0 | gt_pos=32543 | diff=32543 (0.497) | lcc=0.497 | flagged=0
[15:09:49] DEBUG - 94202041_240504a_11~7335_hr4_640.tif | pred_pos=0 | gt_pos=0 | diff=0 (0.000) | lcc=0.000 | flagged=0
[15:09:49] DEBUG - 94202041_240504a_11~7335_hr4_67.tif | pred_pos=0 | gt_pos=16271 | diff=16271 (0.248) | lcc=0.248 | flagged=0
[15:09:49] DEBUG - 94202041_240504a_11~7335_hr4_709.tif | pred_pos=0 | gt_pos=0 | diff=0 (0.000) | lcc=0.000 | flagged=0
[15:09:49] DEBUG - 94202041_240504a_11~7335_hr4_738.tif | pred_pos=0 | gt_pos=26314 | diff=26314 (0.402) | lcc=0.402 | flagged=0
[15:09:49] DEBUG - 94202042_240504a_12~7564_hr4_1038.tif | pred_pos=0 | gt_pos=28200 | diff=28200 (0.430) | lcc=0.430 | flagged=0
[15:09:49] DEBUG - 94202042_240504a_12~7564_hr4_1093.tif | pred_pos=0 | gt_pos=52996 | diff=52996 (0.809) | lcc=0.809 | flagged=1
[15:09:49] DEBUG - 94202042_240504a_12~7564_hr4_1112.tif | pred_pos=0 | gt_pos=42489 | diff=42489 (0.648) | lcc=0.648 | flagged=1
[15:09:49] DEBUG - 94202042_240504a_12~7564_hr4_1230.tif | pred_pos=0 | gt_pos=4186 | diff=4186 (0.064) | lcc=0.064 | flagged=0
[15:09:49] DEBUG - 94202042_240504a_12~7564_hr4_1318.tif | pred_pos=0 | gt_pos=46962 | diff=46962 (0.717) | lcc=0.717 | flagged=1
[15:09:49] DEBUG - 94202042_240504a_12~7564_hr4_1327.tif | pred_pos=0 | gt_pos=5848 | diff=5848 (0.089) | lcc=0.089 | flagged=0
[15:09:49] DEBUG - 94202042_240504a_12~7564_hr4_1392.tif | pred_pos=0 | gt_pos=21570 | diff=21570 (0.329) | lcc=0.329 | flagged=0
[15:09:49] DEBUG - 94202042_240504a_12~7564_hr4_140.tif | pred_pos=0 | gt_pos=0 | diff=0 (0.000) | lcc=0.000 | flagged=0
[15:09:49] DEBUG - 94202042_240504a_12~7564_hr4_148.tif | pred_pos=0 | gt_pos=189 | diff=189 (0.003) | lcc=0.003 | flagged=0
[15:09:49] DEBUG - 94202042_240504a_12~7564_hr4_1504.tif | pred_pos=0 | gt_pos=56 | diff=56 (0.001) | lcc=0.001 | flagged=0
[15:09:49] DEBUG - 94202042_240504a_12~7564_hr4_1505.tif | pred_pos=0 | gt_pos=37899 | diff=37899 (0.578) | lcc=0.578 | flagged=1
[15:09:49] DEBUG - 94202042_240504a_12~7564_hr4_1544.tif | pred_pos=0 | gt_pos=65536 | diff=65536 (1.000) | lcc=1.000 | flagged=1
[15:09:49] DEBUG - 94202042_240504a_12~7564_hr4_1560.tif | pred_pos=0 | gt_pos=61769 | diff=61769 (0.943) | lcc=0.943 | flagged=1
[15:09:49] DEBUG - 94202042_240504a_12~7564_hr4_1633.tif | pred_pos=0 | gt_pos=31226 | diff=31226 (0.476) | lcc=0.476 | flagged=0
[15:09:49] DEBUG - 94202042_240504a_12~7564_hr4_1665.tif | pred_pos=0 | gt_pos=49422 | diff=49422 (0.754) | lcc=0.754 | flagged=1
[15:09:49] DEBUG - 94202042_240504a_12~7564_hr4_169.tif | pred_pos=0 | gt_pos=52706 | diff=52706 (0.804) | lcc=0.804 | flagged=1
[15:09:52] DEBUG - 94202042_240504a_12~7564_hr4_1692.tif | pred_pos=0 | gt_pos=8026 | diff=8026 (0.122) | lcc=0.122 | flagged=0
[15:09:52] DEBUG - 94202042_240504a_12~7564_hr4_1707.tif | pred_pos=0 | gt_pos=3 | diff=3 (0.000) | lcc=0.000 | flagged=0
[15:09:52] DEBUG - 94202042_240504a_12~7564_hr4_172.tif | pred_pos=0 | gt_pos=649 | diff=649 (0.010) | lcc=0.010 | flagged=0
[15:09:52] DEBUG - 94202042_240504a_12~7564_hr4_1726.tif | pred_pos=0 | gt_pos=7235 | diff=7235 (0.110) | lcc=0.110 | flagged=0
[15:09:52] DEBUG - 94202042_240504a_12~7564_hr4_1919.tif | pred_pos=0 | gt_pos=0 | diff=0 (0.000) | lcc=0.000 | flagged=0
[15:09:52] DEBUG - 94202042_240504a_12~7564_hr4_1982.tif | pred_pos=0 | gt_pos=23727 | diff=23727 (0.362) | lcc=0.362 | flagged=0
[15:09:52] DEBUG - 94202042_240504a_12~7564_hr4_2023.tif | pred_pos=0 | gt_pos=1068 | diff=1068 (0.016) | lcc=0.016 | flagged=0
[15:09:52] DEBUG - 94202042_240504a_12~7564_hr4_2097.tif | pred_pos=0 | gt_pos=10767 | diff=10767 (0.164) | lcc=0.164 | flagged=0
[15:09:52] DEBUG - 94202042_240504a_12~7564_hr4_2101.tif | pred_pos=0 | gt_pos=29194 | diff=29194 (0.445) | lcc=0.445 | flagged=0
[15:09:52] DEBUG - 94202042_240504a_12~7564_hr4_2249.tif | pred_pos=0 | gt_pos=6731 | diff=6731 (0.103) | lcc=0.103 | flagged=0
[15:09:52] DEBUG - 94202042_240504a_12~7564_hr4_228.tif | pred_pos=0 | gt_pos=31957 | diff=31957 (0.488) | lcc=0.488 | flagged=0
[15:09:52] DEBUG - 94202042_240504a_12~7564_hr4_2280.tif | pred_pos=0 | gt_pos=23582 | diff=23582 (0.360) | lcc=0.360 | flagged=0
[15:09:52] DEBUG - 94202042_240504a_12~7564_hr4_2329.tif | pred_pos=0 | gt_pos=23306 | diff=23306 (0.356) | lcc=0.356 | flagged=0
[15:09:52] DEBUG - 94202042_240504a_12~7564_hr4_2353.tif | pred_pos=0 | gt_pos=7253 | diff=7253 (0.111) | lcc=0.111 | flagged=0
[15:09:52] DEBUG - 94202042_240504a_12~7564_hr4_2417.tif | pred_pos=0 | gt_pos=7923 | diff=7923 (0.121) | lcc=0.121 | flagged=0
[15:09:52] DEBUG - 94202042_240504a_12~7564_hr4_243.tif | pred_pos=0 | gt_pos=4655 | diff=4655 (0.071) | lcc=0.061 | flagged=0
[15:09:52] DEBUG - 94202042_240504a_12~7564_hr4_2441.tif | pred_pos=0 | gt_pos=3417 | diff=3417 (0.052) | lcc=0.052 | flagged=0
[15:09:52] DEBUG - 94202042_240504a_12~7564_hr4_2549.tif | pred_pos=0 | gt_pos=22463 | diff=22463 (0.343) | lcc=0.343 | flagged=0
[15:09:52] DEBUG - 94202042_240504a_12~7564_hr4_2564.tif | pred_pos=0 | gt_pos=3943 | diff=3943 (0.060) | lcc=0.058 | flagged=0
[15:09:52] DEBUG - 94202042_240504a_12~7564_hr4_2573.tif | pred_pos=0 | gt_pos=54228 | diff=54228 (0.827) | lcc=0.827 | flagged=1
[15:09:52] DEBUG - 94202042_240504a_12~7564_hr4_2577.tif | pred_pos=0 | gt_pos=1 | diff=1 (0.000) | lcc=0.000 | flagged=0
[15:09:52] DEBUG - 94202042_240504a_12~7564_hr4_26.tif | pred_pos=0 | gt_pos=42148 | diff=42148 (0.643) | lcc=0.643 | flagged=1
[15:09:52] DEBUG - 94202042_240504a_12~7564_hr4_261.tif | pred_pos=0 | gt_pos=7504 | diff=7504 (0.115) | lcc=0.115 | flagged=0
[15:09:52] DEBUG - 94202042_240504a_12~7564_hr4_2724.tif | pred_pos=0 | gt_pos=917 | diff=917 (0.014) | lcc=0.014 | flagged=0
[15:09:52] DEBUG - 94202042_240504a_12~7564_hr4_2770.tif | pred_pos=0 | gt_pos=216 | diff=216 (0.003) | lcc=0.003 | flagged=0
[15:09:52] DEBUG - 94202042_240504a_12~7564_hr4_2869.tif | pred_pos=0 | gt_pos=14068 | diff=14068 (0.215) | lcc=0.215 | flagged=0
[15:09:52] DEBUG - 94202042_240504a_12~7564_hr4_2885.tif | pred_pos=0 | gt_pos=2769 | diff=2769 (0.042) | lcc=0.042 | flagged=0
[15:09:52] DEBUG - 94202042_240504a_12~7564_hr4_2920.tif | pred_pos=0 | gt_pos=6511 | diff=6511 (0.099) | lcc=0.099 | flagged=0
[15:09:52] DEBUG - 94202042_240504a_12~7564_hr4_2934.tif | pred_pos=0 | gt_pos=12336 | diff=12336 (0.188) | lcc=0.188 | flagged=0
[15:09:52] DEBUG - 94202042_240504a_12~7564_hr4_2981.tif | pred_pos=0 | gt_pos=35098 | diff=35098 (0.536) | lcc=0.536 | flagged=1
[15:09:52] DEBUG - 94202042_240504a_12~7564_hr4_3069.tif | pred_pos=0 | gt_pos=1154 | diff=1154 (0.018) | lcc=0.018 | flagged=0
[15:09:52] DEBUG - 94202042_240504a_12~7564_hr4_3136.tif | pred_pos=0 | gt_pos=40145 | diff=40145 (0.613) | lcc=0.613 | flagged=1
[15:09:52] DEBUG - 94202042_240504a_12~7564_hr4_3152.tif | pred_pos=0 | gt_pos=41409 | diff=41409 (0.632) | lcc=0.632 | flagged=1
[15:09:52] DEBUG - 94202042_240504a_12~7564_hr4_3210.tif | pred_pos=0 | gt_pos=26511 | diff=26511 (0.405) | lcc=0.405 | flagged=0
[15:09:52] DEBUG - 94202042_240504a_12~7564_hr4_3263.tif | pred_pos=0 | gt_pos=6394 | diff=6394 (0.098) | lcc=0.098 | flagged=0
[15:09:52] DEBUG - 94202042_240504a_12~7564_hr4_3336.tif | pred_pos=0 | gt_pos=62444 | diff=62444 (0.953) | lcc=0.953 | flagged=1
[15:09:52] DEBUG - 94202042_240504a_12~7564_hr4_3337.tif | pred_pos=0 | gt_pos=442 | diff=442 (0.007) | lcc=0.007 | flagged=0
[15:09:52] DEBUG - 94202042_240504a_12~7564_hr4_3410.tif | pred_pos=0 | gt_pos=39304 | diff=39304 (0.600) | lcc=0.600 | flagged=1
[15:09:52] DEBUG - 94202042_240504a_12~7564_hr4_3420.tif | pred_pos=0 | gt_pos=37324 | diff=37324 (0.570) | lcc=0.570 | flagged=1
[15:09:52] DEBUG - 94202042_240504a_12~7564_hr4_3450.tif | pred_pos=0 | gt_pos=10882 | diff=10882 (0.166) | lcc=0.166 | flagged=0
[15:09:52] DEBUG - 94202042_240504a_12~7564_hr4_3524.tif | pred_pos=0 | gt_pos=22402 | diff=22402 (0.342) | lcc=0.342 | flagged=0
[15:09:52] DEBUG - 94202042_240504a_12~7564_hr4_3533.tif | pred_pos=0 | gt_pos=59938 | diff=59938 (0.915) | lcc=0.915 | flagged=1
[15:09:52] DEBUG - 94202042_240504a_12~7564_hr4_3657.tif | pred_pos=0 | gt_pos=0 | diff=0 (0.000) | lcc=0.000 | flagged=0
[15:09:52] DEBUG - 94202042_240504a_12~7564_hr4_3663.tif | pred_pos=0 | gt_pos=29096 | diff=29096 (0.444) | lcc=0.444 | flagged=0
[15:09:52] DEBUG - 94202042_240504a_12~7564_hr4_3887.tif | pred_pos=0 | gt_pos=8654 | diff=8654 (0.132) | lcc=0.132 | flagged=0
[15:09:52] DEBUG - 94202042_240504a_12~7564_hr4_3936.tif | pred_pos=0 | gt_pos=0 | diff=0 (0.000) | lcc=0.000 | flagged=0
[15:09:52] DEBUG - 94202042_240504a_12~7564_hr4_3965.tif | pred_pos=0 | gt_pos=28836 | diff=28836 (0.440) | lcc=0.349 | flagged=0
[15:09:52] DEBUG - 94202042_240504a_12~7564_hr4_3981.tif | pred_pos=0 | gt_pos=20875 | diff=20875 (0.319) | lcc=0.319 | flagged=0
[15:09:52] DEBUG - 94202042_240504a_12~7564_hr4_400.tif | pred_pos=0 | gt_pos=34532 | diff=34532 (0.527) | lcc=0.527 | flagged=1
[15:09:52] DEBUG - 94202042_240504a_12~7564_hr4_4055.tif | pred_pos=0 | gt_pos=25369 | diff=25369 (0.387) | lcc=0.387 | flagged=0
[15:09:52] DEBUG - 94202042_240504a_12~7564_hr4_4109.tif | pred_pos=0 | gt_pos=38653 | diff=38653 (0.590) | lcc=0.590 | flagged=1
[15:09:52] DEBUG - 94202042_240504a_12~7564_hr4_4112.tif | pred_pos=0 | gt_pos=7820 | diff=7820 (0.119) | lcc=0.119 | flagged=0
[15:09:52] DEBUG - 94202042_240504a_12~7564_hr4_4199.tif | pred_pos=0 | gt_pos=10628 | diff=10628 (0.162) | lcc=0.162 | flagged=0
[15:09:52] DEBUG - 94202042_240504a_12~7564_hr4_4200.tif | pred_pos=0 | gt_pos=37180 | diff=37180 (0.567) | lcc=0.567 | flagged=1
[15:09:52] DEBUG - 94202042_240504a_12~7564_hr4_4274.tif | pred_pos=0 | gt_pos=34072 | diff=34072 (0.520) | lcc=0.520 | flagged=1
[15:09:52] DEBUG - 94202042_240504a_12~7564_hr4_4431.tif | pred_pos=0 | gt_pos=36202 | diff=36202 (0.552) | lcc=0.370 | flagged=0
[15:09:52] DEBUG - 94202042_240504a_12~7564_hr4_4490.tif | pred_pos=0 | gt_pos=29890 | diff=29890 (0.456) | lcc=0.456 | flagged=0
[15:09:52] DEBUG - 94202042_240504a_12~7564_hr4_4640.tif | pred_pos=0 | gt_pos=3989 | diff=3989 (0.061) | lcc=0.061 | flagged=0
[15:09:52] DEBUG - 94202042_240504a_12~7564_hr4_4653.tif | pred_pos=0 | gt_pos=23445 | diff=23445 (0.358) | lcc=0.358 | flagged=0
[15:09:52] DEBUG - 94202042_240504a_12~7564_hr4_4863.tif | pred_pos=0 | gt_pos=58 | diff=58 (0.001) | lcc=0.001 | flagged=0
[15:09:52] DEBUG - 94202042_240504a_12~7564_hr4_4900.tif | pred_pos=0 | gt_pos=0 | diff=0 (0.000) | lcc=0.000 | flagged=0
[15:09:52] DEBUG - 94202042_240504a_12~7564_hr4_491.tif | pred_pos=0 | gt_pos=35924 | diff=35924 (0.548) | lcc=0.548 | flagged=1
[15:09:52] DEBUG - 94202042_240504a_12~7564_hr4_5020.tif | pred_pos=0 | gt_pos=2746 | diff=2746 (0.042) | lcc=0.042 | flagged=0
[15:09:52] DEBUG - 94202042_240504a_12~7564_hr4_5021.tif | pred_pos=0 | gt_pos=63935 | diff=63935 (0.976) | lcc=0.976 | flagged=1
[15:09:53] DEBUG - 94202042_240504a_12~7564_hr4_5022.tif | pred_pos=0 | gt_pos=15 | diff=15 (0.000) | lcc=0.000 | flagged=0
[15:09:53] DEBUG - 94202042_240504a_12~7564_hr4_5462.tif | pred_pos=0 | gt_pos=2980 | diff=2980 (0.045) | lcc=0.045 | flagged=0
[15:09:53] DEBUG - 94202042_240504a_12~7564_hr4_5475.tif | pred_pos=0 | gt_pos=25928 | diff=25928 (0.396) | lcc=0.396 | flagged=0
[15:09:53] DEBUG - 94202042_240504a_12~7564_hr4_5676.tif | pred_pos=0 | gt_pos=0 | diff=0 (0.000) | lcc=0.000 | flagged=0
[15:09:53] DEBUG - 94202042_240504a_12~7564_hr4_5832.tif | pred_pos=0 | gt_pos=10642 | diff=10642 (0.162) | lcc=0.162 | flagged=0
[15:09:53] DEBUG - 94202042_240504a_12~7564_hr4_590.tif | pred_pos=0 | gt_pos=14912 | diff=14912 (0.228) | lcc=0.228 | flagged=0
[15:09:53] DEBUG - 94202042_240504a_12~7564_hr4_592.tif | pred_pos=0 | gt_pos=37039 | diff=37039 (0.565) | lcc=0.565 | flagged=1
[15:09:53] DEBUG - 94202042_240504a_12~7564_hr4_640.tif | pred_pos=0 | gt_pos=63812 | diff=63812 (0.974) | lcc=0.974 | flagged=1
[15:09:53] DEBUG - 94202042_240504a_12~7564_hr4_668.tif | pred_pos=0 | gt_pos=13716 | diff=13716 (0.209) | lcc=0.209 | flagged=0
[15:09:53] DEBUG - 94202042_240504a_12~7564_hr4_671.tif | pred_pos=0 | gt_pos=40874 | diff=40874 (0.624) | lcc=0.624 | flagged=1
[15:09:53] DEBUG - 94202042_240504a_12~7564_hr4_788.tif | pred_pos=0 | gt_pos=28167 | diff=28167 (0.430) | lcc=0.430 | flagged=0
[15:09:53] DEBUG - 94202042_240504a_12~7564_hr4_853.tif | pred_pos=0 | gt_pos=1382 | diff=1382 (0.021) | lcc=0.021 | flagged=0
[15:09:53] DEBUG - 94202042_240504a_12~7564_hr4_914.tif | pred_pos=0 | gt_pos=1542 | diff=1542 (0.024) | lcc=0.024 | flagged=0
[15:09:53] DEBUG - 94202042_240504a_12~7564_hr4_95.tif | pred_pos=0 | gt_pos=43120 | diff=43120 (0.658) | lcc=0.658 | flagged=1
[15:09:53] DEBUG - 94202042_240504a_12~7564_hr4_959.tif | pred_pos=0 | gt_pos=31691 | diff=31691 (0.484) | lcc=0.484 | flagged=0
[15:09:53] DEBUG - 94202042_240504a_12~7564_hr4_961.tif | pred_pos=0 | gt_pos=39716 | diff=39716 (0.606) | lcc=0.606 | flagged=1
[15:09:53] DEBUG - 94202042_240504a_12~7564_hr4_962.tif | pred_pos=0 | gt_pos=2345 | diff=2345 (0.036) | lcc=0.036 | flagged=0
[15:09:53] DEBUG - 94202043_240504a_13~7817_hr4_1007.tif | pred_pos=0 | gt_pos=42840 | diff=42840 (0.654) | lcc=0.654 | flagged=1
[15:09:53] DEBUG - 94202043_240504a_13~7817_hr4_1026.tif | pred_pos=0 | gt_pos=38284 | diff=38284 (0.584) | lcc=0.584 | flagged=1
[15:09:53] DEBUG - 94202043_240504a_13~7817_hr4_1039.tif | pred_pos=0 | gt_pos=35291 | diff=35291 (0.538) | lcc=0.538 | flagged=1
[15:09:53] DEBUG - 94202043_240504a_13~7817_hr4_1112.tif | pred_pos=0 | gt_pos=18692 | diff=18692 (0.285) | lcc=0.285 | flagged=0
[15:09:53] DEBUG - 94202043_240504a_13~7817_hr4_1177.tif | pred_pos=0 | gt_pos=2566 | diff=2566 (0.039) | lcc=0.039 | flagged=0
[15:09:53] DEBUG - 94202043_240504a_13~7817_hr4_1183.tif | pred_pos=0 | gt_pos=37690 | diff=37690 (0.575) | lcc=0.575 | flagged=1
[15:09:53] DEBUG - 94202043_240504a_13~7817_hr4_1203.tif | pred_pos=0 | gt_pos=22869 | diff=22869 (0.349) | lcc=0.349 | flagged=0
[15:09:53] DEBUG - 94202043_240504a_13~7817_hr4_1230.tif | pred_pos=0 | gt_pos=26012 | diff=26012 (0.397) | lcc=0.397 | flagged=0
[15:09:53] DEBUG - 94202043_240504a_13~7817_hr4_1306.tif | pred_pos=0 | gt_pos=14704 | diff=14704 (0.224) | lcc=0.224 | flagged=0
[15:09:53] DEBUG - 94202043_240504a_13~7817_hr4_1356.tif | pred_pos=0 | gt_pos=18196 | diff=18196 (0.278) | lcc=0.278 | flagged=0
[15:09:53] DEBUG - 94202043_240504a_13~7817_hr4_1400.tif | pred_pos=0 | gt_pos=16242 | diff=16242 (0.248) | lcc=0.248 | flagged=0
[15:09:53] DEBUG - 94202043_240504a_13~7817_hr4_1420.tif | pred_pos=0 | gt_pos=0 | diff=0 (0.000) | lcc=0.000 | flagged=0
[15:09:53] DEBUG - 94202043_240504a_13~7817_hr4_1438.tif | pred_pos=0 | gt_pos=4497 | diff=4497 (0.069) | lcc=0.069 | flagged=0
[15:09:53] DEBUG - 94202043_240504a_13~7817_hr4_1476.tif | pred_pos=0 | gt_pos=1291 | diff=1291 (0.020) | lcc=0.020 | flagged=0
[15:09:53] DEBUG - 94202043_240504a_13~7817_hr4_1553.tif | pred_pos=0 | gt_pos=723 | diff=723 (0.011) | lcc=0.011 | flagged=0
[15:09:53] DEBUG - 94202043_240504a_13~7817_hr4_1561.tif | pred_pos=0 | gt_pos=65427 | diff=65427 (0.998) | lcc=0.998 | flagged=1
[15:09:53] DEBUG - 94202043_240504a_13~7817_hr4_1564.tif | pred_pos=0 | gt_pos=9287 | diff=9287 (0.142) | lcc=0.142 | flagged=0
[15:09:53] DEBUG - 94202043_240504a_13~7817_hr4_1616.tif | pred_pos=0 | gt_pos=26476 | diff=26476 (0.404) | lcc=0.404 | flagged=0
[15:09:53] DEBUG - 94202043_240504a_13~7817_hr4_1635.tif | pred_pos=0 | gt_pos=65536 | diff=65536 (1.000) | lcc=1.000 | flagged=1
[15:09:53] DEBUG - 94202043_240504a_13~7817_hr4_1638.tif | pred_pos=0 | gt_pos=21585 | diff=21585 (0.329) | lcc=0.329 | flagged=0
[15:09:53] DEBUG - 94202043_240504a_13~7817_hr4_1662.tif | pred_pos=0 | gt_pos=30528 | diff=30528 (0.466) | lcc=0.466 | flagged=0
[15:09:53] DEBUG - 94202043_240504a_13~7817_hr4_186.tif | pred_pos=0 | gt_pos=23225 | diff=23225 (0.354) | lcc=0.354 | flagged=0
[15:09:53] DEBUG - 94202043_240504a_13~7817_hr4_1893.tif | pred_pos=0 | gt_pos=21179 | diff=21179 (0.323) | lcc=0.323 | flagged=0
[15:09:53] DEBUG - 94202043_240504a_13~7817_hr4_1919.tif | pred_pos=0 | gt_pos=11994 | diff=11994 (0.183) | lcc=0.183 | flagged=0
[15:09:53] DEBUG - 94202043_240504a_13~7817_hr4_1920.tif | pred_pos=0 | gt_pos=9734 | diff=9734 (0.149) | lcc=0.149 | flagged=0
[15:09:53] DEBUG - 94202043_240504a_13~7817_hr4_1980.tif | pred_pos=0 | gt_pos=52037 | diff=52037 (0.794) | lcc=0.794 | flagged=1
[15:09:53] DEBUG - 94202043_240504a_13~7817_hr4_2043.tif | pred_pos=0 | gt_pos=16609 | diff=16609 (0.253) | lcc=0.253 | flagged=0
[15:09:53] DEBUG - 94202043_240504a_13~7817_hr4_206.tif | pred_pos=0 | gt_pos=33951 | diff=33951 (0.518) | lcc=0.518 | flagged=1
[15:09:53] DEBUG - 94202043_240504a_13~7817_hr4_215.tif | pred_pos=0 | gt_pos=42928 | diff=42928 (0.655) | lcc=0.655 | flagged=1
[15:09:53] DEBUG - 94202043_240504a_13~7817_hr4_2161.tif | pred_pos=0 | gt_pos=46587 | diff=46587 (0.711) | lcc=0.711 | flagged=1
[15:09:53] DEBUG - 94202043_240504a_13~7817_hr4_218.tif | pred_pos=0 | gt_pos=9562 | diff=9562 (0.146) | lcc=0.146 | flagged=0
[15:09:53] DEBUG - 94202043_240504a_13~7817_hr4_2235.tif | pred_pos=0 | gt_pos=29906 | diff=29906 (0.456) | lcc=0.456 | flagged=0
[15:09:53] DEBUG - 94202043_240504a_13~7817_hr4_2271.tif | pred_pos=0 | gt_pos=20025 | diff=20025 (0.306) | lcc=0.306 | flagged=0
[15:09:53] DEBUG - 94202043_240504a_13~7817_hr4_2272.tif | pred_pos=0 | gt_pos=28349 | diff=28349 (0.433) | lcc=0.433 | flagged=0
[15:09:53] DEBUG - 94202043_240504a_13~7817_hr4_2373.tif | pred_pos=0 | gt_pos=65536 | diff=65536 (1.000) | lcc=1.000 | flagged=1
[15:09:53] DEBUG - 94202043_240504a_13~7817_hr4_2422.tif | pred_pos=0 | gt_pos=40975 | diff=40975 (0.625) | lcc=0.543 | flagged=1
[15:09:53] DEBUG - 94202043_240504a_13~7817_hr4_2478.tif | pred_pos=0 | gt_pos=1026 | diff=1026 (0.016) | lcc=0.016 | flagged=0
[15:09:53] DEBUG - 94202043_240504a_13~7817_hr4_2618.tif | pred_pos=0 | gt_pos=37280 | diff=37280 (0.569) | lcc=0.569 | flagged=1
[15:09:53] DEBUG - 94202043_240504a_13~7817_hr4_2625.tif | pred_pos=0 | gt_pos=3532 | diff=3532 (0.054) | lcc=0.054 | flagged=0
[15:09:53] DEBUG - 94202043_240504a_13~7817_hr4_2642.tif | pred_pos=0 | gt_pos=10 | diff=10 (0.000) | lcc=0.000 | flagged=0
[15:09:53] DEBUG - 94202043_240504a_13~7817_hr4_2720.tif | pred_pos=0 | gt_pos=530 | diff=530 (0.008) | lcc=0.008 | flagged=0
[15:09:53] DEBUG - 94202043_240504a_13~7817_hr4_2792.tif | pred_pos=0 | gt_pos=16394 | diff=16394 (0.250) | lcc=0.250 | flagged=0
[15:09:53] DEBUG - 94202043_240504a_13~7817_hr4_2880.tif | pred_pos=0 | gt_pos=3355 | diff=3355 (0.051) | lcc=0.051 | flagged=0
[15:09:53] DEBUG - 94202043_240504a_13~7817_hr4_2882.tif | pred_pos=0 | gt_pos=10413 | diff=10413 (0.159) | lcc=0.159 | flagged=0
[15:09:53] DEBUG - 94202043_240504a_13~7817_hr4_2921.tif | pred_pos=0 | gt_pos=0 | diff=0 (0.000) | lcc=0.000 | flagged=0
[15:09:53] DEBUG - 94202043_240504a_13~7817_hr4_2953.tif | pred_pos=0 | gt_pos=56096 | diff=56096 (0.856) | lcc=0.856 | flagged=1
[15:09:53] DEBUG - 94202043_240504a_13~7817_hr4_2954.tif | pred_pos=0 | gt_pos=9591 | diff=9591 (0.146) | lcc=0.146 | flagged=0
[15:09:56] DEBUG - 94202043_240504a_13~7817_hr4_2959.tif | pred_pos=0 | gt_pos=35030 | diff=35030 (0.535) | lcc=0.535 | flagged=1
[15:09:56] DEBUG - 94202043_240504a_13~7817_hr4_2990.tif | pred_pos=0 | gt_pos=2188 | diff=2188 (0.033) | lcc=0.033 | flagged=0
[15:09:56] DEBUG - 94202043_240504a_13~7817_hr4_3018.tif | pred_pos=0 | gt_pos=28703 | diff=28703 (0.438) | lcc=0.438 | flagged=0
[15:09:56] DEBUG - 94202043_240504a_13~7817_hr4_3026.tif | pred_pos=0 | gt_pos=49654 | diff=49654 (0.758) | lcc=0.758 | flagged=1
[15:09:56] DEBUG - 94202043_240504a_13~7817_hr4_3094.tif | pred_pos=0 | gt_pos=11401 | diff=11401 (0.174) | lcc=0.174 | flagged=0
[15:09:56] DEBUG - 94202043_240504a_13~7817_hr4_3107.tif | pred_pos=0 | gt_pos=34375 | diff=34375 (0.525) | lcc=0.525 | flagged=1
[15:09:56] DEBUG - 94202043_240504a_13~7817_hr4_3157.tif | pred_pos=0 | gt_pos=41714 | diff=41714 (0.637) | lcc=0.637 | flagged=1
[15:09:56] DEBUG - 94202043_240504a_13~7817_hr4_3167.tif | pred_pos=0 | gt_pos=24270 | diff=24270 (0.370) | lcc=0.232 | flagged=0
[15:09:56] DEBUG - 94202043_240504a_13~7817_hr4_3169.tif | pred_pos=0 | gt_pos=20441 | diff=20441 (0.312) | lcc=0.312 | flagged=0
[15:09:56] DEBUG - 94202043_240504a_13~7817_hr4_3222.tif | pred_pos=0 | gt_pos=163 | diff=163 (0.002) | lcc=0.002 | flagged=0
[15:09:56] DEBUG - 94202043_240504a_13~7817_hr4_326.tif | pred_pos=0 | gt_pos=7155 | diff=7155 (0.109) | lcc=0.109 | flagged=0
[15:09:56] DEBUG - 94202043_240504a_13~7817_hr4_3299.tif | pred_pos=0 | gt_pos=33815 | diff=33815 (0.516) | lcc=0.516 | flagged=1
[15:09:56] DEBUG - 94202043_240504a_13~7817_hr4_3316.tif | pred_pos=0 | gt_pos=49454 | diff=49454 (0.755) | lcc=0.755 | flagged=1
[15:09:56] DEBUG - 94202043_240504a_13~7817_hr4_3321.tif | pred_pos=0 | gt_pos=9846 | diff=9846 (0.150) | lcc=0.150 | flagged=0
[15:09:56] DEBUG - 94202043_240504a_13~7817_hr4_3329.tif | pred_pos=0 | gt_pos=23956 | diff=23956 (0.366) | lcc=0.366 | flagged=0
[15:09:56] DEBUG - 94202043_240504a_13~7817_hr4_3369.tif | pred_pos=0 | gt_pos=0 | diff=0 (0.000) | lcc=0.000 | flagged=0
[15:09:56] DEBUG - 94202043_240504a_13~7817_hr4_3373.tif | pred_pos=0 | gt_pos=9543 | diff=9543 (0.146) | lcc=0.146 | flagged=0
[15:09:56] DEBUG - 94202043_240504a_13~7817_hr4_3393.tif | pred_pos=0 | gt_pos=11994 | diff=11994 (0.183) | lcc=0.183 | flagged=0
[15:09:56] DEBUG - 94202043_240504a_13~7817_hr4_3430.tif | pred_pos=0 | gt_pos=24428 | diff=24428 (0.373) | lcc=0.303 | flagged=0
[15:09:56] DEBUG - 94202043_240504a_13~7817_hr4_3468.tif | pred_pos=0 | gt_pos=19328 | diff=19328 (0.295) | lcc=0.295 | flagged=0
[15:09:56] DEBUG - 94202043_240504a_13~7817_hr4_3579.tif | pred_pos=0 | gt_pos=4162 | diff=4162 (0.064) | lcc=0.064 | flagged=0
[15:09:56] DEBUG - 94202043_240504a_13~7817_hr4_3621.tif | pred_pos=0 | gt_pos=0 | diff=0 (0.000) | lcc=0.000 | flagged=0
[15:09:56] DEBUG - 94202043_240504a_13~7817_hr4_363.tif | pred_pos=0 | gt_pos=65536 | diff=65536 (1.000) | lcc=1.000 | flagged=1
[15:09:56] DEBUG - 94202043_240504a_13~7817_hr4_371.tif | pred_pos=0 | gt_pos=11800 | diff=11800 (0.180) | lcc=0.180 | flagged=0
[15:09:56] DEBUG - 94202043_240504a_13~7817_hr4_3967.tif | pred_pos=0 | gt_pos=19636 | diff=19636 (0.300) | lcc=0.300 | flagged=0
[15:09:56] DEBUG - 94202043_240504a_13~7817_hr4_4041.tif | pred_pos=0 | gt_pos=20473 | diff=20473 (0.312) | lcc=0.294 | flagged=0
[15:09:56] DEBUG - 94202043_240504a_13~7817_hr4_4105.tif | pred_pos=0 | gt_pos=11 | diff=11 (0.000) | lcc=0.000 | flagged=0
[15:09:56] DEBUG - 94202043_240504a_13~7817_hr4_4116.tif | pred_pos=0 | gt_pos=22610 | diff=22610 (0.345) | lcc=0.258 | flagged=0
[15:09:56] DEBUG - 94202043_240504a_13~7817_hr4_4162.tif | pred_pos=0 | gt_pos=0 | diff=0 (0.000) | lcc=0.000 | flagged=0
[15:09:56] DEBUG - 94202043_240504a_13~7817_hr4_4251.tif | pred_pos=0 | gt_pos=853 | diff=853 (0.013) | lcc=0.012 | flagged=0
[15:09:56] DEBUG - 94202043_240504a_13~7817_hr4_4362.tif | pred_pos=0 | gt_pos=28004 | diff=28004 (0.427) | lcc=0.427 | flagged=0
[15:09:56] DEBUG - 94202043_240504a_13~7817_hr4_4437.tif | pred_pos=0 | gt_pos=175 | diff=175 (0.003) | lcc=0.003 | flagged=0
[15:09:56] DEBUG - 94202043_240504a_13~7817_hr4_4449.tif | pred_pos=0 | gt_pos=17978 | diff=17978 (0.274) | lcc=0.274 | flagged=0
[15:09:56] DEBUG - 94202043_240504a_13~7817_hr4_4506.tif | pred_pos=0 | gt_pos=12594 | diff=12594 (0.192) | lcc=0.192 | flagged=0
[15:09:56] DEBUG - 94202043_240504a_13~7817_hr4_4523.tif | pred_pos=0 | gt_pos=32896 | diff=32896 (0.502) | lcc=0.502 | flagged=1
[15:09:56] DEBUG - 94202043_240504a_13~7817_hr4_4551.tif | pred_pos=0 | gt_pos=28225 | diff=28225 (0.431) | lcc=0.431 | flagged=0
[15:09:56] DEBUG - 94202043_240504a_13~7817_hr4_4557.tif | pred_pos=0 | gt_pos=0 | diff=0 (0.000) | lcc=0.000 | flagged=0
[15:09:56] DEBUG - 94202043_240504a_13~7817_hr4_4655.tif | pred_pos=0 | gt_pos=974 | diff=974 (0.015) | lcc=0.015 | flagged=0
[15:09:56] DEBUG - 94202043_240504a_13~7817_hr4_4713.tif | pred_pos=0 | gt_pos=273 | diff=273 (0.004) | lcc=0.004 | flagged=0
[15:09:56] DEBUG - 94202043_240504a_13~7817_hr4_477.tif | pred_pos=0 | gt_pos=54837 | diff=54837 (0.837) | lcc=0.837 | flagged=1
[15:09:56] DEBUG - 94202043_240504a_13~7817_hr4_4782.tif | pred_pos=0 | gt_pos=9046 | diff=9046 (0.138) | lcc=0.138 | flagged=0
[15:09:56] DEBUG - 94202043_240504a_13~7817_hr4_4784.tif | pred_pos=0 | gt_pos=1009 | diff=1009 (0.015) | lcc=0.015 | flagged=0
[15:09:56] DEBUG - 94202043_240504a_13~7817_hr4_4814.tif | pred_pos=0 | gt_pos=36362 | diff=36362 (0.555) | lcc=0.555 | flagged=1
[15:09:56] DEBUG - 94202043_240504a_13~7817_hr4_4856.tif | pred_pos=0 | gt_pos=11078 | diff=11078 (0.169) | lcc=0.169 | flagged=0
[15:09:56] DEBUG - 94202043_240504a_13~7817_hr4_4867.tif | pred_pos=0 | gt_pos=45981 | diff=45981 (0.702) | lcc=0.702 | flagged=1
[15:09:56] DEBUG - 94202043_240504a_13~7817_hr4_4934.tif | pred_pos=0 | gt_pos=42436 | diff=42436 (0.648) | lcc=0.648 | flagged=1
[15:09:56] DEBUG - 94202043_240504a_13~7817_hr4_4974.tif | pred_pos=0 | gt_pos=0 | diff=0 (0.000) | lcc=0.000 | flagged=0
[15:09:56] DEBUG - 94202043_240504a_13~7817_hr4_505.tif | pred_pos=0 | gt_pos=32522 | diff=32522 (0.496) | lcc=0.496 | flagged=0
[15:09:56] DEBUG - 94202043_240504a_13~7817_hr4_5061.tif | pred_pos=0 | gt_pos=5703 | diff=5703 (0.087) | lcc=0.087 | flagged=0
[15:09:56] DEBUG - 94202043_240504a_13~7817_hr4_5106.tif | pred_pos=0 | gt_pos=10182 | diff=10182 (0.155) | lcc=0.155 | flagged=0
[15:09:56] DEBUG - 94202043_240504a_13~7817_hr4_515.tif | pred_pos=0 | gt_pos=31498 | diff=31498 (0.481) | lcc=0.472 | flagged=0
[15:09:56] DEBUG - 94202043_240504a_13~7817_hr4_5161.tif | pred_pos=0 | gt_pos=8998 | diff=8998 (0.137) | lcc=0.095 | flagged=0
[15:09:56] DEBUG - 94202043_240504a_13~7817_hr4_5259.tif | pred_pos=0 | gt_pos=8814 | diff=8814 (0.134) | lcc=0.134 | flagged=0
[15:09:56] DEBUG - 94202043_240504a_13~7817_hr4_5311.tif | pred_pos=0 | gt_pos=10402 | diff=10402 (0.159) | lcc=0.159 | flagged=0
[15:09:56] DEBUG - 94202043_240504a_13~7817_hr4_5341.tif | pred_pos=0 | gt_pos=14867 | diff=14867 (0.227) | lcc=0.227 | flagged=0
[15:09:56] DEBUG - 94202043_240504a_13~7817_hr4_5344.tif | pred_pos=0 | gt_pos=12149 | diff=12149 (0.185) | lcc=0.185 | flagged=0
[15:09:56] DEBUG - 94202043_240504a_13~7817_hr4_5395.tif | pred_pos=0 | gt_pos=29989 | diff=29989 (0.458) | lcc=0.458 | flagged=0
[15:09:56] DEBUG - 94202043_240504a_13~7817_hr4_5413.tif | pred_pos=0 | gt_pos=18618 | diff=18618 (0.284) | lcc=0.284 | flagged=0
[15:09:56] DEBUG - 94202043_240504a_13~7817_hr4_5511.tif | pred_pos=0 | gt_pos=0 | diff=0 (0.000) | lcc=0.000 | flagged=0
[15:09:56] DEBUG - 94202043_240504a_13~7817_hr4_5521.tif | pred_pos=0 | gt_pos=27500 | diff=27500 (0.420) | lcc=0.287 | flagged=0
[15:09:56] DEBUG - 94202043_240504a_13~7817_hr4_5543.tif | pred_pos=0 | gt_pos=24123 | diff=24123 (0.368) | lcc=0.247 | flagged=0
[15:09:56] DEBUG - 94202043_240504a_13~7817_hr4_5618.tif | pred_pos=0 | gt_pos=55943 | diff=55943 (0.854) | lcc=0.854 | flagged=1
[15:09:56] DEBUG - 94202043_240504a_13~7817_hr4_5634.tif | pred_pos=0 | gt_pos=7415 | diff=7415 (0.113) | lcc=0.113 | flagged=0
[15:09:56] DEBUG - 94202043_240504a_13~7817_hr4_5743.tif | pred_pos=0 | gt_pos=9432 | diff=9432 (0.144) | lcc=0.144 | flagged=0
[15:09:57] DEBUG - 94202043_240504a_13~7817_hr4_588.tif | pred_pos=0 | gt_pos=11860 | diff=11860 (0.181) | lcc=0.181 | flagged=0
[15:09:57] DEBUG - 94202043_240504a_13~7817_hr4_63.tif | pred_pos=0 | gt_pos=21933 | diff=21933 (0.335) | lcc=0.335 | flagged=0
[15:09:57] DEBUG - 94202043_240504a_13~7817_hr4_67.tif | pred_pos=0 | gt_pos=37143 | diff=37143 (0.567) | lcc=0.567 | flagged=1
[15:09:57] DEBUG - 94202043_240504a_13~7817_hr4_70.tif | pred_pos=0 | gt_pos=9705 | diff=9705 (0.148) | lcc=0.148 | flagged=0
[15:09:57] DEBUG - 94202043_240504a_13~7817_hr4_728.tif | pred_pos=0 | gt_pos=6916 | diff=6916 (0.106) | lcc=0.106 | flagged=0
[15:09:57] DEBUG - 94202043_240504a_13~7817_hr4_732.tif | pred_pos=0 | gt_pos=39393 | diff=39393 (0.601) | lcc=0.601 | flagged=1
[15:09:57] DEBUG - 94202043_240504a_13~7817_hr4_736.tif | pred_pos=0 | gt_pos=3717 | diff=3717 (0.057) | lcc=0.057 | flagged=0
[15:09:57] DEBUG - 94202043_240504a_13~7817_hr4_738.tif | pred_pos=0 | gt_pos=12439 | diff=12439 (0.190) | lcc=0.102 | flagged=0
[15:09:57] DEBUG - 94202043_240504a_13~7817_hr4_806.tif | pred_pos=0 | gt_pos=65536 | diff=65536 (1.000) | lcc=1.000 | flagged=1
[15:09:57] DEBUG - 94202043_240504a_13~7817_hr4_812.tif | pred_pos=0 | gt_pos=11614 | diff=11614 (0.177) | lcc=0.177 | flagged=0
[15:09:57] DEBUG - 94202043_240504a_13~7817_hr4_923.tif | pred_pos=0 | gt_pos=3416 | diff=3416 (0.052) | lcc=0.052 | flagged=0
[15:09:57] DEBUG - 94202043_240504a_13~7817_hr4_934.tif | pred_pos=0 | gt_pos=35268 | diff=35268 (0.538) | lcc=0.538 | flagged=1
[15:09:57] DEBUG - 94202043_240504a_13~7817_hr4_938.tif | pred_pos=0 | gt_pos=37283 | diff=37283 (0.569) | lcc=0.569 | flagged=1
[15:09:57] DEBUG - 94202043_240504a_13~7817_hr4_947.tif | pred_pos=0 | gt_pos=5805 | diff=5805 (0.089) | lcc=0.089 | flagged=0
[15:09:57] DEBUG - 94202043_240504a_13~7817_hr4_968.tif | pred_pos=0 | gt_pos=1197 | diff=1197 (0.018) | lcc=0.018 | flagged=0
[15:09:57] DEBUG - 94202044_240504a_14~8074_hr4_1035.tif | pred_pos=0 | gt_pos=46580 | diff=46580 (0.711) | lcc=0.659 | flagged=1
[15:09:57] DEBUG - 94202044_240504a_14~8074_hr4_1057.tif | pred_pos=0 | gt_pos=65536 | diff=65536 (1.000) | lcc=1.000 | flagged=1
[15:09:57] DEBUG - 94202044_240504a_14~8074_hr4_107.tif | pred_pos=0 | gt_pos=27420 | diff=27420 (0.418) | lcc=0.418 | flagged=0
[15:09:57] DEBUG - 94202044_240504a_14~8074_hr4_1073.tif | pred_pos=0 | gt_pos=43867 | diff=43867 (0.669) | lcc=0.669 | flagged=1
[15:09:57] DEBUG - 94202044_240504a_14~8074_hr4_1090.tif | pred_pos=0 | gt_pos=2961 | diff=2961 (0.045) | lcc=0.045 | flagged=0
[15:09:57] DEBUG - 94202044_240504a_14~8074_hr4_1122.tif | pred_pos=0 | gt_pos=10147 | diff=10147 (0.155) | lcc=0.155 | flagged=0
[15:09:57] DEBUG - 94202044_240504a_14~8074_hr4_1124.tif | pred_pos=0 | gt_pos=58443 | diff=58443 (0.892) | lcc=0.892 | flagged=1
[15:09:57] DEBUG - 94202044_240504a_14~8074_hr4_1132.tif | pred_pos=0 | gt_pos=41671 | diff=41671 (0.636) | lcc=0.636 | flagged=1
[15:09:57] DEBUG - 94202044_240504a_14~8074_hr4_1172.tif | pred_pos=0 | gt_pos=51815 | diff=51815 (0.791) | lcc=0.759 | flagged=1
[15:09:57] DEBUG - 94202044_240504a_14~8074_hr4_1173.tif | pred_pos=0 | gt_pos=710 | diff=710 (0.011) | lcc=0.011 | flagged=0
[15:09:57] DEBUG - 94202044_240504a_14~8074_hr4_1187.tif | pred_pos=0 | gt_pos=27874 | diff=27874 (0.425) | lcc=0.425 | flagged=0
[15:09:57] DEBUG - 94202044_240504a_14~8074_hr4_1203.tif | pred_pos=0 | gt_pos=36265 | diff=36265 (0.553) | lcc=0.553 | flagged=1
[15:09:57] DEBUG - 94202044_240504a_14~8074_hr4_1214.tif | pred_pos=0 | gt_pos=46828 | diff=46828 (0.715) | lcc=0.715 | flagged=1
[15:09:57] DEBUG - 94202044_240504a_14~8074_hr4_1251.tif | pred_pos=0 | gt_pos=6178 | diff=6178 (0.094) | lcc=0.094 | flagged=0
[15:09:57] DEBUG - 94202044_240504a_14~8074_hr4_1262.tif | pred_pos=0 | gt_pos=2177 | diff=2177 (0.033) | lcc=0.033 | flagged=0
[15:09:57] DEBUG - 94202044_240504a_14~8074_hr4_1279.tif | pred_pos=0 | gt_pos=11158 | diff=11158 (0.170) | lcc=0.170 | flagged=0
[15:09:57] DEBUG - 94202044_240504a_14~8074_hr4_1410.tif | pred_pos=0 | gt_pos=29884 | diff=29884 (0.456) | lcc=0.456 | flagged=0
[15:09:57] DEBUG - 94202044_240504a_14~8074_hr4_1489.tif | pred_pos=0 | gt_pos=61418 | diff=61418 (0.937) | lcc=0.937 | flagged=1
[15:09:57] DEBUG - 94202044_240504a_14~8074_hr4_1490.tif | pred_pos=0 | gt_pos=33495 | diff=33495 (0.511) | lcc=0.509 | flagged=1
[15:09:57] DEBUG - 94202044_240504a_14~8074_hr4_1516.tif | pred_pos=0 | gt_pos=5 | diff=5 (0.000) | lcc=0.000 | flagged=0
[15:09:57] DEBUG - 94202044_240504a_14~8074_hr4_1562.tif | pred_pos=0 | gt_pos=31485 | diff=31485 (0.480) | lcc=0.340 | flagged=0
[15:09:57] DEBUG - 94202044_240504a_14~8074_hr4_1611.tif | pred_pos=0 | gt_pos=20961 | diff=20961 (0.320) | lcc=0.320 | flagged=0
[15:09:57] DEBUG - 94202044_240504a_14~8074_hr4_1634.tif | pred_pos=0 | gt_pos=10964 | diff=10964 (0.167) | lcc=0.167 | flagged=0
[15:09:57] DEBUG - 94202044_240504a_14~8074_hr4_1653.tif | pred_pos=0 | gt_pos=32312 | diff=32312 (0.493) | lcc=0.493 | flagged=0
[15:09:57] DEBUG - 94202044_240504a_14~8074_hr4_1665.tif | pred_pos=0 | gt_pos=536 | diff=536 (0.008) | lcc=0.008 | flagged=0
[15:09:57] DEBUG - 94202044_240504a_14~8074_hr4_167.tif | pred_pos=0 | gt_pos=65536 | diff=65536 (1.000) | lcc=1.000 | flagged=1
[15:09:57] DEBUG - 94202044_240504a_14~8074_hr4_1687.tif | pred_pos=0 | gt_pos=30203 | diff=30203 (0.461) | lcc=0.461 | flagged=0
[15:09:57] DEBUG - 94202044_240504a_14~8074_hr4_1704.tif | pred_pos=0 | gt_pos=10256 | diff=10256 (0.156) | lcc=0.156 | flagged=0
[15:09:57] DEBUG - 94202044_240504a_14~8074_hr4_1708.tif | pred_pos=0 | gt_pos=12679 | diff=12679 (0.193) | lcc=0.193 | flagged=0
[15:09:57] DEBUG - 94202044_240504a_14~8074_hr4_1770.tif | pred_pos=0 | gt_pos=3870 | diff=3870 (0.059) | lcc=0.059 | flagged=0
[15:09:57] DEBUG - 94202044_240504a_14~8074_hr4_1853.tif | pred_pos=0 | gt_pos=1499 | diff=1499 (0.023) | lcc=0.023 | flagged=0
[15:09:57] DEBUG - 94202044_240504a_14~8074_hr4_1869.tif | pred_pos=0 | gt_pos=1560 | diff=1560 (0.024) | lcc=0.024 | flagged=0
[15:09:57] DEBUG - 94202044_240504a_14~8074_hr4_1879.tif | pred_pos=0 | gt_pos=43533 | diff=43533 (0.664) | lcc=0.664 | flagged=1
[15:09:57] DEBUG - 94202044_240504a_14~8074_hr4_1885.tif | pred_pos=0 | gt_pos=19648 | diff=19648 (0.300) | lcc=0.300 | flagged=0
[15:09:57] DEBUG - 94202044_240504a_14~8074_hr4_1910.tif | pred_pos=0 | gt_pos=8349 | diff=8349 (0.127) | lcc=0.127 | flagged=0
[15:09:57] DEBUG - 94202044_240504a_14~8074_hr4_1935.tif | pred_pos=0 | gt_pos=16583 | diff=16583 (0.253) | lcc=0.253 | flagged=0
[15:09:57] DEBUG - 94202044_240504a_14~8074_hr4_1946.tif | pred_pos=0 | gt_pos=97 | diff=97 (0.001) | lcc=0.001 | flagged=0
[15:09:57] DEBUG - 94202044_240504a_14~8074_hr4_1959.tif | pred_pos=0 | gt_pos=31322 | diff=31322 (0.478) | lcc=0.478 | flagged=0
[15:09:57] DEBUG - 94202044_240504a_14~8074_hr4_1960.tif | pred_pos=0 | gt_pos=39521 | diff=39521 (0.603) | lcc=0.603 | flagged=1
[15:09:57] DEBUG - 94202044_240504a_14~8074_hr4_2008.tif | pred_pos=0 | gt_pos=16239 | diff=16239 (0.248) | lcc=0.248 | flagged=0
[15:09:57] DEBUG - 94202044_240504a_14~8074_hr4_2041.tif | pred_pos=0 | gt_pos=175 | diff=175 (0.003) | lcc=0.003 | flagged=0
[15:09:57] DEBUG - 94202044_240504a_14~8074_hr4_2058.tif | pred_pos=0 | gt_pos=30186 | diff=30186 (0.461) | lcc=0.370 | flagged=0
[15:09:57] DEBUG - 94202044_240504a_14~8074_hr4_2083.tif | pred_pos=0 | gt_pos=65482 | diff=65482 (0.999) | lcc=0.999 | flagged=1
[15:09:57] DEBUG - 94202044_240504a_14~8074_hr4_2085.tif | pred_pos=0 | gt_pos=1074 | diff=1074 (0.016) | lcc=0.016 | flagged=0
[15:09:57] DEBUG - 94202044_240504a_14~8074_hr4_2116.tif | pred_pos=0 | gt_pos=14410 | diff=14410 (0.220) | lcc=0.201 | flagged=0
[15:09:57] DEBUG - 94202044_240504a_14~8074_hr4_2155.tif | pred_pos=0 | gt_pos=11878 | diff=11878 (0.181) | lcc=0.181 | flagged=0
[15:09:57] DEBUG - 94202044_240504a_14~8074_hr4_2177.tif | pred_pos=0 | gt_pos=9923 | diff=9923 (0.151) | lcc=0.151 | flagged=0
[15:09:57] DEBUG - 94202044_240504a_14~8074_hr4_2189.tif | pred_pos=0 | gt_pos=2843 | diff=2843 (0.043) | lcc=0.043 | flagged=0
[15:09:57] DEBUG - 94202044_240504a_14~8074_hr4_2209.tif | pred_pos=0 | gt_pos=29267 | diff=29267 (0.447) | lcc=0.393 | flagged=0
[15:09:58] DEBUG - 94202044_240504a_14~8074_hr4_223.tif | pred_pos=0 | gt_pos=65536 | diff=65536 (1.000) | lcc=1.000 | flagged=1
[15:09:58] DEBUG - 94202044_240504a_14~8074_hr4_2230.tif | pred_pos=0 | gt_pos=9428 | diff=9428 (0.144) | lcc=0.095 | flagged=0
[15:09:58] DEBUG - 94202044_240504a_14~8074_hr4_2254.tif | pred_pos=0 | gt_pos=44153 | diff=44153 (0.674) | lcc=0.674 | flagged=1
[15:09:58] DEBUG - 94202044_240504a_14~8074_hr4_2256.tif | pred_pos=0 | gt_pos=43053 | diff=43053 (0.657) | lcc=0.657 | flagged=1
[15:09:58] DEBUG - 94202044_240504a_14~8074_hr4_2281.tif | pred_pos=0 | gt_pos=1320 | diff=1320 (0.020) | lcc=0.020 | flagged=0
[15:09:58] DEBUG - 94202044_240504a_14~8074_hr4_2284.tif | pred_pos=0 | gt_pos=16978 | diff=16978 (0.259) | lcc=0.215 | flagged=0
[15:09:58] DEBUG - 94202044_240504a_14~8074_hr4_2291.tif | pred_pos=0 | gt_pos=0 | diff=0 (0.000) | lcc=0.000 | flagged=0
[15:09:58] DEBUG - 94202044_240504a_14~8074_hr4_2313.tif | pred_pos=0 | gt_pos=8302 | diff=8302 (0.127) | lcc=0.127 | flagged=0
[15:09:58] DEBUG - 94202044_240504a_14~8074_hr4_233.tif | pred_pos=0 | gt_pos=12148 | diff=12148 (0.185) | lcc=0.185 | flagged=0
[15:09:58] DEBUG - 94202044_240504a_14~8074_hr4_2339.tif | pred_pos=0 | gt_pos=56475 | diff=56475 (0.862) | lcc=0.862 | flagged=1
[15:09:58] DEBUG - 94202044_240504a_14~8074_hr4_2352.tif | pred_pos=0 | gt_pos=53790 | diff=53790 (0.821) | lcc=0.821 | flagged=1
[15:09:58] DEBUG - 94202044_240504a_14~8074_hr4_2356.tif | pred_pos=0 | gt_pos=62041 | diff=62041 (0.947) | lcc=0.947 | flagged=1
[15:09:58] DEBUG - 94202044_240504a_14~8074_hr4_2387.tif | pred_pos=0 | gt_pos=19041 | diff=19041 (0.291) | lcc=0.291 | flagged=0
[15:09:58] DEBUG - 94202044_240504a_14~8074_hr4_2393.tif | pred_pos=0 | gt_pos=26048 | diff=26048 (0.397) | lcc=0.397 | flagged=0
[15:09:58] DEBUG - 94202044_240504a_14~8074_hr4_2404.tif | pred_pos=0 | gt_pos=65513 | diff=65513 (1.000) | lcc=1.000 | flagged=1
[15:09:58] DEBUG - 94202044_240504a_14~8074_hr4_242.tif | pred_pos=0 | gt_pos=49447 | diff=49447 (0.755) | lcc=0.755 | flagged=1
[15:09:58] DEBUG - 94202044_240504a_14~8074_hr4_2461.tif | pred_pos=0 | gt_pos=11007 | diff=11007 (0.168) | lcc=0.168 | flagged=0
[15:09:58] DEBUG - 94202044_240504a_14~8074_hr4_2469.tif | pred_pos=0 | gt_pos=645 | diff=645 (0.010) | lcc=0.010 | flagged=0
[15:09:58] DEBUG - 94202044_240504a_14~8074_hr4_2551.tif | pred_pos=0 | gt_pos=65536 | diff=65536 (1.000) | lcc=1.000 | flagged=1
[15:09:58] DEBUG - 94202044_240504a_14~8074_hr4_2558.tif | pred_pos=0 | gt_pos=5046 | diff=5046 (0.077) | lcc=0.077 | flagged=0
[15:09:58] DEBUG - 94202044_240504a_14~8074_hr4_2572.tif | pred_pos=0 | gt_pos=27052 | diff=27052 (0.413) | lcc=0.413 | flagged=0
[15:09:58] DEBUG - 94202044_240504a_14~8074_hr4_2573.tif | pred_pos=0 | gt_pos=5041 | diff=5041 (0.077) | lcc=0.077 | flagged=0
[15:09:58] DEBUG - 94202044_240504a_14~8074_hr4_259.tif | pred_pos=0 | gt_pos=20536 | diff=20536 (0.313) | lcc=0.297 | flagged=0
[15:09:58] DEBUG - 94202044_240504a_14~8074_hr4_2616.tif | pred_pos=0 | gt_pos=63511 | diff=63511 (0.969) | lcc=0.969 | flagged=1
[15:09:58] DEBUG - 94202044_240504a_14~8074_hr4_264.tif | pred_pos=0 | gt_pos=58298 | diff=58298 (0.890) | lcc=0.890 | flagged=1
[15:09:58] DEBUG - 94202044_240504a_14~8074_hr4_2688.tif | pred_pos=0 | gt_pos=65536 | diff=65536 (1.000) | lcc=1.000 | flagged=1
[15:09:58] DEBUG - 94202044_240504a_14~8074_hr4_2690.tif | pred_pos=0 | gt_pos=65536 | diff=65536 (1.000) | lcc=1.000 | flagged=1
[15:09:58] DEBUG - 94202044_240504a_14~8074_hr4_2697.tif | pred_pos=0 | gt_pos=1764 | diff=1764 (0.027) | lcc=0.027 | flagged=0
[15:09:58] DEBUG - 94202044_240504a_14~8074_hr4_2706.tif | pred_pos=0 | gt_pos=38267 | diff=38267 (0.584) | lcc=0.584 | flagged=1
[15:09:58] DEBUG - 94202044_240504a_14~8074_hr4_2718.tif | pred_pos=0 | gt_pos=1338 | diff=1338 (0.020) | lcc=0.020 | flagged=0
[15:09:58] DEBUG - 94202044_240504a_14~8074_hr4_2738.tif | pred_pos=0 | gt_pos=0 | diff=0 (0.000) | lcc=0.000 | flagged=0
[15:09:58] DEBUG - 94202044_240504a_14~8074_hr4_2802.tif | pred_pos=0 | gt_pos=5015 | diff=5015 (0.077) | lcc=0.077 | flagged=0
[15:09:58] DEBUG - 94202044_240504a_14~8074_hr4_2805.tif | pred_pos=0 | gt_pos=1461 | diff=1461 (0.022) | lcc=0.022 | flagged=0
[15:09:58] DEBUG - 94202044_240504a_14~8074_hr4_2821.tif | pred_pos=0 | gt_pos=24189 | diff=24189 (0.369) | lcc=0.369 | flagged=0
[15:09:58] DEBUG - 94202044_240504a_14~8074_hr4_2842.tif | pred_pos=0 | gt_pos=43951 | diff=43951 (0.671) | lcc=0.587 | flagged=1
[15:09:58] DEBUG - 94202044_240504a_14~8074_hr4_2873.tif | pred_pos=0 | gt_pos=30530 | diff=30530 (0.466) | lcc=0.466 | flagged=0
[15:09:58] DEBUG - 94202044_240504a_14~8074_hr4_2879.tif | pred_pos=0 | gt_pos=50165 | diff=50165 (0.765) | lcc=0.765 | flagged=1
[15:09:58] DEBUG - 94202044_240504a_14~8074_hr4_2887.tif | pred_pos=0 | gt_pos=49199 | diff=49199 (0.751) | lcc=0.751 | flagged=1
[15:09:58] DEBUG - 94202044_240504a_14~8074_hr4_2903.tif | pred_pos=0 | gt_pos=20323 | diff=20323 (0.310) | lcc=0.310 | flagged=0
[15:09:58] DEBUG - 94202044_240504a_14~8074_hr4_2911.tif | pred_pos=0 | gt_pos=51337 | diff=51337 (0.783) | lcc=0.783 | flagged=1
[15:09:58] DEBUG - 94202044_240504a_14~8074_hr4_2912.tif | pred_pos=0 | gt_pos=65536 | diff=65536 (1.000) | lcc=1.000 | flagged=1
[15:09:58] DEBUG - 94202044_240504a_14~8074_hr4_2913.tif | pred_pos=0 | gt_pos=38813 | diff=38813 (0.592) | lcc=0.592 | flagged=1
[15:09:58] DEBUG - 94202044_240504a_14~8074_hr4_2944.tif | pred_pos=0 | gt_pos=28106 | diff=28106 (0.429) | lcc=0.429 | flagged=0
[15:09:58] DEBUG - 94202044_240504a_14~8074_hr4_2986.tif | pred_pos=0 | gt_pos=55103 | diff=55103 (0.841) | lcc=0.841 | flagged=1
[15:09:58] DEBUG - 94202044_240504a_14~8074_hr4_2990.tif | pred_pos=0 | gt_pos=4311 | diff=4311 (0.066) | lcc=0.066 | flagged=0
[15:09:58] DEBUG - 94202044_240504a_14~8074_hr4_300.tif | pred_pos=0 | gt_pos=17181 | diff=17181 (0.262) | lcc=0.262 | flagged=0
[15:09:58] DEBUG - 94202044_240504a_14~8074_hr4_3017.tif | pred_pos=0 | gt_pos=65536 | diff=65536 (1.000) | lcc=1.000 | flagged=1
[15:09:58] DEBUG - 94202044_240504a_14~8074_hr4_3020.tif | pred_pos=0 | gt_pos=27075 | diff=27075 (0.413) | lcc=0.413 | flagged=0
[15:09:58] DEBUG - 94202044_240504a_14~8074_hr4_303.tif | pred_pos=0 | gt_pos=65536 | diff=65536 (1.000) | lcc=1.000 | flagged=1
[15:09:58] DEBUG - 94202044_240504a_14~8074_hr4_3034.tif | pred_pos=0 | gt_pos=37442 | diff=37442 (0.571) | lcc=0.391 | flagged=0
[15:09:58] DEBUG - 94202044_240504a_14~8074_hr4_3040.tif | pred_pos=0 | gt_pos=15371 | diff=15371 (0.235) | lcc=0.214 | flagged=0
[15:09:58] DEBUG - 94202044_240504a_14~8074_hr4_3043.tif | pred_pos=0 | gt_pos=617 | diff=617 (0.009) | lcc=0.009 | flagged=0
[15:09:58] DEBUG - 94202044_240504a_14~8074_hr4_3050.tif | pred_pos=0 | gt_pos=30654 | diff=30654 (0.468) | lcc=0.468 | flagged=0
[15:09:58] DEBUG - 94202044_240504a_14~8074_hr4_3092.tif | pred_pos=0 | gt_pos=53802 | diff=53802 (0.821) | lcc=0.821 | flagged=1
[15:09:58] DEBUG - 94202044_240504a_14~8074_hr4_311.tif | pred_pos=0 | gt_pos=46671 | diff=46671 (0.712) | lcc=0.712 | flagged=1
[15:09:58] DEBUG - 94202044_240504a_14~8074_hr4_3175.tif | pred_pos=0 | gt_pos=2975 | diff=2975 (0.045) | lcc=0.045 | flagged=0
[15:09:58] DEBUG - 94202044_240504a_14~8074_hr4_3188.tif | pred_pos=0 | gt_pos=11911 | diff=11911 (0.182) | lcc=0.182 | flagged=0
[15:09:58] DEBUG - 94202044_240504a_14~8074_hr4_320.tif | pred_pos=0 | gt_pos=21831 | diff=21831 (0.333) | lcc=0.333 | flagged=0
[15:09:58] DEBUG - 94202044_240504a_14~8074_hr4_3228.tif | pred_pos=0 | gt_pos=49476 | diff=49476 (0.755) | lcc=0.669 | flagged=1
[15:09:58] DEBUG - 94202044_240504a_14~8074_hr4_3264.tif | pred_pos=0 | gt_pos=7427 | diff=7427 (0.113) | lcc=0.113 | flagged=0
[15:09:58] DEBUG - 94202044_240504a_14~8074_hr4_3267.tif | pred_pos=0 | gt_pos=4889 | diff=4889 (0.075) | lcc=0.075 | flagged=0
[15:09:58] DEBUG - 94202044_240504a_14~8074_hr4_3281.tif | pred_pos=0 | gt_pos=21290 | diff=21290 (0.325) | lcc=0.319 | flagged=0
[15:09:58] DEBUG - 94202044_240504a_14~8074_hr4_3346.tif | pred_pos=0 | gt_pos=7432 | diff=7432 (0.113) | lcc=0.113 | flagged=0
[15:09:58] DEBUG - 94202044_240504a_14~8074_hr4_3371.tif | pred_pos=0 | gt_pos=1181 | diff=1181 (0.018) | lcc=0.018 | flagged=0
[15:10:01] DEBUG - 94202044_240504a_14~8074_hr4_338.tif | pred_pos=0 | gt_pos=65536 | diff=65536 (1.000) | lcc=1.000 | flagged=1
[15:10:01] DEBUG - 94202044_240504a_14~8074_hr4_3383.tif | pred_pos=0 | gt_pos=0 | diff=0 (0.000) | lcc=0.000 | flagged=0
[15:10:01] DEBUG - 94202044_240504a_14~8074_hr4_3417.tif | pred_pos=0 | gt_pos=40750 | diff=40750 (0.622) | lcc=0.622 | flagged=1
[15:10:01] DEBUG - 94202044_240504a_14~8074_hr4_3427.tif | pred_pos=0 | gt_pos=24488 | diff=24488 (0.374) | lcc=0.338 | flagged=0
[15:10:01] DEBUG - 94202044_240504a_14~8074_hr4_3450.tif | pred_pos=0 | gt_pos=30997 | diff=30997 (0.473) | lcc=0.452 | flagged=0
[15:10:01] DEBUG - 94202044_240504a_14~8074_hr4_3486.tif | pred_pos=0 | gt_pos=4142 | diff=4142 (0.063) | lcc=0.051 | flagged=0
[15:10:01] DEBUG - 94202044_240504a_14~8074_hr4_3501.tif | pred_pos=0 | gt_pos=31563 | diff=31563 (0.482) | lcc=0.482 | flagged=0
[15:10:01] DEBUG - 94202044_240504a_14~8074_hr4_3517.tif | pred_pos=0 | gt_pos=47492 | diff=47492 (0.725) | lcc=0.548 | flagged=1
[15:10:01] DEBUG - 94202044_240504a_14~8074_hr4_3561.tif | pred_pos=0 | gt_pos=31902 | diff=31902 (0.487) | lcc=0.487 | flagged=0
[15:10:01] DEBUG - 94202044_240504a_14~8074_hr4_3603.tif | pred_pos=0 | gt_pos=65310 | diff=65310 (0.997) | lcc=0.997 | flagged=1
[15:10:01] DEBUG - 94202044_240504a_14~8074_hr4_3659.tif | pred_pos=0 | gt_pos=20253 | diff=20253 (0.309) | lcc=0.309 | flagged=0
[15:10:02] DEBUG - 94202044_240504a_14~8074_hr4_3672.tif | pred_pos=0 | gt_pos=1772 | diff=1772 (0.027) | lcc=0.027 | flagged=0
[15:10:02] DEBUG - 94202044_240504a_14~8074_hr4_3685.tif | pred_pos=0 | gt_pos=38759 | diff=38759 (0.591) | lcc=0.591 | flagged=1
[15:10:02] DEBUG - 94202044_240504a_14~8074_hr4_3711.tif | pred_pos=0 | gt_pos=6733 | diff=6733 (0.103) | lcc=0.103 | flagged=0
[15:10:02] DEBUG - 94202044_240504a_14~8074_hr4_3749.tif | pred_pos=0 | gt_pos=15596 | diff=15596 (0.238) | lcc=0.165 | flagged=0
[15:10:02] DEBUG - 94202044_240504a_14~8074_hr4_375.tif | pred_pos=0 | gt_pos=25782 | diff=25782 (0.393) | lcc=0.393 | flagged=0
[15:10:02] DEBUG - 94202044_240504a_14~8074_hr4_3773.tif | pred_pos=0 | gt_pos=15507 | diff=15507 (0.237) | lcc=0.237 | flagged=0
[15:10:02] DEBUG - 94202044_240504a_14~8074_hr4_3790.tif | pred_pos=0 | gt_pos=728 | diff=728 (0.011) | lcc=0.011 | flagged=0
[15:10:02] DEBUG - 94202044_240504a_14~8074_hr4_380.tif | pred_pos=0 | gt_pos=61202 | diff=61202 (0.934) | lcc=0.934 | flagged=1
[15:10:02] DEBUG - 94202044_240504a_14~8074_hr4_3820.tif | pred_pos=0 | gt_pos=8912 | diff=8912 (0.136) | lcc=0.136 | flagged=0
[15:10:02] DEBUG - 94202044_240504a_14~8074_hr4_3834.tif | pred_pos=0 | gt_pos=29735 | diff=29735 (0.454) | lcc=0.454 | flagged=0
[15:10:02] DEBUG - 94202044_240504a_14~8074_hr4_3839.tif | pred_pos=0 | gt_pos=31152 | diff=31152 (0.475) | lcc=0.475 | flagged=0
[15:10:02] DEBUG - 94202044_240504a_14~8074_hr4_3854.tif | pred_pos=0 | gt_pos=0 | diff=0 (0.000) | lcc=0.000 | flagged=0
[15:10:02] DEBUG - 94202044_240504a_14~8074_hr4_3859.tif | pred_pos=0 | gt_pos=70 | diff=70 (0.001) | lcc=0.001 | flagged=0
[15:10:02] DEBUG - 94202044_240504a_14~8074_hr4_3896.tif | pred_pos=0 | gt_pos=58718 | diff=58718 (0.896) | lcc=0.896 | flagged=1
[15:10:02] DEBUG - 94202044_240504a_14~8074_hr4_3966.tif | pred_pos=0 | gt_pos=27820 | diff=27820 (0.424) | lcc=0.424 | flagged=0
[15:10:02] DEBUG - 94202044_240504a_14~8074_hr4_398.tif | pred_pos=0 | gt_pos=17500 | diff=17500 (0.267) | lcc=0.267 | flagged=0
[15:10:02] DEBUG - 94202044_240504a_14~8074_hr4_3985.tif | pred_pos=0 | gt_pos=2499 | diff=2499 (0.038) | lcc=0.038 | flagged=0
[15:10:02] DEBUG - 94202044_240504a_14~8074_hr4_40.tif | pred_pos=0 | gt_pos=35904 | diff=35904 (0.548) | lcc=0.548 | flagged=1
[15:10:02] DEBUG - 94202044_240504a_14~8074_hr4_4035.tif | pred_pos=0 | gt_pos=12679 | diff=12679 (0.193) | lcc=0.146 | flagged=0
[15:10:02] DEBUG - 94202044_240504a_14~8074_hr4_4036.tif | pred_pos=0 | gt_pos=65146 | diff=65146 (0.994) | lcc=0.994 | flagged=1
[15:10:02] DEBUG - 94202044_240504a_14~8074_hr4_4057.tif | pred_pos=0 | gt_pos=4385 | diff=4385 (0.067) | lcc=0.067 | flagged=0
[15:10:02] DEBUG - 94202044_240504a_14~8074_hr4_4066.tif | pred_pos=0 | gt_pos=19063 | diff=19063 (0.291) | lcc=0.291 | flagged=0
[15:10:02] DEBUG - 94202044_240504a_14~8074_hr4_4075.tif | pred_pos=0 | gt_pos=35859 | diff=35859 (0.547) | lcc=0.547 | flagged=1
[15:10:02] DEBUG - 94202044_240504a_14~8074_hr4_4095.tif | pred_pos=0 | gt_pos=9385 | diff=9385 (0.143) | lcc=0.143 | flagged=0
[15:10:02] DEBUG - 94202044_240504a_14~8074_hr4_41.tif | pred_pos=0 | gt_pos=26323 | diff=26323 (0.402) | lcc=0.402 | flagged=0
[15:10:02] DEBUG - 94202044_240504a_14~8074_hr4_4110.tif | pred_pos=0 | gt_pos=21248 | diff=21248 (0.324) | lcc=0.324 | flagged=0
[15:10:02] DEBUG - 94202044_240504a_14~8074_hr4_4115.tif | pred_pos=0 | gt_pos=39094 | diff=39094 (0.597) | lcc=0.597 | flagged=1
[15:10:02] DEBUG - 94202044_240504a_14~8074_hr4_4132.tif | pred_pos=0 | gt_pos=42106 | diff=42106 (0.642) | lcc=0.642 | flagged=1
[15:10:02] DEBUG - 94202044_240504a_14~8074_hr4_4167.tif | pred_pos=0 | gt_pos=47527 | diff=47527 (0.725) | lcc=0.725 | flagged=1
[15:10:02] DEBUG - 94202044_240504a_14~8074_hr4_4183.tif | pred_pos=0 | gt_pos=1748 | diff=1748 (0.027) | lcc=0.027 | flagged=0
[15:10:02] DEBUG - 94202044_240504a_14~8074_hr4_4190.tif | pred_pos=0 | gt_pos=16701 | diff=16701 (0.255) | lcc=0.255 | flagged=0
[15:10:02] DEBUG - 94202044_240504a_14~8074_hr4_4221.tif | pred_pos=0 | gt_pos=64437 | diff=64437 (0.983) | lcc=0.983 | flagged=1
[15:10:02] DEBUG - 94202044_240504a_14~8074_hr4_4241.tif | pred_pos=0 | gt_pos=35387 | diff=35387 (0.540) | lcc=0.540 | flagged=1
[15:10:02] DEBUG - 94202044_240504a_14~8074_hr4_4296.tif | pred_pos=0 | gt_pos=3838 | diff=3838 (0.059) | lcc=0.059 | flagged=0
[15:10:02] DEBUG - 94202044_240504a_14~8074_hr4_4298.tif | pred_pos=0 | gt_pos=32637 | diff=32637 (0.498) | lcc=0.498 | flagged=0
[15:10:02] DEBUG - 94202044_240504a_14~8074_hr4_4318.tif | pred_pos=0 | gt_pos=56469 | diff=56469 (0.862) | lcc=0.862 | flagged=1
[15:10:02] DEBUG - 94202044_240504a_14~8074_hr4_4426.tif | pred_pos=0 | gt_pos=65376 | diff=65376 (0.998) | lcc=0.998 | flagged=1
[15:10:02] DEBUG - 94202044_240504a_14~8074_hr4_4477.tif | pred_pos=0 | gt_pos=36210 | diff=36210 (0.553) | lcc=0.553 | flagged=1
[15:10:02] DEBUG - 94202044_240504a_14~8074_hr4_4539.tif | pred_pos=0 | gt_pos=1999 | diff=1999 (0.031) | lcc=0.031 | flagged=0
[15:10:02] DEBUG - 94202044_240504a_14~8074_hr4_4547.tif | pred_pos=0 | gt_pos=632 | diff=632 (0.010) | lcc=0.010 | flagged=0
[15:10:02] DEBUG - 94202044_240504a_14~8074_hr4_4549.tif | pred_pos=0 | gt_pos=28846 | diff=28846 (0.440) | lcc=0.440 | flagged=0
[15:10:02] DEBUG - 94202044_240504a_14~8074_hr4_4551.tif | pred_pos=0 | gt_pos=36155 | diff=36155 (0.552) | lcc=0.452 | flagged=0
[15:10:02] DEBUG - 94202044_240504a_14~8074_hr4_4555.tif | pred_pos=0 | gt_pos=2373 | diff=2373 (0.036) | lcc=0.036 | flagged=0
[15:10:02] DEBUG - 94202044_240504a_14~8074_hr4_4589.tif | pred_pos=0 | gt_pos=16503 | diff=16503 (0.252) | lcc=0.252 | flagged=0
[15:10:02] DEBUG - 94202044_240504a_14~8074_hr4_4628.tif | pred_pos=0 | gt_pos=8910 | diff=8910 (0.136) | lcc=0.097 | flagged=0
[15:10:02] DEBUG - 94202044_240504a_14~8074_hr4_4664.tif | pred_pos=0 | gt_pos=15783 | diff=15783 (0.241) | lcc=0.241 | flagged=0
[15:10:02] DEBUG - 94202044_240504a_14~8074_hr4_469.tif | pred_pos=0 | gt_pos=23809 | diff=23809 (0.363) | lcc=0.274 | flagged=0
[15:10:02] DEBUG - 94202044_240504a_14~8074_hr4_4693.tif | pred_pos=0 | gt_pos=3490 | diff=3490 (0.053) | lcc=0.053 | flagged=0
[15:10:02] DEBUG - 94202044_240504a_14~8074_hr4_4709.tif | pred_pos=0 | gt_pos=23385 | diff=23385 (0.357) | lcc=0.357 | flagged=0
[15:10:02] DEBUG - 94202044_240504a_14~8074_hr4_472.tif | pred_pos=0 | gt_pos=27017 | diff=27017 (0.412) | lcc=0.412 | flagged=0
[15:10:02] DEBUG - 94202044_240504a_14~8074_hr4_473.tif | pred_pos=0 | gt_pos=49743 | diff=49743 (0.759) | lcc=0.759 | flagged=1
[15:10:02] DEBUG - 94202044_240504a_14~8074_hr4_4730.tif | pred_pos=0 | gt_pos=22834 | diff=22834 (0.348) | lcc=0.348 | flagged=0
[15:10:02] DEBUG - 94202044_240504a_14~8074_hr4_4757.tif | pred_pos=0 | gt_pos=49794 | diff=49794 (0.760) | lcc=0.760 | flagged=1
[15:10:02] DEBUG - 94202044_240504a_14~8074_hr4_4758.tif | pred_pos=0 | gt_pos=63226 | diff=63226 (0.965) | lcc=0.965 | flagged=1
[15:10:02] DEBUG - 94202044_240504a_14~8074_hr4_4798.tif | pred_pos=0 | gt_pos=28336 | diff=28336 (0.432) | lcc=0.432 | flagged=0
[15:10:02] DEBUG - 94202044_240504a_14~8074_hr4_484.tif | pred_pos=0 | gt_pos=17183 | diff=17183 (0.262) | lcc=0.262 | flagged=0
[15:10:02] DEBUG - 94202044_240504a_14~8074_hr4_4845.tif | pred_pos=0 | gt_pos=31598 | diff=31598 (0.482) | lcc=0.482 | flagged=0
[15:10:02] DEBUG - 94202044_240504a_14~8074_hr4_4873.tif | pred_pos=0 | gt_pos=11161 | diff=11161 (0.170) | lcc=0.170 | flagged=0
[15:10:02] DEBUG - 94202044_240504a_14~8074_hr4_4884.tif | pred_pos=0 | gt_pos=65536 | diff=65536 (1.000) | lcc=1.000 | flagged=1
[15:10:02] DEBUG - 94202044_240504a_14~8074_hr4_4890.tif | pred_pos=0 | gt_pos=14784 | diff=14784 (0.226) | lcc=0.226 | flagged=0
[15:10:02] DEBUG - 94202044_240504a_14~8074_hr4_4892.tif | pred_pos=0 | gt_pos=7662 | diff=7662 (0.117) | lcc=0.117 | flagged=0
[15:10:02] DEBUG - 94202044_240504a_14~8074_hr4_4900.tif | pred_pos=0 | gt_pos=65531 | diff=65531 (1.000) | lcc=1.000 | flagged=1
[15:10:02] DEBUG - 94202044_240504a_14~8074_hr4_491.tif | pred_pos=0 | gt_pos=0 | diff=0 (0.000) | lcc=0.000 | flagged=0
[15:10:02] DEBUG - 94202044_240504a_14~8074_hr4_4926.tif | pred_pos=0 | gt_pos=0 | diff=0 (0.000) | lcc=0.000 | flagged=0
[15:10:02] DEBUG - 94202044_240504a_14~8074_hr4_4937.tif | pred_pos=0 | gt_pos=62888 | diff=62888 (0.960) | lcc=0.960 | flagged=1
[15:10:02] DEBUG - 94202044_240504a_14~8074_hr4_5038.tif | pred_pos=0 | gt_pos=58790 | diff=58790 (0.897) | lcc=0.897 | flagged=1
[15:10:02] DEBUG - 94202044_240504a_14~8074_hr4_5049.tif | pred_pos=0 | gt_pos=42289 | diff=42289 (0.645) | lcc=0.645 | flagged=1
[15:10:02] DEBUG - 94202044_240504a_14~8074_hr4_5057.tif | pred_pos=0 | gt_pos=24478 | diff=24478 (0.374) | lcc=0.367 | flagged=0
[15:10:02] DEBUG - 94202044_240504a_14~8074_hr4_5065.tif | pred_pos=0 | gt_pos=35137 | diff=35137 (0.536) | lcc=0.536 | flagged=1
[15:10:02] DEBUG - 94202044_240504a_14~8074_hr4_5075.tif | pred_pos=0 | gt_pos=24184 | diff=24184 (0.369) | lcc=0.369 | flagged=0
[15:10:02] DEBUG - 94202044_240504a_14~8074_hr4_5117.tif | pred_pos=0 | gt_pos=16752 | diff=16752 (0.256) | lcc=0.256 | flagged=0
[15:10:02] DEBUG - 94202044_240504a_14~8074_hr4_5119.tif | pred_pos=0 | gt_pos=30432 | diff=30432 (0.464) | lcc=0.464 | flagged=0
[15:10:02] DEBUG - 94202044_240504a_14~8074_hr4_5124.tif | pred_pos=0 | gt_pos=10369 | diff=10369 (0.158) | lcc=0.158 | flagged=0
[15:10:02] DEBUG - 94202044_240504a_14~8074_hr4_5155.tif | pred_pos=0 | gt_pos=33900 | diff=33900 (0.517) | lcc=0.269 | flagged=0
[15:10:02] DEBUG - 94202044_240504a_14~8074_hr4_5205.tif | pred_pos=0 | gt_pos=47582 | diff=47582 (0.726) | lcc=0.726 | flagged=1
[15:10:02] DEBUG - 94202044_240504a_14~8074_hr4_5234.tif | pred_pos=0 | gt_pos=35516 | diff=35516 (0.542) | lcc=0.501 | flagged=1
[15:10:02] DEBUG - 94202044_240504a_14~8074_hr4_5268.tif | pred_pos=0 | gt_pos=42062 | diff=42062 (0.642) | lcc=0.638 | flagged=1
[15:10:02] DEBUG - 94202044_240504a_14~8074_hr4_5284.tif | pred_pos=0 | gt_pos=39599 | diff=39599 (0.604) | lcc=0.604 | flagged=1
[15:10:02] DEBUG - 94202044_240504a_14~8074_hr4_5300.tif | pred_pos=0 | gt_pos=29755 | diff=29755 (0.454) | lcc=0.454 | flagged=0
[15:10:02] DEBUG - 94202044_240504a_14~8074_hr4_5311.tif | pred_pos=0 | gt_pos=0 | diff=0 (0.000) | lcc=0.000 | flagged=0
[15:10:02] DEBUG - 94202044_240504a_14~8074_hr4_5337.tif | pred_pos=0 | gt_pos=2403 | diff=2403 (0.037) | lcc=0.037 | flagged=0
[15:10:02] DEBUG - 94202044_240504a_14~8074_hr4_5343.tif | pred_pos=0 | gt_pos=49355 | diff=49355 (0.753) | lcc=0.397 | flagged=0
[15:10:02] DEBUG - 94202044_240504a_14~8074_hr4_5348.tif | pred_pos=0 | gt_pos=3438 | diff=3438 (0.052) | lcc=0.052 | flagged=0
[15:10:02] DEBUG - 94202044_240504a_14~8074_hr4_5370.tif | pred_pos=0 | gt_pos=0 | diff=0 (0.000) | lcc=0.000 | flagged=0
[15:10:02] DEBUG - 94202044_240504a_14~8074_hr4_5402.tif | pred_pos=0 | gt_pos=64258 | diff=64258 (0.980) | lcc=0.980 | flagged=1
[15:10:02] DEBUG - 94202044_240504a_14~8074_hr4_5415.tif | pred_pos=0 | gt_pos=19364 | diff=19364 (0.295) | lcc=0.253 | flagged=0
[15:10:02] DEBUG - 94202044_240504a_14~8074_hr4_545.tif | pred_pos=0 | gt_pos=50587 | diff=50587 (0.772) | lcc=0.772 | flagged=1
[15:10:02] DEBUG - 94202044_240504a_14~8074_hr4_5464.tif | pred_pos=0 | gt_pos=6788 | diff=6788 (0.104) | lcc=0.104 | flagged=0
[15:10:02] DEBUG - 94202044_240504a_14~8074_hr4_552.tif | pred_pos=0 | gt_pos=4095 | diff=4095 (0.062) | lcc=0.037 | flagged=0
[15:10:02] DEBUG - 94202044_240504a_14~8074_hr4_5521.tif | pred_pos=0 | gt_pos=21933 | diff=21933 (0.335) | lcc=0.335 | flagged=0
[15:10:02] DEBUG - 94202044_240504a_14~8074_hr4_556.tif | pred_pos=0 | gt_pos=14463 | diff=14463 (0.221) | lcc=0.221 | flagged=0
[15:10:02] DEBUG - 94202044_240504a_14~8074_hr4_5582.tif | pred_pos=0 | gt_pos=0 | diff=0 (0.000) | lcc=0.000 | flagged=0
[15:10:02] DEBUG - 94202044_240504a_14~8074_hr4_564.tif | pred_pos=0 | gt_pos=0 | diff=0 (0.000) | lcc=0.000 | flagged=0
[15:10:02] DEBUG - 94202044_240504a_14~8074_hr4_5641.tif | pred_pos=0 | gt_pos=12 | diff=12 (0.000) | lcc=0.000 | flagged=0
[15:10:02] DEBUG - 94202044_240504a_14~8074_hr4_5716.tif | pred_pos=0 | gt_pos=61 | diff=61 (0.001) | lcc=0.001 | flagged=0
[15:10:02] DEBUG - 94202044_240504a_14~8074_hr4_5750.tif | pred_pos=0 | gt_pos=0 | diff=0 (0.000) | lcc=0.000 | flagged=0
[15:10:02] DEBUG - 94202044_240504a_14~8074_hr4_5752.tif | pred_pos=0 | gt_pos=0 | diff=0 (0.000) | lcc=0.000 | flagged=0
[15:10:02] DEBUG - 94202044_240504a_14~8074_hr4_5763.tif | pred_pos=0 | gt_pos=32241 | diff=32241 (0.492) | lcc=0.492 | flagged=0
[15:10:02] DEBUG - 94202044_240504a_14~8074_hr4_5777.tif | pred_pos=0 | gt_pos=27881 | diff=27881 (0.425) | lcc=0.425 | flagged=0
[15:10:02] DEBUG - 94202044_240504a_14~8074_hr4_5796.tif | pred_pos=0 | gt_pos=39185 | diff=39185 (0.598) | lcc=0.598 | flagged=1
[15:10:02] DEBUG - 94202044_240504a_14~8074_hr4_5813.tif | pred_pos=0 | gt_pos=9106 | diff=9106 (0.139) | lcc=0.139 | flagged=0
[15:10:02] DEBUG - 94202044_240504a_14~8074_hr4_5837.tif | pred_pos=0 | gt_pos=31034 | diff=31034 (0.474) | lcc=0.474 | flagged=0
[15:10:02] DEBUG - 94202044_240504a_14~8074_hr4_595.tif | pred_pos=0 | gt_pos=49574 | diff=49574 (0.756) | lcc=0.756 | flagged=1
[15:10:02] DEBUG - 94202044_240504a_14~8074_hr4_607.tif | pred_pos=0 | gt_pos=35455 | diff=35455 (0.541) | lcc=0.541 | flagged=1
[15:10:02] DEBUG - 94202044_240504a_14~8074_hr4_621.tif | pred_pos=0 | gt_pos=21014 | diff=21014 (0.321) | lcc=0.258 | flagged=0
[15:10:02] DEBUG - 94202044_240504a_14~8074_hr4_633.tif | pred_pos=0 | gt_pos=20078 | diff=20078 (0.306) | lcc=0.306 | flagged=0
[15:10:02] DEBUG - 94202044_240504a_14~8074_hr4_668.tif | pred_pos=0 | gt_pos=287 | diff=287 (0.004) | lcc=0.004 | flagged=0
[15:10:02] DEBUG - 94202044_240504a_14~8074_hr4_673.tif | pred_pos=0 | gt_pos=6610 | diff=6610 (0.101) | lcc=0.101 | flagged=0
[15:10:02] DEBUG - 94202044_240504a_14~8074_hr4_674.tif | pred_pos=0 | gt_pos=1480 | diff=1480 (0.023) | lcc=0.023 | flagged=0
[15:10:02] DEBUG - 94202044_240504a_14~8074_hr4_698.tif | pred_pos=0 | gt_pos=5943 | diff=5943 (0.091) | lcc=0.091 | flagged=0
[15:10:02] DEBUG - 94202044_240504a_14~8074_hr4_700.tif | pred_pos=0 | gt_pos=13824 | diff=13824 (0.211) | lcc=0.211 | flagged=0
[15:10:02] DEBUG - 94202044_240504a_14~8074_hr4_708.tif | pred_pos=0 | gt_pos=16837 | diff=16837 (0.257) | lcc=0.257 | flagged=0
[15:10:02] DEBUG - 94202044_240504a_14~8074_hr4_755.tif | pred_pos=0 | gt_pos=40433 | diff=40433 (0.617) | lcc=0.617 | flagged=1
[15:10:02] DEBUG - 94202044_240504a_14~8074_hr4_77.tif | pred_pos=0 | gt_pos=49025 | diff=49025 (0.748) | lcc=0.748 | flagged=1
[15:10:02] DEBUG - 94202044_240504a_14~8074_hr4_777.tif | pred_pos=0 | gt_pos=31397 | diff=31397 (0.479) | lcc=0.479 | flagged=0
[15:10:02] DEBUG - 94202044_240504a_14~8074_hr4_779.tif | pred_pos=0 | gt_pos=27879 | diff=27879 (0.425) | lcc=0.425 | flagged=0
[15:10:02] DEBUG - 94202044_240504a_14~8074_hr4_789.tif | pred_pos=0 | gt_pos=40672 | diff=40672 (0.621) | lcc=0.621 | flagged=1
[15:10:06] DEBUG - 94202044_240504a_14~8074_hr4_828.tif | pred_pos=0 | gt_pos=35795 | diff=35795 (0.546) | lcc=0.313 | flagged=0
[15:10:06] DEBUG - 94202044_240504a_14~8074_hr4_848.tif | pred_pos=0 | gt_pos=22390 | diff=22390 (0.342) | lcc=0.342 | flagged=0
[15:10:06] DEBUG - 94202044_240504a_14~8074_hr4_873.tif | pred_pos=0 | gt_pos=32771 | diff=32771 (0.500) | lcc=0.500 | flagged=1
[15:10:06] DEBUG - 94202044_240504a_14~8074_hr4_884.tif | pred_pos=0 | gt_pos=14141 | diff=14141 (0.216) | lcc=0.216 | flagged=0
[15:10:06] DEBUG - 94202044_240504a_14~8074_hr4_90.tif | pred_pos=0 | gt_pos=54024 | diff=54024 (0.824) | lcc=0.824 | flagged=1
[15:10:06] DEBUG - 94202044_240504a_14~8074_hr4_900.tif | pred_pos=0 | gt_pos=38022 | diff=38022 (0.580) | lcc=0.580 | flagged=1
[15:10:06] DEBUG - 94202044_240504a_14~8074_hr4_903.tif | pred_pos=0 | gt_pos=25606 | diff=25606 (0.391) | lcc=0.153 | flagged=0
[15:10:06] DEBUG - 94202044_240504a_14~8074_hr4_910.tif | pred_pos=0 | gt_pos=44148 | diff=44148 (0.674) | lcc=0.674 | flagged=1
[15:10:06] DEBUG - 94202044_240504a_14~8074_hr4_961.tif | pred_pos=0 | gt_pos=26359 | diff=26359 (0.402) | lcc=0.402 | flagged=0
[15:10:06] DEBUG - 94202044_240504a_14~8074_hr4_969.tif | pred_pos=0 | gt_pos=623 | diff=623 (0.010) | lcc=0.010 | flagged=0
[15:10:06] DEBUG - 94202044_240504a_14~8074_hr4_973.tif | pred_pos=0 | gt_pos=65536 | diff=65536 (1.000) | lcc=1.000 | flagged=1
[15:10:06] DEBUG - 94202044_240504a_14~8074_hr4_990.tif | pred_pos=0 | gt_pos=0 | diff=0 (0.000) | lcc=0.000 | flagged=0
[15:10:06] DEBUG - 94202045_240504a_15~8344_hr4_1037.tif | pred_pos=0 | gt_pos=51226 | diff=51226 (0.782) | lcc=0.506 | flagged=1
[15:10:06] DEBUG - 94202045_240504a_15~8344_hr4_1351.tif | pred_pos=0 | gt_pos=222 | diff=222 (0.003) | lcc=0.003 | flagged=0
[15:10:06] DEBUG - 94202045_240504a_15~8344_hr4_1499.tif | pred_pos=0 | gt_pos=2051 | diff=2051 (0.031) | lcc=0.031 | flagged=0
[15:10:06] DEBUG - 94202045_240504a_15~8344_hr4_1588.tif | pred_pos=0 | gt_pos=0 | diff=0 (0.000) | lcc=0.000 | flagged=0
[15:10:06] DEBUG - 94202045_240504a_15~8344_hr4_2131.tif | pred_pos=0 | gt_pos=3181 | diff=3181 (0.049) | lcc=0.049 | flagged=0
[15:10:06] DEBUG - 94202045_240504a_15~8344_hr4_2176.tif | pred_pos=0 | gt_pos=39266 | diff=39266 (0.599) | lcc=0.599 | flagged=1
[15:10:06] DEBUG - 94202045_240504a_15~8344_hr4_2434.tif | pred_pos=0 | gt_pos=0 | diff=0 (0.000) | lcc=0.000 | flagged=0
[15:10:06] DEBUG - 94202045_240504a_15~8344_hr4_249.tif | pred_pos=0 | gt_pos=26640 | diff=26640 (0.406) | lcc=0.406 | flagged=0
[15:10:06] DEBUG - 94202045_240504a_15~8344_hr4_2530.tif | pred_pos=0 | gt_pos=8818 | diff=8818 (0.135) | lcc=0.135 | flagged=0
[15:10:06] DEBUG - 94202045_240504a_15~8344_hr4_2625.tif | pred_pos=0 | gt_pos=3346 | diff=3346 (0.051) | lcc=0.051 | flagged=0
[15:10:06] DEBUG - 94202045_240504a_15~8344_hr4_2675.tif | pred_pos=0 | gt_pos=134 | diff=134 (0.002) | lcc=0.002 | flagged=0
[15:10:06] DEBUG - 94202045_240504a_15~8344_hr4_2698.tif | pred_pos=0 | gt_pos=53834 | diff=53834 (0.821) | lcc=0.821 | flagged=1
[15:10:06] DEBUG - 94202045_240504a_15~8344_hr4_2834.tif | pred_pos=0 | gt_pos=65536 | diff=65536 (1.000) | lcc=1.000 | flagged=1
[15:10:06] DEBUG - 94202045_240504a_15~8344_hr4_2904.tif | pred_pos=0 | gt_pos=65536 | diff=65536 (1.000) | lcc=1.000 | flagged=1
[15:10:06] DEBUG - 94202045_240504a_15~8344_hr4_2961.tif | pred_pos=0 | gt_pos=4207 | diff=4207 (0.064) | lcc=0.061 | flagged=0
[15:10:06] DEBUG - 94202045_240504a_15~8344_hr4_2973.tif | pred_pos=0 | gt_pos=43194 | diff=43194 (0.659) | lcc=0.659 | flagged=1
[15:10:06] DEBUG - 94202045_240504a_15~8344_hr4_3014.tif | pred_pos=0 | gt_pos=32041 | diff=32041 (0.489) | lcc=0.489 | flagged=0
[15:10:06] DEBUG - 94202045_240504a_15~8344_hr4_3048.tif | pred_pos=0 | gt_pos=18119 | diff=18119 (0.276) | lcc=0.276 | flagged=0
[15:10:06] DEBUG - 94202045_240504a_15~8344_hr4_3063.tif | pred_pos=0 | gt_pos=0 | diff=0 (0.000) | lcc=0.000 | flagged=0
[15:10:06] DEBUG - 94202045_240504a_15~8344_hr4_3083.tif | pred_pos=0 | gt_pos=0 | diff=0 (0.000) | lcc=0.000 | flagged=0
[15:10:06] DEBUG - 94202045_240504a_15~8344_hr4_3136.tif | pred_pos=0 | gt_pos=5096 | diff=5096 (0.078) | lcc=0.078 | flagged=0
[15:10:06] DEBUG - 94202045_240504a_15~8344_hr4_316.tif | pred_pos=0 | gt_pos=43183 | diff=43183 (0.659) | lcc=0.659 | flagged=1
[15:10:06] DEBUG - 94202045_240504a_15~8344_hr4_3319.tif | pred_pos=0 | gt_pos=0 | diff=0 (0.000) | lcc=0.000 | flagged=0
[15:10:06] DEBUG - 94202045_240504a_15~8344_hr4_3587.tif | pred_pos=0 | gt_pos=4211 | diff=4211 (0.064) | lcc=0.064 | flagged=0
[15:10:06] DEBUG - 94202045_240504a_15~8344_hr4_3712.tif | pred_pos=0 | gt_pos=4353 | diff=4353 (0.066) | lcc=0.066 | flagged=0
[15:10:06] DEBUG - 94202045_240504a_15~8344_hr4_3781.tif | pred_pos=0 | gt_pos=44532 | diff=44532 (0.680) | lcc=0.680 | flagged=1
[15:10:06] DEBUG - 94202045_240504a_15~8344_hr4_3810.tif | pred_pos=0 | gt_pos=7346 | diff=7346 (0.112) | lcc=0.112 | flagged=0
[15:10:06] DEBUG - 94202045_240504a_15~8344_hr4_3815.tif | pred_pos=0 | gt_pos=65536 | diff=65536 (1.000) | lcc=1.000 | flagged=1
[15:10:06] DEBUG - 94202045_240504a_15~8344_hr4_3862.tif | pred_pos=0 | gt_pos=5767 | diff=5767 (0.088) | lcc=0.088 | flagged=0
[15:10:06] DEBUG - 94202045_240504a_15~8344_hr4_3863.tif | pred_pos=0 | gt_pos=2857 | diff=2857 (0.044) | lcc=0.044 | flagged=0
[15:10:06] DEBUG - 94202045_240504a_15~8344_hr4_3882.tif | pred_pos=0 | gt_pos=25578 | diff=25578 (0.390) | lcc=0.390 | flagged=0
[15:10:06] DEBUG - 94202045_240504a_15~8344_hr4_3963.tif | pred_pos=0 | gt_pos=25033 | diff=25033 (0.382) | lcc=0.382 | flagged=0
[15:10:06] DEBUG - 94202045_240504a_15~8344_hr4_3965.tif | pred_pos=0 | gt_pos=3272 | diff=3272 (0.050) | lcc=0.050 | flagged=0
[15:10:06] DEBUG - 94202045_240504a_15~8344_hr4_4009.tif | pred_pos=0 | gt_pos=4083 | diff=4083 (0.062) | lcc=0.062 | flagged=0
[15:10:06] DEBUG - 94202045_240504a_15~8344_hr4_406.tif | pred_pos=0 | gt_pos=0 | diff=0 (0.000) | lcc=0.000 | flagged=0
[15:10:06] DEBUG - 94202045_240504a_15~8344_hr4_4108.tif | pred_pos=0 | gt_pos=11475 | diff=11475 (0.175) | lcc=0.175 | flagged=0
[15:10:06] DEBUG - 94202045_240504a_15~8344_hr4_411.tif | pred_pos=0 | gt_pos=472 | diff=472 (0.007) | lcc=0.007 | flagged=0
[15:10:06] DEBUG - 94202045_240504a_15~8344_hr4_4117.tif | pred_pos=0 | gt_pos=0 | diff=0 (0.000) | lcc=0.000 | flagged=0
[15:10:06] DEBUG - 94202045_240504a_15~8344_hr4_412.tif | pred_pos=0 | gt_pos=1953 | diff=1953 (0.030) | lcc=0.030 | flagged=0
[15:10:06] DEBUG - 94202045_240504a_15~8344_hr4_4149.tif | pred_pos=0 | gt_pos=37660 | diff=37660 (0.575) | lcc=0.575 | flagged=1
[15:10:06] DEBUG - 94202045_240504a_15~8344_hr4_4157.tif | pred_pos=0 | gt_pos=57536 | diff=57536 (0.878) | lcc=0.878 | flagged=1
[15:10:06] DEBUG - 94202045_240504a_15~8344_hr4_4299.tif | pred_pos=0 | gt_pos=44280 | diff=44280 (0.676) | lcc=0.676 | flagged=1
[15:10:06] DEBUG - 94202045_240504a_15~8344_hr4_4303.tif | pred_pos=0 | gt_pos=31190 | diff=31190 (0.476) | lcc=0.476 | flagged=0
[15:10:06] DEBUG - 94202045_240504a_15~8344_hr4_4378.tif | pred_pos=0 | gt_pos=63441 | diff=63441 (0.968) | lcc=0.968 | flagged=1
[15:10:06] DEBUG - 94202045_240504a_15~8344_hr4_4383.tif | pred_pos=0 | gt_pos=4488 | diff=4488 (0.068) | lcc=0.068 | flagged=0
[15:10:06] DEBUG - 94202045_240504a_15~8344_hr4_4435.tif | pred_pos=0 | gt_pos=0 | diff=0 (0.000) | lcc=0.000 | flagged=0
[15:10:06] DEBUG - 94202045_240504a_15~8344_hr4_4439.tif | pred_pos=0 | gt_pos=0 | diff=0 (0.000) | lcc=0.000 | flagged=0
[15:10:06] DEBUG - 94202045_240504a_15~8344_hr4_4442.tif | pred_pos=0 | gt_pos=21860 | diff=21860 (0.334) | lcc=0.334 | flagged=0
[15:10:06] DEBUG - 94202045_240504a_15~8344_hr4_4452.tif | pred_pos=0 | gt_pos=875 | diff=875 (0.013) | lcc=0.013 | flagged=0
[15:10:06] DEBUG - 94202045_240504a_15~8344_hr4_4458.tif | pred_pos=0 | gt_pos=4026 | diff=4026 (0.061) | lcc=0.061 | flagged=0
[15:10:06] DEBUG - 94202045_240504a_15~8344_hr4_4469.tif | pred_pos=0 | gt_pos=30292 | diff=30292 (0.462) | lcc=0.462 | flagged=0
[15:10:06] DEBUG - 94202045_240504a_15~8344_hr4_4545.tif | pred_pos=0 | gt_pos=7023 | diff=7023 (0.107) | lcc=0.096 | flagged=0
[15:10:06] DEBUG - 94202045_240504a_15~8344_hr4_4592.tif | pred_pos=0 | gt_pos=43464 | diff=43464 (0.663) | lcc=0.663 | flagged=1
[15:10:06] DEBUG - 94202045_240504a_15~8344_hr4_4604.tif | pred_pos=0 | gt_pos=10975 | diff=10975 (0.167) | lcc=0.123 | flagged=0
[15:10:06] DEBUG - 94202045_240504a_15~8344_hr4_4694.tif | pred_pos=0 | gt_pos=61063 | diff=61063 (0.932) | lcc=0.932 | flagged=1
[15:10:06] DEBUG - 94202045_240504a_15~8344_hr4_4826.tif | pred_pos=0 | gt_pos=70 | diff=70 (0.001) | lcc=0.001 | flagged=0
[15:10:06] DEBUG - 94202045_240504a_15~8344_hr4_4833.tif | pred_pos=0 | gt_pos=44601 | diff=44601 (0.681) | lcc=0.681 | flagged=1
[15:10:06] DEBUG - 94202045_240504a_15~8344_hr4_4841.tif | pred_pos=0 | gt_pos=0 | diff=0 (0.000) | lcc=0.000 | flagged=0
[15:10:06] DEBUG - 94202045_240504a_15~8344_hr4_4981.tif | pred_pos=0 | gt_pos=18322 | diff=18322 (0.280) | lcc=0.280 | flagged=0
[15:10:06] DEBUG - 94202045_240504a_15~8344_hr4_5189.tif | pred_pos=0 | gt_pos=1735 | diff=1735 (0.026) | lcc=0.026 | flagged=0
[15:10:06] DEBUG - 94202045_240504a_15~8344_hr4_5199.tif | pred_pos=0 | gt_pos=55702 | diff=55702 (0.850) | lcc=0.850 | flagged=1
[15:10:06] DEBUG - 94202045_240504a_15~8344_hr4_5264.tif | pred_pos=0 | gt_pos=45710 | diff=45710 (0.697) | lcc=0.697 | flagged=1
[15:10:06] DEBUG - 94202045_240504a_15~8344_hr4_5272.tif | pred_pos=0 | gt_pos=55308 | diff=55308 (0.844) | lcc=0.844 | flagged=1
[15:10:06] DEBUG - 94202045_240504a_15~8344_hr4_5278.tif | pred_pos=0 | gt_pos=8194 | diff=8194 (0.125) | lcc=0.125 | flagged=0
[15:10:06] DEBUG - 94202045_240504a_15~8344_hr4_5297.tif | pred_pos=0 | gt_pos=0 | diff=0 (0.000) | lcc=0.000 | flagged=0
[15:10:06] DEBUG - 94202045_240504a_15~8344_hr4_551.tif | pred_pos=0 | gt_pos=4689 | diff=4689 (0.072) | lcc=0.072 | flagged=0
[15:10:06] DEBUG - 94202045_240504a_15~8344_hr4_5568.tif | pred_pos=0 | gt_pos=43675 | diff=43675 (0.666) | lcc=0.666 | flagged=1
[15:10:06] DEBUG - 94202045_240504a_15~8344_hr4_5630.tif | pred_pos=0 | gt_pos=41763 | diff=41763 (0.637) | lcc=0.637 | flagged=1
[15:10:06] DEBUG - 94202045_240504a_15~8344_hr4_5642.tif | pred_pos=0 | gt_pos=65536 | diff=65536 (1.000) | lcc=1.000 | flagged=1
[15:10:06] DEBUG - 94202045_240504a_15~8344_hr4_5831.tif | pred_pos=0 | gt_pos=0 | diff=0 (0.000) | lcc=0.000 | flagged=0
[15:10:06] DEBUG - 94202045_240504a_15~8344_hr4_658.tif | pred_pos=0 | gt_pos=0 | diff=0 (0.000) | lcc=0.000 | flagged=0
[15:10:06] DEBUG - 94202045_240504a_15~8344_hr4_662.tif | pred_pos=0 | gt_pos=0 | diff=0 (0.000) | lcc=0.000 | flagged=0
[15:10:06] DEBUG - 94202045_240504a_15~8344_hr4_753.tif | pred_pos=0 | gt_pos=0 | diff=0 (0.000) | lcc=0.000 | flagged=0
[15:10:06] DEBUG - 94202045_240504a_15~8344_hr4_837.tif | pred_pos=0 | gt_pos=9090 | diff=9090 (0.139) | lcc=0.139 | flagged=0
[15:10:06] DEBUG - 94202045_240504a_15~8344_hr4_892.tif | pred_pos=0 | gt_pos=13291 | diff=13291 (0.203) | lcc=0.203 | flagged=0
[15:10:06] DEBUG - 94202045_240504a_15~8344_hr4_966.tif | pred_pos=0 | gt_pos=14009 | diff=14009 (0.214) | lcc=0.214 | flagged=0
[15:10:06] DEBUG - 94202045_240504a_15~8344_hr4_971.tif | pred_pos=0 | gt_pos=65536 | diff=65536 (1.000) | lcc=1.000 | flagged=1
[15:10:06] DEBUG - 94202045_240504a_15~8344_hr4_992.tif | pred_pos=0 | gt_pos=0 | diff=0 (0.000) | lcc=0.000 | flagged=0
[15:10:06] DEBUG - 94202052_240504a_12~7568_hr4_1328.tif | pred_pos=0 | gt_pos=26687 | diff=26687 (0.407) | lcc=0.407 | flagged=0
[15:10:06] DEBUG - 94202052_240504a_12~7568_hr4_1393.tif | pred_pos=0 | gt_pos=0 | diff=0 (0.000) | lcc=0.000 | flagged=0
[15:10:06] DEBUG - 94202052_240504a_12~7568_hr4_2013.tif | pred_pos=0 | gt_pos=0 | diff=0 (0.000) | lcc=0.000 | flagged=0
[15:10:06] DEBUG - 94202052_240504a_12~7568_hr4_2284.tif | pred_pos=0 | gt_pos=35708 | diff=35708 (0.545) | lcc=0.545 | flagged=1
[15:10:06] DEBUG - 94202052_240504a_12~7568_hr4_2662.tif | pred_pos=0 | gt_pos=21938 | diff=21938 (0.335) | lcc=0.335 | flagged=0
[15:10:06] DEBUG - 94202052_240504a_12~7568_hr4_271.tif | pred_pos=0 | gt_pos=30794 | diff=30794 (0.470) | lcc=0.470 | flagged=0
[15:10:06] DEBUG - 94202052_240504a_12~7568_hr4_2808.tif | pred_pos=0 | gt_pos=17351 | diff=17351 (0.265) | lcc=0.265 | flagged=0
[15:10:06] DEBUG - 94202052_240504a_12~7568_hr4_285.tif | pred_pos=0 | gt_pos=0 | diff=0 (0.000) | lcc=0.000 | flagged=0
[15:10:06] DEBUG - 94202052_240504a_12~7568_hr4_3941.tif | pred_pos=0 | gt_pos=0 | diff=0 (0.000) | lcc=0.000 | flagged=0
[15:10:06] DEBUG - 94202052_240504a_12~7568_hr4_3960.tif | pred_pos=0 | gt_pos=0 | diff=0 (0.000) | lcc=0.000 | flagged=0
[15:10:06] DEBUG - 94202052_240504a_12~7568_hr4_4260.tif | pred_pos=0 | gt_pos=0 | diff=0 (0.000) | lcc=0.000 | flagged=0
[15:10:06] DEBUG - 94202052_240504a_12~7568_hr4_5575.tif | pred_pos=0 | gt_pos=0 | diff=0 (0.000) | lcc=0.000 | flagged=0
[15:10:06] DEBUG - 94202052_240504a_12~7568_hr4_982.tif | pred_pos=0 | gt_pos=0 | diff=0 (0.000) | lcc=0.000 | flagged=0
[15:10:06] DEBUG - 94202053_240504a_13~7821_hr4_1077.tif | pred_pos=0 | gt_pos=9721 | diff=9721 (0.148) | lcc=0.148 | flagged=0
[15:10:06] DEBUG - 94202053_240504a_13~7821_hr4_1102.tif | pred_pos=0 | gt_pos=3016 | diff=3016 (0.046) | lcc=0.046 | flagged=0
[15:10:06] DEBUG - 94202053_240504a_13~7821_hr4_1114.tif | pred_pos=0 | gt_pos=4651 | diff=4651 (0.071) | lcc=0.071 | flagged=0
[15:10:06] DEBUG - 94202053_240504a_13~7821_hr4_1123.tif | pred_pos=0 | gt_pos=2163 | diff=2163 (0.033) | lcc=0.033 | flagged=0
[15:10:06] DEBUG - 94202053_240504a_13~7821_hr4_1143.tif | pred_pos=0 | gt_pos=2100 | diff=2100 (0.032) | lcc=0.032 | flagged=0
[15:10:06] DEBUG - 94202053_240504a_13~7821_hr4_1154.tif | pred_pos=0 | gt_pos=3990 | diff=3990 (0.061) | lcc=0.061 | flagged=0
[15:10:06] DEBUG - 94202053_240504a_13~7821_hr4_1178.tif | pred_pos=0 | gt_pos=40172 | diff=40172 (0.613) | lcc=0.613 | flagged=1
[15:10:06] DEBUG - 94202053_240504a_13~7821_hr4_1236.tif | pred_pos=0 | gt_pos=22919 | diff=22919 (0.350) | lcc=0.350 | flagged=0
[15:10:06] DEBUG - 94202053_240504a_13~7821_hr4_1299.tif | pred_pos=0 | gt_pos=35541 | diff=35541 (0.542) | lcc=0.542 | flagged=1
[15:10:06] DEBUG - 94202053_240504a_13~7821_hr4_1302.tif | pred_pos=0 | gt_pos=26669 | diff=26669 (0.407) | lcc=0.407 | flagged=0
[15:10:06] DEBUG - 94202053_240504a_13~7821_hr4_1309.tif | pred_pos=0 | gt_pos=41228 | diff=41228 (0.629) | lcc=0.629 | flagged=1
[15:10:06] DEBUG - 94202053_240504a_13~7821_hr4_1326.tif | pred_pos=0 | gt_pos=41199 | diff=41199 (0.629) | lcc=0.629 | flagged=1
[15:10:06] DEBUG - 94202053_240504a_13~7821_hr4_133.tif | pred_pos=0 | gt_pos=174 | diff=174 (0.003) | lcc=0.003 | flagged=0
[15:10:06] DEBUG - 94202053_240504a_13~7821_hr4_1374.tif | pred_pos=0 | gt_pos=24177 | diff=24177 (0.369) | lcc=0.364 | flagged=0
[15:10:06] DEBUG - 94202053_240504a_13~7821_hr4_1378.tif | pred_pos=0 | gt_pos=7033 | diff=7033 (0.107) | lcc=0.107 | flagged=0
[15:10:06] DEBUG - 94202053_240504a_13~7821_hr4_149.tif | pred_pos=0 | gt_pos=14315 | diff=14315 (0.218) | lcc=0.218 | flagged=0
[15:10:06] DEBUG - 94202053_240504a_13~7821_hr4_1498.tif | pred_pos=0 | gt_pos=24016 | diff=24016 (0.366) | lcc=0.366 | flagged=0
[15:10:06] DEBUG - 94202053_240504a_13~7821_hr4_1593.tif | pred_pos=0 | gt_pos=3631 | diff=3631 (0.055) | lcc=0.055 | flagged=0
[15:10:06] DEBUG - 94202053_240504a_13~7821_hr4_1594.tif | pred_pos=0 | gt_pos=7318 | diff=7318 (0.112) | lcc=0.112 | flagged=0
[15:10:06] DEBUG - 94202053_240504a_13~7821_hr4_1600.tif | pred_pos=0 | gt_pos=18316 | diff=18316 (0.279) | lcc=0.279 | flagged=0
[15:10:06] DEBUG - 94202053_240504a_13~7821_hr4_1688.tif | pred_pos=0 | gt_pos=54784 | diff=54784 (0.836) | lcc=0.836 | flagged=1
[15:10:06] DEBUG - 94202053_240504a_13~7821_hr4_1699.tif | pred_pos=0 | gt_pos=0 | diff=0 (0.000) | lcc=0.000 | flagged=0
[15:10:06] DEBUG - 94202053_240504a_13~7821_hr4_1817.tif | pred_pos=0 | gt_pos=15995 | diff=15995 (0.244) | lcc=0.131 | flagged=0
[15:10:06] DEBUG - 94202053_240504a_13~7821_hr4_1916.tif | pred_pos=0 | gt_pos=37878 | diff=37878 (0.578) | lcc=0.578 | flagged=1
[15:10:07] DEBUG - 94202053_240504a_13~7821_hr4_192.tif | pred_pos=0 | gt_pos=4131 | diff=4131 (0.063) | lcc=0.063 | flagged=0
[15:10:10] DEBUG - 94202053_240504a_13~7821_hr4_1990.tif | pred_pos=0 | gt_pos=13439 | diff=13439 (0.205) | lcc=0.134 | flagged=0
[15:10:10] DEBUG - 94202053_240504a_13~7821_hr4_2020.tif | pred_pos=0 | gt_pos=36403 | diff=36403 (0.555) | lcc=0.555 | flagged=1
[15:10:10] DEBUG - 94202053_240504a_13~7821_hr4_204.tif | pred_pos=0 | gt_pos=21816 | diff=21816 (0.333) | lcc=0.333 | flagged=0
[15:10:10] DEBUG - 94202053_240504a_13~7821_hr4_2094.tif | pred_pos=0 | gt_pos=33076 | diff=33076 (0.505) | lcc=0.505 | flagged=1
[15:10:10] DEBUG - 94202053_240504a_13~7821_hr4_2139.tif | pred_pos=0 | gt_pos=83 | diff=83 (0.001) | lcc=0.001 | flagged=0
[15:10:10] DEBUG - 94202053_240504a_13~7821_hr4_214.tif | pred_pos=0 | gt_pos=4498 | diff=4498 (0.069) | lcc=0.069 | flagged=0
[15:10:10] DEBUG - 94202053_240504a_13~7821_hr4_2140.tif | pred_pos=0 | gt_pos=25403 | diff=25403 (0.388) | lcc=0.388 | flagged=0
[15:10:10] DEBUG - 94202053_240504a_13~7821_hr4_2239.tif | pred_pos=0 | gt_pos=29206 | diff=29206 (0.446) | lcc=0.446 | flagged=0
[15:10:10] DEBUG - 94202053_240504a_13~7821_hr4_2258.tif | pred_pos=0 | gt_pos=6611 | diff=6611 (0.101) | lcc=0.101 | flagged=0
[15:10:10] DEBUG - 94202053_240504a_13~7821_hr4_2284.tif | pred_pos=0 | gt_pos=14835 | diff=14835 (0.226) | lcc=0.226 | flagged=0
[15:10:10] DEBUG - 94202053_240504a_13~7821_hr4_2317.tif | pred_pos=0 | gt_pos=20781 | diff=20781 (0.317) | lcc=0.317 | flagged=0
[15:10:10] DEBUG - 94202053_240504a_13~7821_hr4_2326.tif | pred_pos=0 | gt_pos=64988 | diff=64988 (0.992) | lcc=0.992 | flagged=1
[15:10:10] DEBUG - 94202053_240504a_13~7821_hr4_2327.tif | pred_pos=0 | gt_pos=321 | diff=321 (0.005) | lcc=0.005 | flagged=0
[15:10:10] DEBUG - 94202053_240504a_13~7821_hr4_2399.tif | pred_pos=0 | gt_pos=45212 | diff=45212 (0.690) | lcc=0.690 | flagged=1
[15:10:10] DEBUG - 94202053_240504a_13~7821_hr4_2461.tif | pred_pos=0 | gt_pos=225 | diff=225 (0.003) | lcc=0.003 | flagged=0
[15:10:10] DEBUG - 94202053_240504a_13~7821_hr4_2473.tif | pred_pos=0 | gt_pos=43783 | diff=43783 (0.668) | lcc=0.668 | flagged=1
[15:10:10] DEBUG - 94202053_240504a_13~7821_hr4_2502.tif | pred_pos=0 | gt_pos=0 | diff=0 (0.000) | lcc=0.000 | flagged=0
[15:10:10] DEBUG - 94202053_240504a_13~7821_hr4_2504.tif | pred_pos=0 | gt_pos=104 | diff=104 (0.002) | lcc=0.002 | flagged=0
[15:10:10] DEBUG - 94202053_240504a_13~7821_hr4_2506.tif | pred_pos=0 | gt_pos=11400 | diff=11400 (0.174) | lcc=0.174 | flagged=0
[15:10:10] DEBUG - 94202053_240504a_13~7821_hr4_2522.tif | pred_pos=0 | gt_pos=397 | diff=397 (0.006) | lcc=0.006 | flagged=0
[15:10:10] DEBUG - 94202053_240504a_13~7821_hr4_2596.tif | pred_pos=0 | gt_pos=12655 | diff=12655 (0.193) | lcc=0.193 | flagged=0
[15:10:10] DEBUG - 94202053_240504a_13~7821_hr4_2608.tif | pred_pos=0 | gt_pos=0 | diff=0 (0.000) | lcc=0.000 | flagged=0
[15:10:10] DEBUG - 94202053_240504a_13~7821_hr4_266.tif | pred_pos=0 | gt_pos=13154 | diff=13154 (0.201) | lcc=0.201 | flagged=0
[15:10:10] DEBUG - 94202053_240504a_13~7821_hr4_280.tif | pred_pos=0 | gt_pos=28004 | diff=28004 (0.427) | lcc=0.427 | flagged=0
[15:10:10] DEBUG - 94202053_240504a_13~7821_hr4_2860.tif | pred_pos=0 | gt_pos=0 | diff=0 (0.000) | lcc=0.000 | flagged=0
[15:10:10] DEBUG - 94202053_240504a_13~7821_hr4_288.tif | pred_pos=0 | gt_pos=0 | diff=0 (0.000) | lcc=0.000 | flagged=0
[15:10:10] DEBUG - 94202053_240504a_13~7821_hr4_2885.tif | pred_pos=0 | gt_pos=1473 | diff=1473 (0.022) | lcc=0.022 | flagged=0
[15:10:10] DEBUG - 94202053_240504a_13~7821_hr4_2907.tif | pred_pos=0 | gt_pos=65536 | diff=65536 (1.000) | lcc=1.000 | flagged=1
[15:10:10] DEBUG - 94202053_240504a_13~7821_hr4_2908.tif | pred_pos=0 | gt_pos=37098 | diff=37098 (0.566) | lcc=0.566 | flagged=1
[15:10:10] DEBUG - 94202053_240504a_13~7821_hr4_2916.tif | pred_pos=0 | gt_pos=5701 | diff=5701 (0.087) | lcc=0.087 | flagged=0
[15:10:10] DEBUG - 94202053_240504a_13~7821_hr4_2926.tif | pred_pos=0 | gt_pos=3469 | diff=3469 (0.053) | lcc=0.053 | flagged=0
[15:10:10] DEBUG - 94202053_240504a_13~7821_hr4_2963.tif | pred_pos=0 | gt_pos=30 | diff=30 (0.000) | lcc=0.000 | flagged=0
[15:10:10] DEBUG - 94202053_240504a_13~7821_hr4_2987.tif | pred_pos=0 | gt_pos=32687 | diff=32687 (0.499) | lcc=0.499 | flagged=0
[15:10:10] DEBUG - 94202053_240504a_13~7821_hr4_2989.tif | pred_pos=0 | gt_pos=49032 | diff=49032 (0.748) | lcc=0.748 | flagged=1
[15:10:10] DEBUG - 94202053_240504a_13~7821_hr4_3063.tif | pred_pos=0 | gt_pos=52010 | diff=52010 (0.794) | lcc=0.794 | flagged=1
[15:10:10] DEBUG - 94202053_240504a_13~7821_hr4_308.tif | pred_pos=0 | gt_pos=55105 | diff=55105 (0.841) | lcc=0.841 | flagged=1
[15:10:10] DEBUG - 94202053_240504a_13~7821_hr4_3129.tif | pred_pos=0 | gt_pos=16341 | diff=16341 (0.249) | lcc=0.249 | flagged=0
[15:10:10] DEBUG - 94202053_240504a_13~7821_hr4_3203.tif | pred_pos=0 | gt_pos=19359 | diff=19359 (0.295) | lcc=0.295 | flagged=0
[15:10:10] DEBUG - 94202053_240504a_13~7821_hr4_3211.tif | pred_pos=0 | gt_pos=58796 | diff=58796 (0.897) | lcc=0.897 | flagged=1
[15:10:10] DEBUG - 94202053_240504a_13~7821_hr4_3237.tif | pred_pos=0 | gt_pos=0 | diff=0 (0.000) | lcc=0.000 | flagged=0
[15:10:10] DEBUG - 94202053_240504a_13~7821_hr4_3317.tif | pred_pos=0 | gt_pos=0 | diff=0 (0.000) | lcc=0.000 | flagged=0
[15:10:10] DEBUG - 94202053_240504a_13~7821_hr4_3476.tif | pred_pos=0 | gt_pos=65413 | diff=65413 (0.998) | lcc=0.998 | flagged=1
[15:10:10] DEBUG - 94202053_240504a_13~7821_hr4_3477.tif | pred_pos=0 | gt_pos=19880 | diff=19880 (0.303) | lcc=0.278 | flagged=0
[15:10:10] DEBUG - 94202053_240504a_13~7821_hr4_3551.tif | pred_pos=0 | gt_pos=19487 | diff=19487 (0.297) | lcc=0.189 | flagged=0
[15:10:10] DEBUG - 94202053_240504a_13~7821_hr4_3591.tif | pred_pos=0 | gt_pos=30087 | diff=30087 (0.459) | lcc=0.459 | flagged=0
[15:10:10] DEBUG - 94202053_240504a_13~7821_hr4_3741.tif | pred_pos=0 | gt_pos=9765 | diff=9765 (0.149) | lcc=0.149 | flagged=0
[15:10:10] DEBUG - 94202053_240504a_13~7821_hr4_3760.tif | pred_pos=0 | gt_pos=7377 | diff=7377 (0.113) | lcc=0.113 | flagged=0
[15:10:10] DEBUG - 94202053_240504a_13~7821_hr4_3813.tif | pred_pos=0 | gt_pos=34519 | diff=34519 (0.527) | lcc=0.331 | flagged=0
[15:10:10] DEBUG - 94202053_240504a_13~7821_hr4_3908.tif | pred_pos=0 | gt_pos=20 | diff=20 (0.000) | lcc=0.000 | flagged=0
[15:10:10] DEBUG - 94202053_240504a_13~7821_hr4_3918.tif | pred_pos=0 | gt_pos=0 | diff=0 (0.000) | lcc=0.000 | flagged=0
[15:10:10] DEBUG - 94202053_240504a_13~7821_hr4_3968.tif | pred_pos=0 | gt_pos=65536 | diff=65536 (1.000) | lcc=1.000 | flagged=1
[15:10:10] DEBUG - 94202053_240504a_13~7821_hr4_3973.tif | pred_pos=0 | gt_pos=12822 | diff=12822 (0.196) | lcc=0.196 | flagged=0
[15:10:10] DEBUG - 94202053_240504a_13~7821_hr4_4035.tif | pred_pos=0 | gt_pos=18828 | diff=18828 (0.287) | lcc=0.287 | flagged=0
[15:10:10] DEBUG - 94202053_240504a_13~7821_hr4_4043.tif | pred_pos=0 | gt_pos=64444 | diff=64444 (0.983) | lcc=0.983 | flagged=1
[15:10:10] DEBUG - 94202053_240504a_13~7821_hr4_4117.tif | pred_pos=0 | gt_pos=21760 | diff=21760 (0.332) | lcc=0.332 | flagged=0
[15:10:10] DEBUG - 94202053_240504a_13~7821_hr4_4122.tif | pred_pos=0 | gt_pos=13338 | diff=13338 (0.204) | lcc=0.204 | flagged=0
[15:10:10] DEBUG - 94202053_240504a_13~7821_hr4_4159.tif | pred_pos=0 | gt_pos=0 | diff=0 (0.000) | lcc=0.000 | flagged=0
[15:10:10] DEBUG - 94202053_240504a_13~7821_hr4_4185.tif | pred_pos=0 | gt_pos=18597 | diff=18597 (0.284) | lcc=0.284 | flagged=0
[15:10:10] DEBUG - 94202053_240504a_13~7821_hr4_4250.tif | pred_pos=0 | gt_pos=0 | diff=0 (0.000) | lcc=0.000 | flagged=0
[15:10:10] DEBUG - 94202053_240504a_13~7821_hr4_44.tif | pred_pos=0 | gt_pos=648 | diff=648 (0.010) | lcc=0.010 | flagged=0
[15:10:10] DEBUG - 94202053_240504a_13~7821_hr4_47.tif | pred_pos=0 | gt_pos=19332 | diff=19332 (0.295) | lcc=0.295 | flagged=0
[15:10:10] DEBUG - 94202053_240504a_13~7821_hr4_4872.tif | pred_pos=0 | gt_pos=0 | diff=0 (0.000) | lcc=0.000 | flagged=0
[15:10:10] DEBUG - 94202053_240504a_13~7821_hr4_4961.tif | pred_pos=0 | gt_pos=0 | diff=0 (0.000) | lcc=0.000 | flagged=0
[15:10:10] DEBUG - 94202053_240504a_13~7821_hr4_499.tif | pred_pos=0 | gt_pos=37234 | diff=37234 (0.568) | lcc=0.568 | flagged=1
[15:10:10] DEBUG - 94202053_240504a_13~7821_hr4_511.tif | pred_pos=0 | gt_pos=19559 | diff=19559 (0.298) | lcc=0.298 | flagged=0
[15:10:10] DEBUG - 94202053_240504a_13~7821_hr4_512.tif | pred_pos=0 | gt_pos=56798 | diff=56798 (0.867) | lcc=0.867 | flagged=1
[15:10:10] DEBUG - 94202053_240504a_13~7821_hr4_5316.tif | pred_pos=0 | gt_pos=0 | diff=0 (0.000) | lcc=0.000 | flagged=0
[15:10:10] DEBUG - 94202053_240504a_13~7821_hr4_5335.tif | pred_pos=0 | gt_pos=0 | diff=0 (0.000) | lcc=0.000 | flagged=0
[15:10:10] DEBUG - 94202053_240504a_13~7821_hr4_543.tif | pred_pos=0 | gt_pos=18467 | diff=18467 (0.282) | lcc=0.282 | flagged=0
[15:10:10] DEBUG - 94202053_240504a_13~7821_hr4_5654.tif | pred_pos=0 | gt_pos=0 | diff=0 (0.000) | lcc=0.000 | flagged=0
[15:10:10] DEBUG - 94202053_240504a_13~7821_hr4_625.tif | pred_pos=0 | gt_pos=40024 | diff=40024 (0.611) | lcc=0.611 | flagged=1
[15:10:10] DEBUG - 94202053_240504a_13~7821_hr4_626.tif | pred_pos=0 | gt_pos=2975 | diff=2975 (0.045) | lcc=0.045 | flagged=0
[15:10:10] DEBUG - 94202053_240504a_13~7821_hr4_663.tif | pred_pos=0 | gt_pos=11720 | diff=11720 (0.179) | lcc=0.178 | flagged=0
[15:10:10] DEBUG - 94202053_240504a_13~7821_hr4_737.tif | pred_pos=0 | gt_pos=65536 | diff=65536 (1.000) | lcc=1.000 | flagged=1
[15:10:10] DEBUG - 94202053_240504a_13~7821_hr4_738.tif | pred_pos=0 | gt_pos=5625 | diff=5625 (0.086) | lcc=0.086 | flagged=0
[15:10:10] DEBUG - 94202053_240504a_13~7821_hr4_851.tif | pred_pos=0 | gt_pos=38756 | diff=38756 (0.591) | lcc=0.591 | flagged=1
[15:10:10] DEBUG - 94202053_240504a_13~7821_hr4_882.tif | pred_pos=0 | gt_pos=1476 | diff=1476 (0.023) | lcc=0.023 | flagged=0
[15:10:10] DEBUG - 94202053_240504a_13~7821_hr4_966.tif | pred_pos=0 | gt_pos=23444 | diff=23444 (0.358) | lcc=0.358 | flagged=0
[15:10:10] DEBUG - 94202054_240504a_14~8078_hr4_1.tif | pred_pos=0 | gt_pos=23058 | diff=23058 (0.352) | lcc=0.352 | flagged=0
[15:10:10] DEBUG - 94202054_240504a_14~8078_hr4_1017.tif | pred_pos=0 | gt_pos=33536 | diff=33536 (0.512) | lcc=0.512 | flagged=1
[15:10:10] DEBUG - 94202054_240504a_14~8078_hr4_1032.tif | pred_pos=0 | gt_pos=0 | diff=0 (0.000) | lcc=0.000 | flagged=0
[15:10:10] DEBUG - 94202054_240504a_14~8078_hr4_1089.tif | pred_pos=0 | gt_pos=6650 | diff=6650 (0.101) | lcc=0.101 | flagged=0
[15:10:10] DEBUG - 94202054_240504a_14~8078_hr4_1108.tif | pred_pos=0 | gt_pos=0 | diff=0 (0.000) | lcc=0.000 | flagged=0
[15:10:10] DEBUG - 94202054_240504a_14~8078_hr4_1110.tif | pred_pos=0 | gt_pos=21620 | diff=21620 (0.330) | lcc=0.330 | flagged=0
[15:10:10] DEBUG - 94202054_240504a_14~8078_hr4_1113.tif | pred_pos=0 | gt_pos=9064 | diff=9064 (0.138) | lcc=0.138 | flagged=0
[15:10:10] DEBUG - 94202054_240504a_14~8078_hr4_1201.tif | pred_pos=0 | gt_pos=10860 | diff=10860 (0.166) | lcc=0.163 | flagged=0
[15:10:10] DEBUG - 94202054_240504a_14~8078_hr4_1218.tif | pred_pos=0 | gt_pos=15434 | diff=15434 (0.236) | lcc=0.236 | flagged=0
[15:10:10] DEBUG - 94202054_240504a_14~8078_hr4_1246.tif | pred_pos=0 | gt_pos=20448 | diff=20448 (0.312) | lcc=0.312 | flagged=0
[15:10:10] DEBUG - 94202054_240504a_14~8078_hr4_1292.tif | pred_pos=0 | gt_pos=5822 | diff=5822 (0.089) | lcc=0.089 | flagged=0
[15:10:10] DEBUG - 94202054_240504a_14~8078_hr4_1296.tif | pred_pos=0 | gt_pos=1544 | diff=1544 (0.024) | lcc=0.024 | flagged=0
[15:10:10] DEBUG - 94202054_240504a_14~8078_hr4_1350.tif | pred_pos=0 | gt_pos=13 | diff=13 (0.000) | lcc=0.000 | flagged=0
[15:10:10] DEBUG - 94202054_240504a_14~8078_hr4_1359.tif | pred_pos=0 | gt_pos=17840 | diff=17840 (0.272) | lcc=0.272 | flagged=0
[15:10:10] DEBUG - 94202054_240504a_14~8078_hr4_136.tif | pred_pos=0 | gt_pos=27040 | diff=27040 (0.413) | lcc=0.413 | flagged=0
[15:10:10] DEBUG - 94202054_240504a_14~8078_hr4_1363.tif | pred_pos=0 | gt_pos=51986 | diff=51986 (0.793) | lcc=0.793 | flagged=1
[15:10:10] DEBUG - 94202054_240504a_14~8078_hr4_1447.tif | pred_pos=0 | gt_pos=42390 | diff=42390 (0.647) | lcc=0.647 | flagged=1
[15:10:10] DEBUG - 94202054_240504a_14~8078_hr4_1453.tif | pred_pos=0 | gt_pos=19208 | diff=19208 (0.293) | lcc=0.293 | flagged=0
[15:10:10] DEBUG - 94202054_240504a_14~8078_hr4_1490.tif | pred_pos=0 | gt_pos=2348 | diff=2348 (0.036) | lcc=0.036 | flagged=0
[15:10:10] DEBUG - 94202054_240504a_14~8078_hr4_150.tif | pred_pos=0 | gt_pos=44029 | diff=44029 (0.672) | lcc=0.672 | flagged=1
[15:10:10] DEBUG - 94202054_240504a_14~8078_hr4_1537.tif | pred_pos=0 | gt_pos=0 | diff=0 (0.000) | lcc=0.000 | flagged=0
[15:10:10] DEBUG - 94202054_240504a_14~8078_hr4_172.tif | pred_pos=0 | gt_pos=19558 | diff=19558 (0.298) | lcc=0.298 | flagged=0
[15:10:10] DEBUG - 94202054_240504a_14~8078_hr4_1737.tif | pred_pos=0 | gt_pos=14550 | diff=14550 (0.222) | lcc=0.119 | flagged=0
[15:10:10] DEBUG - 94202054_240504a_14~8078_hr4_1748.tif | pred_pos=0 | gt_pos=12831 | diff=12831 (0.196) | lcc=0.196 | flagged=0
[15:10:10] DEBUG - 94202054_240504a_14~8078_hr4_18.tif | pred_pos=0 | gt_pos=36248 | diff=36248 (0.553) | lcc=0.553 | flagged=1
[15:10:10] DEBUG - 94202054_240504a_14~8078_hr4_1822.tif | pred_pos=0 | gt_pos=21905 | diff=21905 (0.334) | lcc=0.261 | flagged=0
[15:10:10] DEBUG - 94202054_240504a_14~8078_hr4_1910.tif | pred_pos=0 | gt_pos=4831 | diff=4831 (0.074) | lcc=0.041 | flagged=0
[15:10:10] DEBUG - 94202054_240504a_14~8078_hr4_1954.tif | pred_pos=0 | gt_pos=70 | diff=70 (0.001) | lcc=0.001 | flagged=0
[15:10:10] DEBUG - 94202054_240504a_14~8078_hr4_1958.tif | pred_pos=0 | gt_pos=47742 | diff=47742 (0.728) | lcc=0.728 | flagged=1
[15:10:10] DEBUG - 94202054_240504a_14~8078_hr4_1971.tif | pred_pos=0 | gt_pos=38890 | diff=38890 (0.593) | lcc=0.591 | flagged=1
[15:10:10] DEBUG - 94202054_240504a_14~8078_hr4_2035.tif | pred_pos=0 | gt_pos=528 | diff=528 (0.008) | lcc=0.008 | flagged=0
[15:10:10] DEBUG - 94202054_240504a_14~8078_hr4_210.tif | pred_pos=0 | gt_pos=30972 | diff=30972 (0.473) | lcc=0.473 | flagged=0
[15:10:10] DEBUG - 94202054_240504a_14~8078_hr4_2130.tif | pred_pos=0 | gt_pos=13749 | diff=13749 (0.210) | lcc=0.210 | flagged=0
[15:10:10] DEBUG - 94202054_240504a_14~8078_hr4_2139.tif | pred_pos=0 | gt_pos=24426 | diff=24426 (0.373) | lcc=0.373 | flagged=0
[15:10:10] DEBUG - 94202054_240504a_14~8078_hr4_2154.tif | pred_pos=0 | gt_pos=212 | diff=212 (0.003) | lcc=0.003 | flagged=0
[15:10:10] DEBUG - 94202054_240504a_14~8078_hr4_2167.tif | pred_pos=0 | gt_pos=0 | diff=0 (0.000) | lcc=0.000 | flagged=0
[15:10:10] DEBUG - 94202054_240504a_14~8078_hr4_2198.tif | pred_pos=0 | gt_pos=23053 | diff=23053 (0.352) | lcc=0.352 | flagged=0
[15:10:10] DEBUG - 94202054_240504a_14~8078_hr4_2218.tif | pred_pos=0 | gt_pos=41200 | diff=41200 (0.629) | lcc=0.629 | flagged=1
[15:10:10] DEBUG - 94202054_240504a_14~8078_hr4_2274.tif | pred_pos=0 | gt_pos=6070 | diff=6070 (0.093) | lcc=0.091 | flagged=0
[15:10:10] DEBUG - 94202054_240504a_14~8078_hr4_2324.tif | pred_pos=0 | gt_pos=48439 | diff=48439 (0.739) | lcc=0.739 | flagged=1
[15:10:10] DEBUG - 94202054_240504a_14~8078_hr4_2332.tif | pred_pos=0 | gt_pos=0 | diff=0 (0.000) | lcc=0.000 | flagged=0
[15:10:10] DEBUG - 94202054_240504a_14~8078_hr4_2458.tif | pred_pos=0 | gt_pos=33 | diff=33 (0.001) | lcc=0.001 | flagged=0
[15:10:10] DEBUG - 94202054_240504a_14~8078_hr4_2555.tif | pred_pos=0 | gt_pos=13434 | diff=13434 (0.205) | lcc=0.205 | flagged=0
[15:10:10] DEBUG - 94202054_240504a_14~8078_hr4_2699.tif | pred_pos=0 | gt_pos=16434 | diff=16434 (0.251) | lcc=0.251 | flagged=0
[15:10:10] DEBUG - 94202054_240504a_14~8078_hr4_2771.tif | pred_pos=0 | gt_pos=45217 | diff=45217 (0.690) | lcc=0.690 | flagged=1
[15:10:10] DEBUG - 94202054_240504a_14~8078_hr4_2842.tif | pred_pos=0 | gt_pos=62310 | diff=62310 (0.951) | lcc=0.951 | flagged=1
[15:10:10] DEBUG - 94202054_240504a_14~8078_hr4_2897.tif | pred_pos=0 | gt_pos=8 | diff=8 (0.000) | lcc=0.000 | flagged=0
[15:10:10] DEBUG - 94202054_240504a_14~8078_hr4_3050.tif | pred_pos=0 | gt_pos=0 | diff=0 (0.000) | lcc=0.000 | flagged=0
[15:10:10] DEBUG - 94202054_240504a_14~8078_hr4_3058.tif | pred_pos=0 | gt_pos=49 | diff=49 (0.001) | lcc=0.001 | flagged=0
[15:10:10] DEBUG - 94202054_240504a_14~8078_hr4_3068.tif | pred_pos=0 | gt_pos=24821 | diff=24821 (0.379) | lcc=0.379 | flagged=0
[15:10:14] DEBUG - 94202054_240504a_14~8078_hr4_3081.tif | pred_pos=0 | gt_pos=50858 | diff=50858 (0.776) | lcc=0.776 | flagged=1
[15:10:14] DEBUG - 94202054_240504a_14~8078_hr4_3134.tif | pred_pos=0 | gt_pos=7982 | diff=7982 (0.122) | lcc=0.122 | flagged=0
[15:10:14] DEBUG - 94202054_240504a_14~8078_hr4_3141.tif | pred_pos=0 | gt_pos=40941 | diff=40941 (0.625) | lcc=0.625 | flagged=1
[15:10:14] DEBUG - 94202054_240504a_14~8078_hr4_3186.tif | pred_pos=0 | gt_pos=0 | diff=0 (0.000) | lcc=0.000 | flagged=0
[15:10:14] DEBUG - 94202054_240504a_14~8078_hr4_3227.tif | pred_pos=0 | gt_pos=58062 | diff=58062 (0.886) | lcc=0.886 | flagged=1
[15:10:14] DEBUG - 94202054_240504a_14~8078_hr4_3292.tif | pred_pos=0 | gt_pos=295 | diff=295 (0.005) | lcc=0.005 | flagged=0
[15:10:14] DEBUG - 94202054_240504a_14~8078_hr4_3301.tif | pred_pos=0 | gt_pos=56923 | diff=56923 (0.869) | lcc=0.869 | flagged=1
[15:10:14] DEBUG - 94202054_240504a_14~8078_hr4_3302.tif | pred_pos=0 | gt_pos=33235 | diff=33235 (0.507) | lcc=0.507 | flagged=1
[15:10:14] DEBUG - 94202054_240504a_14~8078_hr4_3353.tif | pred_pos=0 | gt_pos=28994 | diff=28994 (0.442) | lcc=0.442 | flagged=0
[15:10:14] DEBUG - 94202054_240504a_14~8078_hr4_3425.tif | pred_pos=0 | gt_pos=6405 | diff=6405 (0.098) | lcc=0.098 | flagged=0
[15:10:14] DEBUG - 94202054_240504a_14~8078_hr4_3426.tif | pred_pos=0 | gt_pos=65536 | diff=65536 (1.000) | lcc=1.000 | flagged=1
[15:10:14] DEBUG - 94202054_240504a_14~8078_hr4_3434.tif | pred_pos=0 | gt_pos=17731 | diff=17731 (0.271) | lcc=0.271 | flagged=0
[15:10:14] DEBUG - 94202054_240504a_14~8078_hr4_3450.tif | pred_pos=0 | gt_pos=0 | diff=0 (0.000) | lcc=0.000 | flagged=0
[15:10:14] DEBUG - 94202054_240504a_14~8078_hr4_3452.tif | pred_pos=0 | gt_pos=24250 | diff=24250 (0.370) | lcc=0.370 | flagged=0
[15:10:14] DEBUG - 94202054_240504a_14~8078_hr4_3460.tif | pred_pos=0 | gt_pos=65536 | diff=65536 (1.000) | lcc=1.000 | flagged=1
[15:10:14] DEBUG - 94202054_240504a_14~8078_hr4_3484.tif | pred_pos=0 | gt_pos=37399 | diff=37399 (0.571) | lcc=0.571 | flagged=1
[15:10:14] DEBUG - 94202054_240504a_14~8078_hr4_3507.tif | pred_pos=0 | gt_pos=35835 | diff=35835 (0.547) | lcc=0.358 | flagged=0
[15:10:14] DEBUG - 94202054_240504a_14~8078_hr4_3508.tif | pred_pos=0 | gt_pos=14423 | diff=14423 (0.220) | lcc=0.220 | flagged=0
[15:10:14] DEBUG - 94202054_240504a_14~8078_hr4_3576.tif | pred_pos=0 | gt_pos=35725 | diff=35725 (0.545) | lcc=0.273 | flagged=0
[15:10:14] DEBUG - 94202054_240504a_14~8078_hr4_3593.tif | pred_pos=0 | gt_pos=7164 | diff=7164 (0.109) | lcc=0.109 | flagged=0
[15:10:14] DEBUG - 94202054_240504a_14~8078_hr4_3681.tif | pred_pos=0 | gt_pos=0 | diff=0 (0.000) | lcc=0.000 | flagged=0
[15:10:14] DEBUG - 94202054_240504a_14~8078_hr4_373.tif | pred_pos=0 | gt_pos=1387 | diff=1387 (0.021) | lcc=0.021 | flagged=0
[15:10:14] DEBUG - 94202054_240504a_14~8078_hr4_3741.tif | pred_pos=0 | gt_pos=23261 | diff=23261 (0.355) | lcc=0.355 | flagged=0
[15:10:14] DEBUG - 94202054_240504a_14~8078_hr4_3744.tif | pred_pos=0 | gt_pos=42163 | diff=42163 (0.643) | lcc=0.643 | flagged=1
[15:10:14] DEBUG - 94202054_240504a_14~8078_hr4_3809.tif | pred_pos=0 | gt_pos=59522 | diff=59522 (0.908) | lcc=0.908 | flagged=1
[15:10:14] DEBUG - 94202054_240504a_14~8078_hr4_3866.tif | pred_pos=0 | gt_pos=57 | diff=57 (0.001) | lcc=0.001 | flagged=0
[15:10:14] DEBUG - 94202054_240504a_14~8078_hr4_3898.tif | pred_pos=0 | gt_pos=9930 | diff=9930 (0.152) | lcc=0.152 | flagged=0
[15:10:14] DEBUG - 94202054_240504a_14~8078_hr4_3921.tif | pred_pos=0 | gt_pos=0 | diff=0 (0.000) | lcc=0.000 | flagged=0
[15:10:14] DEBUG - 94202054_240504a_14~8078_hr4_4097.tif | pred_pos=0 | gt_pos=1541 | diff=1541 (0.024) | lcc=0.024 | flagged=0
[15:10:14] DEBUG - 94202054_240504a_14~8078_hr4_4119.tif | pred_pos=0 | gt_pos=26941 | diff=26941 (0.411) | lcc=0.411 | flagged=0
[15:10:14] DEBUG - 94202054_240504a_14~8078_hr4_4240.tif | pred_pos=0 | gt_pos=7031 | diff=7031 (0.107) | lcc=0.107 | flagged=0
[15:10:14] DEBUG - 94202054_240504a_14~8078_hr4_4260.tif | pred_pos=0 | gt_pos=8525 | diff=8525 (0.130) | lcc=0.130 | flagged=0
[15:10:14] DEBUG - 94202054_240504a_14~8078_hr4_431.tif | pred_pos=0 | gt_pos=10745 | diff=10745 (0.164) | lcc=0.164 | flagged=0
[15:10:14] DEBUG - 94202054_240504a_14~8078_hr4_432.tif | pred_pos=0 | gt_pos=27077 | diff=27077 (0.413) | lcc=0.413 | flagged=0
[15:10:14] DEBUG - 94202054_240504a_14~8078_hr4_435.tif | pred_pos=0 | gt_pos=52686 | diff=52686 (0.804) | lcc=0.804 | flagged=1
[15:10:14] DEBUG - 94202054_240504a_14~8078_hr4_4350.tif | pred_pos=0 | gt_pos=0 | diff=0 (0.000) | lcc=0.000 | flagged=0
[15:10:14] DEBUG - 94202054_240504a_14~8078_hr4_4466.tif | pred_pos=0 | gt_pos=60195 | diff=60195 (0.919) | lcc=0.919 | flagged=1
[15:10:14] DEBUG - 94202054_240504a_14~8078_hr4_4482.tif | pred_pos=0 | gt_pos=2907 | diff=2907 (0.044) | lcc=0.044 | flagged=0
[15:10:14] DEBUG - 94202054_240504a_14~8078_hr4_4489.tif | pred_pos=0 | gt_pos=20795 | diff=20795 (0.317) | lcc=0.317 | flagged=0
[15:10:14] DEBUG - 94202054_240504a_14~8078_hr4_4538.tif | pred_pos=0 | gt_pos=2106 | diff=2106 (0.032) | lcc=0.032 | flagged=0
[15:10:14] DEBUG - 94202054_240504a_14~8078_hr4_4552.tif | pred_pos=0 | gt_pos=65536 | diff=65536 (1.000) | lcc=1.000 | flagged=1
[15:10:14] DEBUG - 94202054_240504a_14~8078_hr4_4634.tif | pred_pos=0 | gt_pos=5206 | diff=5206 (0.079) | lcc=0.079 | flagged=0
[15:10:14] DEBUG - 94202054_240504a_14~8078_hr4_4681.tif | pred_pos=0 | gt_pos=654 | diff=654 (0.010) | lcc=0.010 | flagged=0
[15:10:14] DEBUG - 94202054_240504a_14~8078_hr4_4832.tif | pred_pos=0 | gt_pos=243 | diff=243 (0.004) | lcc=0.004 | flagged=0
[15:10:14] DEBUG - 94202054_240504a_14~8078_hr4_4836.tif | pred_pos=0 | gt_pos=56135 | diff=56135 (0.857) | lcc=0.857 | flagged=1
[15:10:14] DEBUG - 94202054_240504a_14~8078_hr4_488.tif | pred_pos=0 | gt_pos=116 | diff=116 (0.002) | lcc=0.002 | flagged=0
[15:10:14] DEBUG - 94202054_240504a_14~8078_hr4_4910.tif | pred_pos=0 | gt_pos=64882 | diff=64882 (0.990) | lcc=0.990 | flagged=1
[15:10:14] DEBUG - 94202054_240504a_14~8078_hr4_4951.tif | pred_pos=0 | gt_pos=12512 | diff=12512 (0.191) | lcc=0.191 | flagged=0
[15:10:14] DEBUG - 94202054_240504a_14~8078_hr4_4979.tif | pred_pos=0 | gt_pos=46267 | diff=46267 (0.706) | lcc=0.706 | flagged=1
[15:10:14] DEBUG - 94202054_240504a_14~8078_hr4_4983.tif | pred_pos=0 | gt_pos=18721 | diff=18721 (0.286) | lcc=0.194 | flagged=0
[15:10:14] DEBUG - 94202054_240504a_14~8078_hr4_4994.tif | pred_pos=0 | gt_pos=18690 | diff=18690 (0.285) | lcc=0.285 | flagged=0
[15:10:14] DEBUG - 94202054_240504a_14~8078_hr4_5046.tif | pred_pos=0 | gt_pos=4108 | diff=4108 (0.063) | lcc=0.063 | flagged=0
[15:10:14] DEBUG - 94202054_240504a_14~8078_hr4_5054.tif | pred_pos=0 | gt_pos=65536 | diff=65536 (1.000) | lcc=1.000 | flagged=1
[15:10:14] DEBUG - 94202054_240504a_14~8078_hr4_51.tif | pred_pos=0 | gt_pos=15125 | diff=15125 (0.231) | lcc=0.231 | flagged=0
[15:10:14] DEBUG - 94202054_240504a_14~8078_hr4_5127.tif | pred_pos=0 | gt_pos=57839 | diff=57839 (0.883) | lcc=0.883 | flagged=1
[15:10:14] DEBUG - 94202054_240504a_14~8078_hr4_5202.tif | pred_pos=0 | gt_pos=24069 | diff=24069 (0.367) | lcc=0.310 | flagged=0
[15:10:14] DEBUG - 94202054_240504a_14~8078_hr4_5204.tif | pred_pos=0 | gt_pos=18475 | diff=18475 (0.282) | lcc=0.282 | flagged=0
[15:10:14] DEBUG - 94202054_240504a_14~8078_hr4_5251.tif | pred_pos=0 | gt_pos=13154 | diff=13154 (0.201) | lcc=0.201 | flagged=0
[15:10:14] DEBUG - 94202054_240504a_14~8078_hr4_53.tif | pred_pos=0 | gt_pos=8818 | diff=8818 (0.135) | lcc=0.135 | flagged=0
[15:10:14] DEBUG - 94202054_240504a_14~8078_hr4_5324.tif | pred_pos=0 | gt_pos=3181 | diff=3181 (0.049) | lcc=0.049 | flagged=0
[15:10:14] DEBUG - 94202054_240504a_14~8078_hr4_5340.tif | pred_pos=0 | gt_pos=1464 | diff=1464 (0.022) | lcc=0.022 | flagged=0
[15:10:14] DEBUG - 94202054_240504a_14~8078_hr4_5415.tif | pred_pos=0 | gt_pos=23702 | diff=23702 (0.362) | lcc=0.362 | flagged=0
[15:10:14] DEBUG - 94202054_240504a_14~8078_hr4_5425.tif | pred_pos=0 | gt_pos=33734 | diff=33734 (0.515) | lcc=0.468 | flagged=0
[15:10:14] DEBUG - 94202054_240504a_14~8078_hr4_559.tif | pred_pos=0 | gt_pos=1959 | diff=1959 (0.030) | lcc=0.030 | flagged=0
[15:10:14] DEBUG - 94202054_240504a_14~8078_hr4_5651.tif | pred_pos=0 | gt_pos=0 | diff=0 (0.000) | lcc=0.000 | flagged=0
[15:10:14] DEBUG - 94202054_240504a_14~8078_hr4_5726.tif | pred_pos=0 | gt_pos=29104 | diff=29104 (0.444) | lcc=0.248 | flagged=0
[15:10:14] DEBUG - 94202054_240504a_14~8078_hr4_579.tif | pred_pos=0 | gt_pos=10519 | diff=10519 (0.161) | lcc=0.161 | flagged=0
[15:10:14] DEBUG - 94202054_240504a_14~8078_hr4_5804.tif | pred_pos=0 | gt_pos=226 | diff=226 (0.003) | lcc=0.003 | flagged=0
[15:10:14] DEBUG - 94202054_240504a_14~8078_hr4_5806.tif | pred_pos=0 | gt_pos=15467 | diff=15467 (0.236) | lcc=0.136 | flagged=0
[15:10:14] DEBUG - 94202054_240504a_14~8078_hr4_5819.tif | pred_pos=0 | gt_pos=38885 | diff=38885 (0.593) | lcc=0.593 | flagged=1
[15:10:14] DEBUG - 94202054_240504a_14~8078_hr4_582.tif | pred_pos=0 | gt_pos=18152 | diff=18152 (0.277) | lcc=0.277 | flagged=0
[15:10:14] DEBUG - 94202054_240504a_14~8078_hr4_596.tif | pred_pos=0 | gt_pos=18901 | diff=18901 (0.288) | lcc=0.288 | flagged=0
[15:10:14] DEBUG - 94202054_240504a_14~8078_hr4_636.tif | pred_pos=0 | gt_pos=19187 | diff=19187 (0.293) | lcc=0.293 | flagged=0
[15:10:14] DEBUG - 94202054_240504a_14~8078_hr4_681.tif | pred_pos=0 | gt_pos=19966 | diff=19966 (0.305) | lcc=0.305 | flagged=0
[15:10:14] DEBUG - 94202054_240504a_14~8078_hr4_710.tif | pred_pos=0 | gt_pos=7611 | diff=7611 (0.116) | lcc=0.116 | flagged=0
[15:10:14] DEBUG - 94202054_240504a_14~8078_hr4_726.tif | pred_pos=0 | gt_pos=0 | diff=0 (0.000) | lcc=0.000 | flagged=0
[15:10:14] DEBUG - 94202054_240504a_14~8078_hr4_769.tif | pred_pos=0 | gt_pos=16972 | diff=16972 (0.259) | lcc=0.259 | flagged=0
[15:10:14] DEBUG - 94202054_240504a_14~8078_hr4_82.tif | pred_pos=0 | gt_pos=49572 | diff=49572 (0.756) | lcc=0.497 | flagged=0
[15:10:14] DEBUG - 94202054_240504a_14~8078_hr4_833.tif | pred_pos=0 | gt_pos=4970 | diff=4970 (0.076) | lcc=0.076 | flagged=0
[15:10:14] DEBUG - 94202054_240504a_14~8078_hr4_867.tif | pred_pos=0 | gt_pos=2006 | diff=2006 (0.031) | lcc=0.031 | flagged=0
[15:10:14] DEBUG - 94202054_240504a_14~8078_hr4_934.tif | pred_pos=0 | gt_pos=135 | diff=135 (0.002) | lcc=0.002 | flagged=0
[15:10:14] DEBUG - 94202054_240504a_14~8078_hr4_942.tif | pred_pos=0 | gt_pos=357 | diff=357 (0.005) | lcc=0.005 | flagged=0
[15:10:14] DEBUG - 94202054_240504a_14~8078_hr4_943.tif | pred_pos=0 | gt_pos=20663 | diff=20663 (0.315) | lcc=0.315 | flagged=0
[15:10:14] DEBUG - 94202055_240504a_15~8348_hr4_1203.tif | pred_pos=0 | gt_pos=5202 | diff=5202 (0.079) | lcc=0.079 | flagged=0
[15:10:14] DEBUG - 94202055_240504a_15~8348_hr4_1290.tif | pred_pos=0 | gt_pos=0 | diff=0 (0.000) | lcc=0.000 | flagged=0
[15:10:14] DEBUG - 94202055_240504a_15~8348_hr4_1349.tif | pred_pos=0 | gt_pos=14840 | diff=14840 (0.226) | lcc=0.226 | flagged=0
[15:10:14] DEBUG - 94202055_240504a_15~8348_hr4_1423.tif | pred_pos=0 | gt_pos=26181 | diff=26181 (0.399) | lcc=0.399 | flagged=0
[15:10:14] DEBUG - 94202055_240504a_15~8348_hr4_1500.tif | pred_pos=0 | gt_pos=38890 | diff=38890 (0.593) | lcc=0.593 | flagged=1
[15:10:14] DEBUG - 94202055_240504a_15~8348_hr4_1567.tif | pred_pos=0 | gt_pos=6879 | diff=6879 (0.105) | lcc=0.105 | flagged=0
[15:10:14] DEBUG - 94202055_240504a_15~8348_hr4_1650.tif | pred_pos=0 | gt_pos=12003 | diff=12003 (0.183) | lcc=0.183 | flagged=0
[15:10:14] DEBUG - 94202055_240504a_15~8348_hr4_1838.tif | pred_pos=0 | gt_pos=0 | diff=0 (0.000) | lcc=0.000 | flagged=0
[15:10:14] DEBUG - 94202055_240504a_15~8348_hr4_1854.tif | pred_pos=0 | gt_pos=35800 | diff=35800 (0.546) | lcc=0.546 | flagged=1
[15:10:14] DEBUG - 94202055_240504a_15~8348_hr4_2006.tif | pred_pos=0 | gt_pos=11770 | diff=11770 (0.180) | lcc=0.180 | flagged=0
[15:10:14] DEBUG - 94202055_240504a_15~8348_hr4_2072.tif | pred_pos=0 | gt_pos=53954 | diff=53954 (0.823) | lcc=0.823 | flagged=1
[15:10:14] DEBUG - 94202055_240504a_15~8348_hr4_2225.tif | pred_pos=0 | gt_pos=1503 | diff=1503 (0.023) | lcc=0.023 | flagged=0
[15:10:14] DEBUG - 94202055_240504a_15~8348_hr4_2319.tif | pred_pos=0 | gt_pos=26708 | diff=26708 (0.408) | lcc=0.408 | flagged=0
[15:10:14] DEBUG - 94202055_240504a_15~8348_hr4_2384.tif | pred_pos=0 | gt_pos=0 | diff=0 (0.000) | lcc=0.000 | flagged=0
[15:10:14] DEBUG - 94202055_240504a_15~8348_hr4_2443.tif | pred_pos=0 | gt_pos=36849 | diff=36849 (0.562) | lcc=0.562 | flagged=1
[15:10:14] DEBUG - 94202055_240504a_15~8348_hr4_2449.tif | pred_pos=0 | gt_pos=23374 | diff=23374 (0.357) | lcc=0.357 | flagged=0
[15:10:14] DEBUG - 94202055_240504a_15~8348_hr4_2591.tif | pred_pos=0 | gt_pos=65536 | diff=65536 (1.000) | lcc=1.000 | flagged=1
[15:10:14] DEBUG - 94202055_240504a_15~8348_hr4_2661.tif | pred_pos=0 | gt_pos=0 | diff=0 (0.000) | lcc=0.000 | flagged=0
[15:10:14] DEBUG - 94202055_240504a_15~8348_hr4_2990.tif | pred_pos=0 | gt_pos=0 | diff=0 (0.000) | lcc=0.000 | flagged=0
[15:10:14] DEBUG - 94202055_240504a_15~8348_hr4_314.tif | pred_pos=0 | gt_pos=59317 | diff=59317 (0.905) | lcc=0.905 | flagged=1
[15:10:14] DEBUG - 94202055_240504a_15~8348_hr4_324.tif | pred_pos=0 | gt_pos=0 | diff=0 (0.000) | lcc=0.000 | flagged=0
[15:10:14] DEBUG - 94202055_240504a_15~8348_hr4_343.tif | pred_pos=0 | gt_pos=0 | diff=0 (0.000) | lcc=0.000 | flagged=0
[15:10:14] DEBUG - 94202055_240504a_15~8348_hr4_3826.tif | pred_pos=0 | gt_pos=0 | diff=0 (0.000) | lcc=0.000 | flagged=0
[15:10:14] DEBUG - 94202055_240504a_15~8348_hr4_3855.tif | pred_pos=0 | gt_pos=0 | diff=0 (0.000) | lcc=0.000 | flagged=0
[15:10:14] DEBUG - 94202055_240504a_15~8348_hr4_4158.tif | pred_pos=0 | gt_pos=0 | diff=0 (0.000) | lcc=0.000 | flagged=0
[15:10:14] DEBUG - 94202055_240504a_15~8348_hr4_4273.tif | pred_pos=0 | gt_pos=0 | diff=0 (0.000) | lcc=0.000 | flagged=0
[15:10:14] DEBUG - 94202055_240504a_15~8348_hr4_4300.tif | pred_pos=0 | gt_pos=0 | diff=0 (0.000) | lcc=0.000 | flagged=0
[15:10:14] DEBUG - 94202055_240504a_15~8348_hr4_4880.tif | pred_pos=0 | gt_pos=0 | diff=0 (0.000) | lcc=0.000 | flagged=0
[15:10:14] DEBUG - 94202055_240504a_15~8348_hr4_4884.tif | pred_pos=0 | gt_pos=28151 | diff=28151 (0.430) | lcc=0.430 | flagged=0
[15:10:14] DEBUG - 94202055_240504a_15~8348_hr4_4959.tif | pred_pos=0 | gt_pos=20085 | diff=20085 (0.306) | lcc=0.306 | flagged=0
[15:10:14] DEBUG - 94202055_240504a_15~8348_hr4_4961.tif | pred_pos=0 | gt_pos=17458 | diff=17458 (0.266) | lcc=0.266 | flagged=0
[15:10:14] DEBUG - 94202055_240504a_15~8348_hr4_5110.tif | pred_pos=0 | gt_pos=26939 | diff=26939 (0.411) | lcc=0.411 | flagged=0
[15:10:14] DEBUG - 94202055_240504a_15~8348_hr4_5552.tif | pred_pos=0 | gt_pos=25882 | diff=25882 (0.395) | lcc=0.395 | flagged=0
[15:10:14] DEBUG - 94202055_240504a_15~8348_hr4_5626.tif | pred_pos=0 | gt_pos=4 | diff=4 (0.000) | lcc=0.000 | flagged=0
[15:10:14] DEBUG - 94202055_240504a_15~8348_hr4_606.tif | pred_pos=0 | gt_pos=12431 | diff=12431 (0.190) | lcc=0.190 | flagged=0
[15:10:14] DEBUG - 94202055_240504a_15~8348_hr4_747.tif | pred_pos=0 | gt_pos=15607 | diff=15607 (0.238) | lcc=0.238 | flagged=0
[15:10:14] DEBUG - 94202055_240504a_15~8348_hr4_775.tif | pred_pos=0 | gt_pos=30951 | diff=30951 (0.472) | lcc=0.472 | flagged=0
[15:10:14] DEBUG - 94202055_240504a_15~8348_hr4_835.tif | pred_pos=0 | gt_pos=5213 | diff=5213 (0.080) | lcc=0.080 | flagged=0
[15:10:14] DEBUG - 94202055_240504a_15~8348_hr4_924.tif | pred_pos=0 | gt_pos=8734 | diff=8734 (0.133) | lcc=0.133 | flagged=0
[15:10:14] DEBUG - 94202064_240504a_14~8082_hr4_107.tif | pred_pos=0 | gt_pos=0 | diff=0 (0.000) | lcc=0.000 | flagged=0
[15:10:14] DEBUG - 94202064_240504a_14~8082_hr4_1076.tif | pred_pos=0 | gt_pos=0 | diff=0 (0.000) | lcc=0.000 | flagged=0
[15:10:14] DEBUG - 94202064_240504a_14~8082_hr4_143.tif | pred_pos=0 | gt_pos=259 | diff=259 (0.004) | lcc=0.004 | flagged=0
[15:10:14] DEBUG - 94202064_240504a_14~8082_hr4_160.tif | pred_pos=0 | gt_pos=11188 | diff=11188 (0.171) | lcc=0.159 | flagged=0
[15:10:14] DEBUG - 94202064_240504a_14~8082_hr4_1602.tif | pred_pos=0 | gt_pos=0 | diff=0 (0.000) | lcc=0.000 | flagged=0
[15:10:14] DEBUG - 94202064_240504a_14~8082_hr4_1693.tif | pred_pos=0 | gt_pos=0 | diff=0 (0.000) | lcc=0.000 | flagged=0
[15:10:18] DEBUG - 94202064_240504a_14~8082_hr4_1998.tif | pred_pos=0 | gt_pos=0 | diff=0 (0.000) | lcc=0.000 | flagged=0
[15:10:18] DEBUG - 94202064_240504a_14~8082_hr4_252.tif | pred_pos=0 | gt_pos=15381 | diff=15381 (0.235) | lcc=0.235 | flagged=0
[15:10:18] DEBUG - 94202064_240504a_14~8082_hr4_290.tif | pred_pos=0 | gt_pos=49504 | diff=49504 (0.755) | lcc=0.755 | flagged=1
[15:10:18] DEBUG - 94202064_240504a_14~8082_hr4_2964.tif | pred_pos=0 | gt_pos=0 | diff=0 (0.000) | lcc=0.000 | flagged=0
[15:10:18] DEBUG - 94202064_240504a_14~8082_hr4_317.tif | pred_pos=0 | gt_pos=19457 | diff=19457 (0.297) | lcc=0.297 | flagged=0
[15:10:18] DEBUG - 94202064_240504a_14~8082_hr4_319.tif | pred_pos=0 | gt_pos=7762 | diff=7762 (0.118) | lcc=0.118 | flagged=0
[15:10:18] DEBUG - 94202064_240504a_14~8082_hr4_3227.tif | pred_pos=0 | gt_pos=0 | diff=0 (0.000) | lcc=0.000 | flagged=0
[15:10:18] DEBUG - 94202064_240504a_14~8082_hr4_3276.tif | pred_pos=0 | gt_pos=0 | diff=0 (0.000) | lcc=0.000 | flagged=0
[15:10:18] DEBUG - 94202064_240504a_14~8082_hr4_3389.tif | pred_pos=0 | gt_pos=0 | diff=0 (0.000) | lcc=0.000 | flagged=0
[15:10:18] DEBUG - 94202064_240504a_14~8082_hr4_3516.tif | pred_pos=0 | gt_pos=0 | diff=0 (0.000) | lcc=0.000 | flagged=0
[15:10:18] DEBUG - 94202064_240504a_14~8082_hr4_364.tif | pred_pos=0 | gt_pos=20677 | diff=20677 (0.316) | lcc=0.316 | flagged=0
[15:10:18] DEBUG - 94202064_240504a_14~8082_hr4_3725.tif | pred_pos=0 | gt_pos=0 | diff=0 (0.000) | lcc=0.000 | flagged=0
[15:10:18] DEBUG - 94202064_240504a_14~8082_hr4_398.tif | pred_pos=0 | gt_pos=13966 | diff=13966 (0.213) | lcc=0.141 | flagged=0
[15:10:18] DEBUG - 94202064_240504a_14~8082_hr4_400.tif | pred_pos=0 | gt_pos=21669 | diff=21669 (0.331) | lcc=0.331 | flagged=0
[15:10:18] DEBUG - 94202064_240504a_14~8082_hr4_416.tif | pred_pos=0 | gt_pos=3437 | diff=3437 (0.052) | lcc=0.052 | flagged=0
[15:10:18] DEBUG - 94202064_240504a_14~8082_hr4_418.tif | pred_pos=0 | gt_pos=10928 | diff=10928 (0.167) | lcc=0.167 | flagged=0
[15:10:18] DEBUG - 94202064_240504a_14~8082_hr4_4307.tif | pred_pos=0 | gt_pos=0 | diff=0 (0.000) | lcc=0.000 | flagged=0
[15:10:18] DEBUG - 94202064_240504a_14~8082_hr4_4376.tif | pred_pos=0 | gt_pos=0 | diff=0 (0.000) | lcc=0.000 | flagged=0
[15:10:18] DEBUG - 94202064_240504a_14~8082_hr4_473.tif | pred_pos=0 | gt_pos=18030 | diff=18030 (0.275) | lcc=0.275 | flagged=0
[15:10:18] DEBUG - 94202064_240504a_14~8082_hr4_530.tif | pred_pos=0 | gt_pos=31309 | diff=31309 (0.478) | lcc=0.478 | flagged=0
[15:10:18] DEBUG - 94202064_240504a_14~8082_hr4_547.tif | pred_pos=0 | gt_pos=5504 | diff=5504 (0.084) | lcc=0.084 | flagged=0
[15:10:18] DEBUG - 94202064_240504a_14~8082_hr4_90.tif | pred_pos=0 | gt_pos=25391 | diff=25391 (0.387) | lcc=0.387 | flagged=0
[15:10:18] DEBUG - 94202065_240504a_15~8352_hr4_1012.tif | pred_pos=0 | gt_pos=0 | diff=0 (0.000) | lcc=0.000 | flagged=0
[15:10:18] DEBUG - 94202065_240504a_15~8352_hr4_1264.tif | pred_pos=0 | gt_pos=0 | diff=0 (0.000) | lcc=0.000 | flagged=0
[15:10:18] DEBUG - 94202065_240504a_15~8352_hr4_1466.tif | pred_pos=0 | gt_pos=0 | diff=0 (0.000) | lcc=0.000 | flagged=0
[15:10:18] DEBUG - 94202065_240504a_15~8352_hr4_149.tif | pred_pos=0 | gt_pos=8 | diff=8 (0.000) | lcc=0.000 | flagged=0
[15:10:18] DEBUG - 94202065_240504a_15~8352_hr4_2151.tif | pred_pos=0 | gt_pos=0 | diff=0 (0.000) | lcc=0.000 | flagged=0
[15:10:18] DEBUG - 94202065_240504a_15~8352_hr4_223.tif | pred_pos=0 | gt_pos=34516 | diff=34516 (0.527) | lcc=0.527 | flagged=1
[15:10:18] DEBUG - 94202065_240504a_15~8352_hr4_2685.tif | pred_pos=0 | gt_pos=0 | diff=0 (0.000) | lcc=0.000 | flagged=0
[15:10:18] DEBUG - 94202065_240504a_15~8352_hr4_2778.tif | pred_pos=0 | gt_pos=0 | diff=0 (0.000) | lcc=0.000 | flagged=0
[15:10:18] DEBUG - 94202065_240504a_15~8352_hr4_3473.tif | pred_pos=0 | gt_pos=0 | diff=0 (0.000) | lcc=0.000 | flagged=0
[15:10:18] DEBUG - 94202065_240504a_15~8352_hr4_365.tif | pred_pos=0 | gt_pos=0 | diff=0 (0.000) | lcc=0.000 | flagged=0
[15:10:18] DEBUG - 94202065_240504a_15~8352_hr4_3693.tif | pred_pos=0 | gt_pos=0 | diff=0 (0.000) | lcc=0.000 | flagged=0
[15:10:18] DEBUG - 94202065_240504a_15~8352_hr4_3844.tif | pred_pos=0 | gt_pos=0 | diff=0 (0.000) | lcc=0.000 | flagged=0
[15:10:18] DEBUG - 94202065_240504a_15~8352_hr4_4429.tif | pred_pos=0 | gt_pos=0 | diff=0 (0.000) | lcc=0.000 | flagged=0
[15:10:18] DEBUG - 94202065_240504a_15~8352_hr4_4635.tif | pred_pos=0 | gt_pos=0 | diff=0 (0.000) | lcc=0.000 | flagged=0
[15:10:18] DEBUG - 94202065_240504a_15~8352_hr4_5270.tif | pred_pos=0 | gt_pos=0 | diff=0 (0.000) | lcc=0.000 | flagged=0
[15:10:18] DEBUG - 94202065_240504a_15~8352_hr4_5362.tif | pred_pos=0 | gt_pos=0 | diff=0 (0.000) | lcc=0.000 | flagged=0
[15:10:18] DEBUG - 94202065_240504a_15~8352_hr4_622.tif | pred_pos=0 | gt_pos=0 | diff=0 (0.000) | lcc=0.000 | flagged=0
[15:10:18] DEBUG - 95203003_240518b_23~6595_hr4_1431.tif | pred_pos=0 | gt_pos=0 | diff=0 (0.000) | lcc=0.000 | flagged=0
[15:10:18] DEBUG - 95203003_240518b_23~6595_hr4_20.tif | pred_pos=0 | gt_pos=0 | diff=0 (0.000) | lcc=0.000 | flagged=0
[15:10:18] DEBUG - 95203003_240518b_23~6595_hr4_2198.tif | pred_pos=0 | gt_pos=0 | diff=0 (0.000) | lcc=0.000 | flagged=0
[15:10:18] DEBUG - 95203003_240518b_23~6595_hr4_2243.tif | pred_pos=0 | gt_pos=0 | diff=0 (0.000) | lcc=0.000 | flagged=0
[15:10:18] DEBUG - 95203003_240518b_23~6595_hr4_2452.tif | pred_pos=0 | gt_pos=0 | diff=0 (0.000) | lcc=0.000 | flagged=0
[15:10:18] DEBUG - 95203003_240518b_23~6595_hr4_4178.tif | pred_pos=0 | gt_pos=0 | diff=0 (0.000) | lcc=0.000 | flagged=0
[15:10:18] DEBUG - 95203003_240518b_23~6595_hr4_4562.tif | pred_pos=0 | gt_pos=0 | diff=0 (0.000) | lcc=0.000 | flagged=0
[15:10:18] DEBUG - 95203003_240518b_23~6595_hr4_554.tif | pred_pos=0 | gt_pos=0 | diff=0 (0.000) | lcc=0.000 | flagged=0
[15:10:18] DEBUG - 95203003_240518b_23~6595_hr4_5575.tif | pred_pos=0 | gt_pos=0 | diff=0 (0.000) | lcc=0.000 | flagged=0
[15:10:18] DEBUG - 95203003_240518b_23~6595_hr4_5731.tif | pred_pos=0 | gt_pos=0 | diff=0 (0.000) | lcc=0.000 | flagged=0
[15:10:18] DEBUG - 95203003_240518b_23~6595_hr4_5778.tif | pred_pos=0 | gt_pos=0 | diff=0 (0.000) | lcc=0.000 | flagged=0
[15:10:18] DEBUG - 95203003_240518b_23~6595_hr4_694.tif | pred_pos=0 | gt_pos=0 | diff=0 (0.000) | lcc=0.000 | flagged=0
[15:10:18] DEBUG - 95203004_240518b_24~6819_hr4c_1632.tif | pred_pos=0 | gt_pos=184 | diff=184 (0.003) | lcc=0.003 | flagged=0
[15:10:18] DEBUG - 95203004_240518b_24~6819_hr4c_1764.tif | pred_pos=0 | gt_pos=0 | diff=0 (0.000) | lcc=0.000 | flagged=0
[15:10:18] DEBUG - 95203004_240518b_24~6819_hr4c_2320.tif | pred_pos=0 | gt_pos=0 | diff=0 (0.000) | lcc=0.000 | flagged=0
[15:10:18] DEBUG - 95203004_240518b_24~6819_hr4c_2476.tif | pred_pos=0 | gt_pos=0 | diff=0 (0.000) | lcc=0.000 | flagged=0
[15:10:18] DEBUG - 95203004_240518b_24~6819_hr4c_2948.tif | pred_pos=0 | gt_pos=0 | diff=0 (0.000) | lcc=0.000 | flagged=0
[15:10:18] DEBUG - 95203004_240518b_24~6819_hr4c_3819.tif | pred_pos=0 | gt_pos=0 | diff=0 (0.000) | lcc=0.000 | flagged=0
[15:10:18] DEBUG - 95203004_240518b_24~6819_hr4c_3847.tif | pred_pos=0 | gt_pos=0 | diff=0 (0.000) | lcc=0.000 | flagged=0
[15:10:18] DEBUG - 95203004_240518b_24~6819_hr4c_427.tif | pred_pos=0 | gt_pos=0 | diff=0 (0.000) | lcc=0.000 | flagged=0
[15:10:18] DEBUG - 95203004_240518b_24~6819_hr4c_4392.tif | pred_pos=0 | gt_pos=0 | diff=0 (0.000) | lcc=0.000 | flagged=0
[15:10:18] DEBUG - 95203004_240518b_24~6819_hr4c_4399.tif | pred_pos=0 | gt_pos=0 | diff=0 (0.000) | lcc=0.000 | flagged=0
[15:10:18] DEBUG - 95203004_240518b_24~6819_hr4c_4681.tif | pred_pos=0 | gt_pos=0 | diff=0 (0.000) | lcc=0.000 | flagged=0
[15:10:18] DEBUG - 95203004_240518b_24~6819_hr4c_4757.tif | pred_pos=0 | gt_pos=0 | diff=0 (0.000) | lcc=0.000 | flagged=0
[15:10:18] DEBUG - 95203004_240518b_24~6819_hr4c_4847.tif | pred_pos=0 | gt_pos=0 | diff=0 (0.000) | lcc=0.000 | flagged=0
[15:10:18] DEBUG - 95203004_240518b_24~6819_hr4c_4980.tif | pred_pos=0 | gt_pos=0 | diff=0 (0.000) | lcc=0.000 | flagged=0
[15:10:18] DEBUG - 95203004_240518b_24~6819_hr4c_5729.tif | pred_pos=0 | gt_pos=0 | diff=0 (0.000) | lcc=0.000 | flagged=0
[15:10:18] DEBUG - 95203004_240518b_24~6819_hr4c_820.tif | pred_pos=0 | gt_pos=0 | diff=0 (0.000) | lcc=0.000 | flagged=0
[15:10:18] DEBUG - 95203004_240518b_24~6819_hr4c_871.tif | pred_pos=0 | gt_pos=0 | diff=0 (0.000) | lcc=0.000 | flagged=0
[15:10:18] DEBUG - 95203004_240518b_24~6819_hr4c_913.tif | pred_pos=0 | gt_pos=0 | diff=0 (0.000) | lcc=0.000 | flagged=0
[15:10:18] DEBUG - 95203032_240518b_22~6363_hr4_1016.tif | pred_pos=0 | gt_pos=0 | diff=0 (0.000) | lcc=0.000 | flagged=0
[15:10:18] DEBUG - 95203032_240518b_22~6363_hr4_2154.tif | pred_pos=0 | gt_pos=0 | diff=0 (0.000) | lcc=0.000 | flagged=0
[15:10:18] DEBUG - 95203032_240518b_22~6363_hr4_3356.tif | pred_pos=0 | gt_pos=0 | diff=0 (0.000) | lcc=0.000 | flagged=0
[15:10:18] DEBUG - 95203032_240518b_22~6363_hr4_3731.tif | pred_pos=0 | gt_pos=0 | diff=0 (0.000) | lcc=0.000 | flagged=0
[15:10:18] DEBUG - 95203032_240518b_22~6363_hr4_5016.tif | pred_pos=0 | gt_pos=0 | diff=0 (0.000) | lcc=0.000 | flagged=0
[15:10:18] DEBUG - 95203032_240518b_22~6363_hr4_5146.tif | pred_pos=0 | gt_pos=0 | diff=0 (0.000) | lcc=0.000 | flagged=0
[15:10:18] DEBUG - 95203032_240518b_22~6363_hr4_5209.tif | pred_pos=0 | gt_pos=0 | diff=0 (0.000) | lcc=0.000 | flagged=0
[15:10:18] DEBUG - 95203032_240518b_22~6363_hr4_5808.tif | pred_pos=0 | gt_pos=0 | diff=0 (0.000) | lcc=0.000 | flagged=0
[15:10:18] DEBUG - 95203032_240518b_22~6363_hr4_714.tif | pred_pos=0 | gt_pos=2 | diff=2 (0.000) | lcc=0.000 | flagged=0
[15:10:18] DEBUG - 95203032_240518b_22~6363_hr4_737.tif | pred_pos=0 | gt_pos=0 | diff=0 (0.000) | lcc=0.000 | flagged=0
[15:10:18] DEBUG - 95204083_240518b_23~6587_hr4_1183.tif | pred_pos=0 | gt_pos=0 | diff=0 (0.000) | lcc=0.000 | flagged=0
[15:10:18] DEBUG - 95204083_240518b_23~6587_hr4_1186.tif | pred_pos=0 | gt_pos=0 | diff=0 (0.000) | lcc=0.000 | flagged=0
[15:10:18] DEBUG - 95204083_240518b_23~6587_hr4_173.tif | pred_pos=0 | gt_pos=0 | diff=0 (0.000) | lcc=0.000 | flagged=0
[15:10:18] DEBUG - 95204083_240518b_23~6587_hr4_2238.tif | pred_pos=0 | gt_pos=0 | diff=0 (0.000) | lcc=0.000 | flagged=0
[15:10:18] DEBUG - 95204083_240518b_23~6587_hr4_2341.tif | pred_pos=0 | gt_pos=0 | diff=0 (0.000) | lcc=0.000 | flagged=0
[15:10:18] DEBUG - 95204083_240518b_23~6587_hr4_2567.tif | pred_pos=0 | gt_pos=0 | diff=0 (0.000) | lcc=0.000 | flagged=0
[15:10:18] DEBUG - 95204083_240518b_23~6587_hr4_2683.tif | pred_pos=0 | gt_pos=0 | diff=0 (0.000) | lcc=0.000 | flagged=0
[15:10:18] DEBUG - 95204083_240518b_23~6587_hr4_3011.tif | pred_pos=0 | gt_pos=0 | diff=0 (0.000) | lcc=0.000 | flagged=0
[15:10:18] DEBUG - 95204083_240518b_23~6587_hr4_3405.tif | pred_pos=0 | gt_pos=0 | diff=0 (0.000) | lcc=0.000 | flagged=0
[15:10:18] DEBUG - 95204083_240518b_23~6587_hr4_3406.tif | pred_pos=0 | gt_pos=0 | diff=0 (0.000) | lcc=0.000 | flagged=0
[15:10:18] DEBUG - 95204083_240518b_23~6587_hr4_3905.tif | pred_pos=0 | gt_pos=0 | diff=0 (0.000) | lcc=0.000 | flagged=0
[15:10:18] DEBUG - 95204083_240518b_23~6587_hr4_4398.tif | pred_pos=0 | gt_pos=0 | diff=0 (0.000) | lcc=0.000 | flagged=0
[15:10:18] DEBUG - 95204083_240518b_23~6587_hr4_4879.tif | pred_pos=0 | gt_pos=32881 | diff=32881 (0.502) | lcc=0.502 | flagged=1
[15:10:18] DEBUG - 95204083_240518b_23~6587_hr4_4952.tif | pred_pos=0 | gt_pos=39776 | diff=39776 (0.607) | lcc=0.607 | flagged=1
[15:10:18] DEBUG - 95204083_240518b_23~6587_hr4_5330.tif | pred_pos=0 | gt_pos=0 | diff=0 (0.000) | lcc=0.000 | flagged=0
[15:10:18] DEBUG - 95204083_240518b_23~6587_hr4_5609.tif | pred_pos=0 | gt_pos=13657 | diff=13657 (0.208) | lcc=0.208 | flagged=0
[15:10:18] DEBUG - 95204084_240518b_24~6811_hr4_1051.tif | pred_pos=0 | gt_pos=0 | diff=0 (0.000) | lcc=0.000 | flagged=0
[15:10:18] DEBUG - 95204084_240518b_24~6811_hr4_1746.tif | pred_pos=0 | gt_pos=0 | diff=0 (0.000) | lcc=0.000 | flagged=0
[15:10:18] DEBUG - 95204084_240518b_24~6811_hr4_1773.tif | pred_pos=0 | gt_pos=0 | diff=0 (0.000) | lcc=0.000 | flagged=0
[15:10:18] DEBUG - 95204084_240518b_24~6811_hr4_2998.tif | pred_pos=0 | gt_pos=0 | diff=0 (0.000) | lcc=0.000 | flagged=0
[15:10:18] DEBUG - 95204084_240518b_24~6811_hr4_3036.tif | pred_pos=0 | gt_pos=0 | diff=0 (0.000) | lcc=0.000 | flagged=0
[15:10:18] DEBUG - 95204084_240518b_24~6811_hr4_3097.tif | pred_pos=0 | gt_pos=0 | diff=0 (0.000) | lcc=0.000 | flagged=0
[15:10:18] DEBUG - 95204084_240518b_24~6811_hr4_3659.tif | pred_pos=0 | gt_pos=0 | diff=0 (0.000) | lcc=0.000 | flagged=0
[15:10:18] DEBUG - 95204084_240518b_24~6811_hr4_3949.tif | pred_pos=0 | gt_pos=0 | diff=0 (0.000) | lcc=0.000 | flagged=0
[15:10:18] DEBUG - 95204084_240518b_24~6811_hr4_4277.tif | pred_pos=0 | gt_pos=0 | diff=0 (0.000) | lcc=0.000 | flagged=0
[15:10:18] DEBUG - 95204084_240518b_24~6811_hr4_4966.tif | pred_pos=0 | gt_pos=29123 | diff=29123 (0.444) | lcc=0.444 | flagged=0
[15:10:18] DEBUG - 95204084_240518b_24~6811_hr4_5182.tif | pred_pos=0 | gt_pos=60250 | diff=60250 (0.919) | lcc=0.919 | flagged=1
[15:10:18] DEBUG - 95204084_240518b_24~6811_hr4_5256.tif | pred_pos=0 | gt_pos=2226 | diff=2226 (0.034) | lcc=0.034 | flagged=0
[15:10:18] DEBUG - 95204084_240518b_24~6811_hr4_5338.tif | pred_pos=0 | gt_pos=290 | diff=290 (0.004) | lcc=0.004 | flagged=0
[15:10:18] DEBUG - 95204084_240518b_24~6811_hr4_5344.tif | pred_pos=0 | gt_pos=16174 | diff=16174 (0.247) | lcc=0.247 | flagged=0
[15:10:18] DEBUG - 95204084_240518b_24~6811_hr4_5491.tif | pred_pos=0 | gt_pos=48712 | diff=48712 (0.743) | lcc=0.743 | flagged=1
[15:10:18] DEBUG - 95204084_240518b_24~6811_hr4_632.tif | pred_pos=0 | gt_pos=0 | diff=0 (0.000) | lcc=0.000 | flagged=0
[15:10:18] DEBUG - 95204093_240518b_23~6591_hr4c_1019.tif | pred_pos=0 | gt_pos=330 | diff=330 (0.005) | lcc=0.005 | flagged=0
[15:10:18] DEBUG - 95204093_240518b_23~6591_hr4c_1097.tif | pred_pos=0 | gt_pos=53180 | diff=53180 (0.811) | lcc=0.811 | flagged=1
[15:10:18] DEBUG - 95204093_240518b_23~6591_hr4c_1172.tif | pred_pos=0 | gt_pos=60927 | diff=60927 (0.930) | lcc=0.930 | flagged=1
[15:10:18] DEBUG - 95204093_240518b_23~6591_hr4c_2280.tif | pred_pos=0 | gt_pos=4687 | diff=4687 (0.072) | lcc=0.072 | flagged=0
[15:10:18] DEBUG - 95204093_240518b_23~6591_hr4c_2350.tif | pred_pos=0 | gt_pos=0 | diff=0 (0.000) | lcc=0.000 | flagged=0
[15:10:18] DEBUG - 95204093_240518b_23~6591_hr4c_2451.tif | pred_pos=0 | gt_pos=0 | diff=0 (0.000) | lcc=0.000 | flagged=0
[15:10:18] DEBUG - 95204093_240518b_23~6591_hr4c_2511.tif | pred_pos=0 | gt_pos=0 | diff=0 (0.000) | lcc=0.000 | flagged=0
[15:10:18] DEBUG - 95204093_240518b_23~6591_hr4c_2551.tif | pred_pos=0 | gt_pos=0 | diff=0 (0.000) | lcc=0.000 | flagged=0
[15:10:18] DEBUG - 95204093_240518b_23~6591_hr4c_2764.tif | pred_pos=0 | gt_pos=0 | diff=0 (0.000) | lcc=0.000 | flagged=0
[15:10:18] DEBUG - 95204093_240518b_23~6591_hr4c_357.tif | pred_pos=0 | gt_pos=47439 | diff=47439 (0.724) | lcc=0.724 | flagged=1
[15:10:18] DEBUG - 95204093_240518b_23~6591_hr4c_4212.tif | pred_pos=0 | gt_pos=0 | diff=0 (0.000) | lcc=0.000 | flagged=0
[15:10:18] DEBUG - 95204093_240518b_23~6591_hr4c_438.tif | pred_pos=0 | gt_pos=0 | diff=0 (0.000) | lcc=0.000 | flagged=0
[15:10:18] DEBUG - 95204093_240518b_23~6591_hr4c_4418.tif | pred_pos=0 | gt_pos=31688 | diff=31688 (0.484) | lcc=0.484 | flagged=0
[15:10:18] DEBUG - 95204093_240518b_23~6591_hr4c_4500.tif | pred_pos=0 | gt_pos=5752 | diff=5752 (0.088) | lcc=0.088 | flagged=0
[15:10:18] DEBUG - 95204093_240518b_23~6591_hr4c_4723.tif | pred_pos=0 | gt_pos=21610 | diff=21610 (0.330) | lcc=0.330 | flagged=0
[15:10:18] DEBUG - 95204093_240518b_23~6591_hr4c_4929.tif | pred_pos=0 | gt_pos=15801 | diff=15801 (0.241) | lcc=0.241 | flagged=0
[15:10:18] DEBUG - 95204093_240518b_23~6591_hr4c_5003.tif | pred_pos=0 | gt_pos=40054 | diff=40054 (0.611) | lcc=0.611 | flagged=1
[15:10:22] DEBUG - 95204093_240518b_23~6591_hr4c_5078.tif | pred_pos=0 | gt_pos=2432 | diff=2432 (0.037) | lcc=0.037 | flagged=0
[15:10:22] DEBUG - 95204093_240518b_23~6591_hr4c_5093.tif | pred_pos=0 | gt_pos=0 | diff=0 (0.000) | lcc=0.000 | flagged=0
[15:10:22] DEBUG - 95204093_240518b_23~6591_hr4c_5379.tif | pred_pos=0 | gt_pos=0 | diff=0 (0.000) | lcc=0.000 | flagged=0
[15:10:22] DEBUG - 95204093_240518b_23~6591_hr4c_5572.tif | pred_pos=0 | gt_pos=0 | diff=0 (0.000) | lcc=0.000 | flagged=0
[15:10:22] DEBUG - 95204094_240518b_24~6815_hr4_1173.tif | pred_pos=0 | gt_pos=0 | diff=0 (0.000) | lcc=0.000 | flagged=0
[15:10:22] DEBUG - 95204094_240518b_24~6815_hr4_1189.tif | pred_pos=0 | gt_pos=0 | diff=0 (0.000) | lcc=0.000 | flagged=0
[15:10:22] DEBUG - 95204094_240518b_24~6815_hr4_1282.tif | pred_pos=0 | gt_pos=0 | diff=0 (0.000) | lcc=0.000 | flagged=0
[15:10:22] DEBUG - 95204094_240518b_24~6815_hr4_1429.tif | pred_pos=0 | gt_pos=0 | diff=0 (0.000) | lcc=0.000 | flagged=0
[15:10:22] DEBUG - 95204094_240518b_24~6815_hr4_1834.tif | pred_pos=0 | gt_pos=5291 | diff=5291 (0.081) | lcc=0.081 | flagged=0
[15:10:22] DEBUG - 95204094_240518b_24~6815_hr4_1909.tif | pred_pos=0 | gt_pos=36344 | diff=36344 (0.555) | lcc=0.555 | flagged=1
[15:10:22] DEBUG - 95204094_240518b_24~6815_hr4_1982.tif | pred_pos=0 | gt_pos=2136 | diff=2136 (0.033) | lcc=0.033 | flagged=0
[15:10:22] DEBUG - 95204094_240518b_24~6815_hr4_2019.tif | pred_pos=0 | gt_pos=32590 | diff=32590 (0.497) | lcc=0.497 | flagged=0
[15:10:22] DEBUG - 95204094_240518b_24~6815_hr4_2295.tif | pred_pos=0 | gt_pos=0 | diff=0 (0.000) | lcc=0.000 | flagged=0
[15:10:22] DEBUG - 95204094_240518b_24~6815_hr4_2355.tif | pred_pos=0 | gt_pos=0 | diff=0 (0.000) | lcc=0.000 | flagged=0
[15:10:22] DEBUG - 95204094_240518b_24~6815_hr4_2367.tif | pred_pos=0 | gt_pos=3099 | diff=3099 (0.047) | lcc=0.047 | flagged=0
[15:10:22] DEBUG - 95204094_240518b_24~6815_hr4_2377.tif | pred_pos=0 | gt_pos=1351 | diff=1351 (0.021) | lcc=0.021 | flagged=0
[15:10:22] DEBUG - 95204094_240518b_24~6815_hr4_2582.tif | pred_pos=0 | gt_pos=0 | diff=0 (0.000) | lcc=0.000 | flagged=0
[15:10:22] DEBUG - 95204094_240518b_24~6815_hr4_2619.tif | pred_pos=0 | gt_pos=8020 | diff=8020 (0.122) | lcc=0.122 | flagged=0
[15:10:22] DEBUG - 95204094_240518b_24~6815_hr4_3213.tif | pred_pos=0 | gt_pos=0 | diff=0 (0.000) | lcc=0.000 | flagged=0
[15:10:22] DEBUG - 95204094_240518b_24~6815_hr4_3669.tif | pred_pos=0 | gt_pos=12983 | diff=12983 (0.198) | lcc=0.198 | flagged=0
[15:10:22] DEBUG - 95204094_240518b_24~6815_hr4_3674.tif | pred_pos=0 | gt_pos=1473 | diff=1473 (0.022) | lcc=0.022 | flagged=0
[15:10:22] DEBUG - 95204094_240518b_24~6815_hr4_4056.tif | pred_pos=0 | gt_pos=24064 | diff=24064 (0.367) | lcc=0.367 | flagged=0
[15:10:22] DEBUG - 95204094_240518b_24~6815_hr4_4092.tif | pred_pos=0 | gt_pos=0 | diff=0 (0.000) | lcc=0.000 | flagged=0
[15:10:22] DEBUG - 95204094_240518b_24~6815_hr4_4271.tif | pred_pos=0 | gt_pos=15005 | diff=15005 (0.229) | lcc=0.229 | flagged=0
[15:10:22] DEBUG - 95204094_240518b_24~6815_hr4_4341.tif | pred_pos=0 | gt_pos=605 | diff=605 (0.009) | lcc=0.009 | flagged=0
[15:10:22] DEBUG - 95204094_240518b_24~6815_hr4_4814.tif | pred_pos=0 | gt_pos=0 | diff=0 (0.000) | lcc=0.000 | flagged=0
[15:10:22] DEBUG - 95204094_240518b_24~6815_hr4_510.tif | pred_pos=0 | gt_pos=0 | diff=0 (0.000) | lcc=0.000 | flagged=0
[15:10:22] DEBUG - 95204094_240518b_24~6815_hr4_5486.tif | pred_pos=0 | gt_pos=0 | diff=0 (0.000) | lcc=0.000 | flagged=0
[15:10:22] DEBUG - 95204094_240518b_24~6815_hr4_777.tif | pred_pos=0 | gt_pos=0 | diff=0 (0.000) | lcc=0.000 | flagged=0
[15:10:22] DEBUG - 95204094_240518b_24~6815_hr4_82.tif | pred_pos=0 | gt_pos=6 | diff=6 (0.000) | lcc=0.000 | flagged=0
[15:10:22] DEBUG - 95204094_240518b_24~6815_hr4_91.tif | pred_pos=0 | gt_pos=20678 | diff=20678 (0.316) | lcc=0.316 | flagged=0
[15:10:22] INFO - =======================================================
[15:10:22] INFO - Summary | Checkpoint: checkpoint_correct_mcr_1_epoch_50.pth
[15:10:22] INFO - Total images    : 6431
[15:10:22] INFO - Flagged         : 1619 (25.2%)
[15:10:22] INFO - Not flagged     : 4812 (74.8%)
[15:10:22] INFO - Threshold used  : 0.5
[15:10:22] INFO - Elapsed time    : 0:03:25.996019
[15:10:22] INFO - CSV saved to    : D:\aio2_results_2\corn_dataset\inference_results\mislabel_epoch50_correct.csv
[15:10:22] INFO - Pred tifs saved : D:\aio2_results_2\corn_dataset\inference_results\pred_masks_epoch50_correct
[15:10:22] INFO - =======================================================
